[0m00:50:56.201070 [debug] [MainThread]: Sending event: {'category': 'dbt', 'action': 'invocation', 'label': 'start', 'context': [<snowplow_tracker.self_describing_json.SelfDescribingJson object at 0x0000016AEDDF2DE0>, <snowplow_tracker.self_describing_json.SelfDescribingJson object at 0x0000016AF0CBB320>, <snowplow_tracker.self_describing_json.SelfDescribingJson object at 0x0000016AF0736780>]}


============================== 00:50:56.217137 | 00a92ee3-ba8a-42ae-afba-521590d1c0b1 ==============================
[0m00:50:56.217137 [info ] [MainThread]: Running with dbt=1.12.5
[0m00:50:56.217137 [debug] [MainThread]: running dbt with arguments {'maximum_seed_size_mib': '1', 'no_print': 'None', 'static_parser': 'True', 'warn_error_options': 'WarnErrorOptionsV2(error=[], warn=[], silence=[])', 'target_path': 'None', 'version_check': 'True', 'printer_width': '80', 'write_json': 'True', 'introspect': 'True', 'log_cache_events': 'False', 'empty': 'None', 'cache_selected_only': 'False', 'log_format': 'default', 'debug': 'False', 'fail_fast': 'False', 'partial_parse': 'True', 'send_anonymous_usage_stats': 'True', 'quiet': 'False', 'warn_error': 'None', 'profiles_dir': '.', 'indirect_selection': 'eager', 'hints_enabled': 'True', 'use_colors': 'True', 'use_experimental_parser': 'False', 'invocation_command': 'dbt debug --profiles-dir .', 'log_path': 'C:\\Users\\ubedu\\projects\\oss-intel\\logs'}
[0m00:50:56.255212 [info ] [MainThread]: dbt version: 1.12.5
[0m00:50:56.256213 [info ] [MainThread]: python version: 3.12.5
[0m00:50:56.257210 [info ] [MainThread]: python path: C:\Users\ubedu\projects\oss-intel\.venv\Scripts\python.exe
[0m00:50:56.257210 [info ] [MainThread]: os info: Windows-11-10.0.26200-SP0
[0m00:50:56.835914 [info ] [MainThread]: Using profiles dir at .
[0m00:50:56.835914 [info ] [MainThread]: Using profiles.yml file at .\profiles.yml
[0m00:50:56.835914 [info ] [MainThread]: Using dbt_project.yml file at C:\Users\ubedu\projects\oss-intel\dbt_project.yml
[0m00:50:56.893923 [info ] [MainThread]: adapter type: duckdb
[0m00:50:56.894293 [info ] [MainThread]: adapter version: 1.11.0
[0m00:50:57.022545 [info ] [MainThread]: Configuration:
[0m00:50:57.022545 [info ] [MainThread]:   profiles.yml file [[32mOK found and valid[0m]
[0m00:50:57.022545 [info ] [MainThread]:   dbt_project.yml file [[32mOK found and valid[0m]
[0m00:50:57.022545 [info ] [MainThread]: Required dependencies:
[0m00:50:57.022545 [debug] [MainThread]: Executing "git --help"
[0m00:50:57.084415 [debug] [MainThread]: STDOUT: "b"usage: git [-v | --version] [-h | --help] [-C <path>] [-c <name>=<value>]\n           [--exec-path[=<path>]] [--html-path] [--man-path] [--info-path]\n           [-p | --paginate | -P | --no-pager] [--no-replace-objects] [--no-lazy-fetch]\n           [--no-optional-locks] [--no-advice] [--bare] [--git-dir=<path>]\n           [--work-tree=<path>] [--namespace=<name>] [--config-env=<name>=<envvar>]\n           <command> [<args>]\n\nThese are common Git commands used in various situations:\n\nstart a working area (see also: git help tutorial)\n   clone      Clone a repository into a new directory\n   init       Create an empty Git repository or reinitialize an existing one\n\nwork on the current change (see also: git help everyday)\n   add        Add file contents to the index\n   mv         Move or rename a file, a directory, or a symlink\n   restore    Restore working tree files\n   rm         Remove files from the working tree and from the index\n\nexamine the history and state (see also: git help revisions)\n   bisect     Use binary search to find the commit that introduced a bug\n   diff       Show changes between commits, commit and working tree, etc\n   grep       Print lines matching a pattern\n   log        Show commit logs\n   show       Show various types of objects\n   status     Show the working tree status\n\ngrow, mark and tweak your common history\n   backfill   Download missing objects in a partial clone\n   branch     List, create, or delete branches\n   commit     Record changes to the repository\n   history    EXPERIMENTAL: Rewrite history\n   merge      Join two or more development histories together\n   rebase     Reapply commits on top of another base tip\n   reset      Set `HEAD` or the index to a known state\n   switch     Switch branches\n   tag        Create, list, delete or verify tags\n\ncollaborate (see also: git help workflows)\n   fetch      Download objects and refs from another repository\n   pull       Fetch from and integrate with another repository or a local branch\n   push       Update remote refs along with associated objects\n\n'git help -a' and 'git help -g' list available subcommands and some\nconcept guides. See 'git help <command>' or 'git help <concept>'\nto read about a specific subcommand or concept.\nSee 'git help git' for an overview of the system.\n""
[0m00:50:57.084415 [debug] [MainThread]: STDERR: "b''"
[0m00:50:57.084415 [info ] [MainThread]:  - git [[32mOK found[0m]

[0m00:50:57.084415 [info ] [MainThread]: Connection:
[0m00:50:57.084415 [info ] [MainThread]:   database: oss
[0m00:50:57.084415 [info ] [MainThread]:   schema: main
[0m00:50:57.084415 [info ] [MainThread]:   path: warehouse/oss.duckdb
[0m00:50:57.084415 [info ] [MainThread]:   config_options: None
[0m00:50:57.084415 [info ] [MainThread]:   extensions: None
[0m00:50:57.084415 [info ] [MainThread]:   settings: {}
[0m00:50:57.084415 [info ] [MainThread]:   external_root: .
[0m00:50:57.084415 [info ] [MainThread]:   use_credential_provider: None
[0m00:50:57.084415 [info ] [MainThread]:   attach: None
[0m00:50:57.084415 [info ] [MainThread]:   filesystems: None
[0m00:50:57.084415 [info ] [MainThread]:   remote: None
[0m00:50:57.084415 [info ] [MainThread]:   plugins: None
[0m00:50:57.084415 [info ] [MainThread]:   disable_transactions: False
[0m00:50:57.084415 [info ] [MainThread]: Registered adapter: duckdb=1.11.0
[0m00:50:57.340953 [debug] [MainThread]: Acquiring new duckdb connection 'debug'
[0m00:51:02.231744 [debug] [MainThread]: Using duckdb connection "debug"
[0m00:51:02.231744 [debug] [MainThread]: On debug: select 1 as id
[0m00:51:02.247735 [debug] [MainThread]: Opening a new connection, currently in state init
[0m00:51:02.311539 [debug] [MainThread]: SQL status: OK in 0.063 seconds
[0m00:51:02.313469 [debug] [MainThread]: On debug: Close
[0m00:51:02.315763 [info ] [MainThread]:   Connection test: [[32mOK connection ok[0m]

[0m00:51:02.317282 [info ] [MainThread]: [32mAll checks passed![0m
[0m00:51:02.320368 [debug] [MainThread]: Command `dbt debug` succeeded at 00:51:02.320368 after 6.28 seconds
[0m00:51:02.321732 [debug] [MainThread]: Connection 'debug' was properly closed.
[0m00:51:02.322858 [debug] [MainThread]: Sending event: {'category': 'dbt', 'action': 'invocation', 'label': 'end', 'context': [<snowplow_tracker.self_describing_json.SelfDescribingJson object at 0x0000016AEDDF2DE0>, <snowplow_tracker.self_describing_json.SelfDescribingJson object at 0x0000016AF2B0E510>, <snowplow_tracker.self_describing_json.SelfDescribingJson object at 0x0000016AF2B0C710>]}
[0m00:51:02.323856 [debug] [MainThread]: Flushing usage events
[0m00:51:04.396684 [debug] [MainThread]: An error was encountered while trying to flush usage events
[0m00:51:21.380693 [debug] [MainThread]: Sending event: {'category': 'dbt', 'action': 'invocation', 'label': 'start', 'context': [<snowplow_tracker.self_describing_json.SelfDescribingJson object at 0x00000262173E7950>, <snowplow_tracker.self_describing_json.SelfDescribingJson object at 0x000002621705B3B0>, <snowplow_tracker.self_describing_json.SelfDescribingJson object at 0x0000026212FFA330>]}


============================== 00:51:21.395897 | 9541f982-e22e-49d3-afdf-9050aa272c29 ==============================
[0m00:51:21.395897 [info ] [MainThread]: Running with dbt=1.12.5
[0m00:51:21.395897 [debug] [MainThread]: running dbt with arguments {'maximum_seed_size_mib': '1', 'no_print': 'None', 'static_parser': 'True', 'target_path': 'None', 'warn_error_options': 'WarnErrorOptionsV2(error=[], warn=[], silence=[])', 'version_check': 'True', 'printer_width': '80', 'write_json': 'True', 'introspect': 'True', 'log_cache_events': 'False', 'empty': 'False', 'cache_selected_only': 'False', 'log_format': 'default', 'debug': 'False', 'fail_fast': 'False', 'partial_parse': 'True', 'send_anonymous_usage_stats': 'True', 'quiet': 'False', 'warn_error': 'None', 'profiles_dir': '.', 'indirect_selection': 'eager', 'hints_enabled': 'True', 'use_colors': 'True', 'use_experimental_parser': 'False', 'invocation_command': 'dbt build --profiles-dir .', 'log_path': 'C:\\Users\\ubedu\\projects\\oss-intel\\logs'}
[0m00:51:21.762929 [debug] [MainThread]: Sending event: {'category': 'dbt', 'action': 'project_id', 'label': '9541f982-e22e-49d3-afdf-9050aa272c29', 'context': [<snowplow_tracker.self_describing_json.SelfDescribingJson object at 0x00000262173E4BF0>]}
[0m00:51:21.825709 [debug] [MainThread]: Sending event: {'category': 'dbt', 'action': 'adapter_info', 'label': '9541f982-e22e-49d3-afdf-9050aa272c29', 'context': [<snowplow_tracker.self_describing_json.SelfDescribingJson object at 0x000002621597B050>]}
[0m00:51:21.825709 [info ] [MainThread]: Registered adapter: duckdb=1.11.0
[0m00:51:22.087643 [debug] [MainThread]: checksum: 7df6d4a785be419a82a28629a0a9d1272444ef023b256f90b78bcec6eba9dcfd, vars: {}, profile: oss_intel, target: dev, version: 1.12.5
[0m00:51:22.088643 [info ] [MainThread]: Unable to do partial parsing because saved manifest not found. Starting full parse.
[0m00:51:22.089643 [debug] [MainThread]: Sending event: {'category': 'dbt', 'action': 'partial_parser', 'label': '9541f982-e22e-49d3-afdf-9050aa272c29', 'context': [<snowplow_tracker.self_describing_json.SelfDescribingJson object at 0x0000026214C79F40>]}
[0m00:51:25.128089 [warn ] [MainThread]: [[33mWARNING[0m][MissingArgumentsPropertyInGenericTestDeprecation]: Deprecated
functionality
Found top-level arguments to test `accepted_values` defined on 'dim_repo' in
package 'oss_intel' (models\marts\schema.yml). Arguments to generic tests should
be nested under the `arguments` property.
[0m00:51:25.128089 [debug] [MainThread]: Sending event: {'category': 'dbt', 'action': 'deprecation', 'label': '9541f982-e22e-49d3-afdf-9050aa272c29', 'property_': 'warn', 'context': [<snowplow_tracker.self_describing_json.SelfDescribingJson object at 0x0000026218FFB680>]}
[0m00:51:25.240447 [debug] [MainThread]: Sending event: {'category': 'dbt', 'action': 'load_project', 'label': '9541f982-e22e-49d3-afdf-9050aa272c29', 'context': [<snowplow_tracker.self_describing_json.SelfDescribingJson object at 0x0000026218FAC200>]}
[0m00:51:25.344786 [debug] [MainThread]: Wrote artifact WritableManifest to C:\Users\ubedu\projects\oss-intel\target\manifest.json
[0m00:51:25.385381 [debug] [MainThread]: Wrote artifact SemanticManifest to C:\Users\ubedu\projects\oss-intel\target\semantic_manifest.json
[0m00:51:25.430171 [debug] [MainThread]: Wrote artifact OsiDocument to C:\Users\ubedu\projects\oss-intel\target\osi_document.json
[0m00:51:25.470956 [debug] [MainThread]: Sending event: {'category': 'dbt', 'action': 'resource_counts', 'label': '9541f982-e22e-49d3-afdf-9050aa272c29', 'context': [<snowplow_tracker.self_describing_json.SelfDescribingJson object at 0x000002621913AFC0>]}
[0m00:51:25.470956 [info ] [MainThread]: Found 15 models, 20 data tests, 4 seeds, 500 macros
[0m00:51:25.475017 [info ] [MainThread]: 
[0m00:51:25.476008 [info ] [MainThread]: Concurrency: 4 threads (target='dev')
[0m00:51:25.476554 [info ] [MainThread]: 
[0m00:51:25.477064 [debug] [MainThread]: Acquiring new duckdb connection 'master'
[0m00:51:25.481968 [debug] [ThreadPool]: Acquiring new duckdb connection 'list_oss'
[0m00:51:25.626581 [debug] [ThreadPool]: Using duckdb connection "list_oss"
[0m00:51:25.626889 [debug] [ThreadPool]: On list_oss: /* {"app": "dbt", "dbt_version": "1.12.5", "profile_name": "oss_intel", "target_name": "dev", "connection_name": "list_oss"} */

    
    select schema_name
    from system.information_schema.schemata
    
    where lower(catalog_name) = '"oss"'
    
  
  
[0m00:51:25.626889 [debug] [ThreadPool]: Opening a new connection, currently in state init
[0m00:51:25.694615 [debug] [ThreadPool]: SQL status: OK in 0.069 seconds
[0m00:51:25.694615 [debug] [ThreadPool]: On list_oss: Close
[0m00:51:25.694615 [debug] [ThreadPool]: Re-using an available connection from the pool (formerly list_oss, now create_oss_main)
[0m00:51:25.701562 [debug] [ThreadPool]: Creating schema "database: "oss"
schema: "main"
"
[0m00:51:25.702572 [debug] [ThreadPool]: Using duckdb connection "create_oss_main"
[0m00:51:25.702572 [debug] [ThreadPool]: On create_oss_main: /* {"app": "dbt", "dbt_version": "1.12.5", "profile_name": "oss_intel", "target_name": "dev", "connection_name": "create_oss_main"} */

    
        select type from duckdb_databases()
        where lower(database_name)='oss'
        and type != 'duckdb'
    
  
[0m00:51:25.702572 [debug] [ThreadPool]: Opening a new connection, currently in state closed
[0m00:51:25.710288 [debug] [ThreadPool]: SQL status: OK in 0.001 seconds
[0m00:51:25.710651 [debug] [ThreadPool]: Using duckdb connection "create_oss_main"
[0m00:51:25.710651 [debug] [ThreadPool]: On create_oss_main: BEGIN
[0m00:51:25.710651 [debug] [ThreadPool]: SQL status: OK in 0.000 seconds
[0m00:51:25.710651 [debug] [ThreadPool]: Using duckdb connection "create_oss_main"
[0m00:51:25.710651 [debug] [ThreadPool]: On create_oss_main: /* {"app": "dbt", "dbt_version": "1.12.5", "profile_name": "oss_intel", "target_name": "dev", "connection_name": "create_oss_main"} */

    
    
        create schema if not exists "oss"."main"
    
[0m00:51:25.710651 [debug] [ThreadPool]: SQL status: OK in 0.001 seconds
[0m00:51:25.710651 [debug] [ThreadPool]: On create_oss_main: COMMIT
[0m00:51:25.710651 [debug] [ThreadPool]: Using duckdb connection "create_oss_main"
[0m00:51:25.710651 [debug] [ThreadPool]: On create_oss_main: COMMIT
[0m00:51:25.710651 [debug] [ThreadPool]: SQL status: OK in 0.000 seconds
[0m00:51:25.710651 [debug] [ThreadPool]: On create_oss_main: Close
[0m00:51:25.710651 [debug] [ThreadPool]: Acquiring new duckdb connection 'list_oss_main'
[0m00:51:25.719122 [debug] [ThreadPool]: Using duckdb connection "list_oss_main"
[0m00:51:25.719122 [debug] [ThreadPool]: On list_oss_main: BEGIN
[0m00:51:25.719122 [debug] [ThreadPool]: Opening a new connection, currently in state init
[0m00:51:25.719122 [debug] [ThreadPool]: SQL status: OK in 0.001 seconds
[0m00:51:25.719122 [debug] [ThreadPool]: Using duckdb connection "list_oss_main"
[0m00:51:25.719122 [debug] [ThreadPool]: On list_oss_main: /* {"app": "dbt", "dbt_version": "1.12.5", "profile_name": "oss_intel", "target_name": "dev", "connection_name": "list_oss_main"} */
select
      'oss' as database,
      table_name as name,
      table_schema as schema,
      CASE table_type
        WHEN 'BASE TABLE' THEN 'table'
        WHEN 'VIEW' THEN 'view'
        WHEN 'LOCAL TEMPORARY' THEN 'table'
        END as type
    from system.information_schema.tables
    where lower(table_schema) = 'main'
    and lower(table_catalog) = 'oss'
  
[0m00:51:25.727427 [debug] [ThreadPool]: SQL status: OK in 0.006 seconds
[0m00:51:25.727427 [debug] [ThreadPool]: On list_oss_main: ROLLBACK
[0m00:51:25.727427 [debug] [ThreadPool]: On list_oss_main: Close
[0m00:51:25.727427 [debug] [MainThread]: Sending event: {'category': 'dbt', 'action': 'runnable_timing', 'label': '9541f982-e22e-49d3-afdf-9050aa272c29', 'context': [<snowplow_tracker.self_describing_json.SelfDescribingJson object at 0x0000026219200BC0>]}
[0m00:51:25.727427 [debug] [MainThread]: Using duckdb connection "master"
[0m00:51:25.727427 [debug] [MainThread]: On master: BEGIN
[0m00:51:25.727427 [debug] [MainThread]: Opening a new connection, currently in state init
[0m00:51:25.727427 [debug] [MainThread]: SQL status: OK in 0.000 seconds
[0m00:51:25.727427 [debug] [MainThread]: On master: COMMIT
[0m00:51:25.727427 [debug] [MainThread]: Using duckdb connection "master"
[0m00:51:25.727427 [debug] [MainThread]: On master: COMMIT
[0m00:51:25.727427 [debug] [MainThread]: SQL status: OK in 0.000 seconds
[0m00:51:25.727427 [debug] [MainThread]: On master: Close
[0m00:51:25.735772 [debug] [Thread-1 (]: Began running node model.oss_intel.stg_releases
[0m00:51:25.735772 [debug] [Thread-2 (]: Began running node model.oss_intel.stg_scorecard
[0m00:51:25.739344 [debug] [Thread-3 (]: Began running node seed.oss_intel.bots
[0m00:51:25.739344 [debug] [Thread-4 (]: Began running node seed.oss_intel.label_map
[0m00:51:25.739344 [info ] [Thread-1 (]: 1 of 39 START sql view model main.stg_releases ................................. [RUN]
[0m00:51:25.739344 [info ] [Thread-2 (]: 2 of 39 START sql view model main.stg_scorecard ................................ [RUN]
[0m00:51:25.739344 [debug] [Thread-1 (]: Acquiring new duckdb connection 'model.oss_intel.stg_releases'
[0m00:51:25.739344 [info ] [Thread-3 (]: 3 of 39 START seed file main.bots .............................................. [RUN]
[0m00:51:25.739344 [debug] [Thread-2 (]: Acquiring new duckdb connection 'model.oss_intel.stg_scorecard'
[0m00:51:25.739344 [debug] [Thread-1 (]: Began compiling node model.oss_intel.stg_releases
[0m00:51:25.739344 [info ] [Thread-4 (]: 4 of 39 START seed file main.label_map ......................................... [RUN]
[0m00:51:25.739344 [debug] [Thread-3 (]: Acquiring new duckdb connection 'seed.oss_intel.bots'
[0m00:51:25.743075 [debug] [Thread-2 (]: Began compiling node model.oss_intel.stg_scorecard
[0m00:51:25.743985 [debug] [Thread-1 (]: Writing injected SQL for node "model.oss_intel.stg_releases"
[0m00:51:25.743985 [debug] [Thread-4 (]: Acquiring new duckdb connection 'seed.oss_intel.label_map'
[0m00:51:25.743985 [debug] [Thread-3 (]: Began compiling node seed.oss_intel.bots
[0m00:51:25.743985 [debug] [Thread-2 (]: Writing injected SQL for node "model.oss_intel.stg_scorecard"
[0m00:51:25.743985 [debug] [Thread-4 (]: Began compiling node seed.oss_intel.label_map
[0m00:51:25.743985 [debug] [Thread-3 (]: Began executing node seed.oss_intel.bots
[0m00:51:25.743985 [debug] [Thread-4 (]: Began executing node seed.oss_intel.label_map
[0m00:51:25.777398 [debug] [Thread-4 (]: Using duckdb connection "seed.oss_intel.label_map"
[0m00:51:25.777398 [debug] [Thread-4 (]: On seed.oss_intel.label_map: BEGIN
[0m00:51:25.777398 [debug] [Thread-1 (]: Began executing node model.oss_intel.stg_releases
[0m00:51:25.777398 [debug] [Thread-4 (]: Opening a new connection, currently in state init
[0m00:51:25.777398 [debug] [Thread-3 (]: Using duckdb connection "seed.oss_intel.bots"
[0m00:51:25.801731 [debug] [Thread-1 (]: Writing runtime sql for node "model.oss_intel.stg_releases"
[0m00:51:25.801731 [debug] [Thread-3 (]: On seed.oss_intel.bots: BEGIN
[0m00:51:25.803009 [debug] [Thread-2 (]: Began executing node model.oss_intel.stg_scorecard
[0m00:51:25.803009 [debug] [Thread-4 (]: SQL status: OK in 0.023 seconds
[0m00:51:25.803009 [debug] [Thread-3 (]: Opening a new connection, currently in state init
[0m00:51:25.805016 [debug] [Thread-2 (]: Writing runtime sql for node "model.oss_intel.stg_scorecard"
[0m00:51:25.806011 [debug] [Thread-4 (]: Using duckdb connection "seed.oss_intel.label_map"
[0m00:51:25.807005 [debug] [Thread-4 (]: On seed.oss_intel.label_map: /* {"app": "dbt", "dbt_version": "1.12.5", "profile_name": "oss_intel", "target_name": "dev", "node_id": "seed.oss_intel.label_map"} */

    create table "oss"."main"."label_map" ("raw_label_pattern" text,"normalized_label" text)
  
[0m00:51:25.807005 [debug] [Thread-3 (]: SQL status: OK in 0.004 seconds
[0m00:51:25.808007 [debug] [Thread-3 (]: Using duckdb connection "seed.oss_intel.bots"
[0m00:51:25.808722 [debug] [Thread-3 (]: On seed.oss_intel.bots: /* {"app": "dbt", "dbt_version": "1.12.5", "profile_name": "oss_intel", "target_name": "dev", "node_id": "seed.oss_intel.bots"} */

    create table "oss"."main"."bots" ("login" text)
  
[0m00:51:25.809890 [debug] [Thread-1 (]: Using duckdb connection "model.oss_intel.stg_releases"
[0m00:51:25.810565 [debug] [Thread-1 (]: On model.oss_intel.stg_releases: BEGIN
[0m00:51:25.810565 [debug] [Thread-1 (]: Opening a new connection, currently in state init
[0m00:51:25.810565 [debug] [Thread-4 (]: SQL status: OK in 0.003 seconds
[0m00:51:25.811843 [debug] [Thread-2 (]: Using duckdb connection "model.oss_intel.stg_scorecard"
[0m00:51:25.811843 [debug] [Thread-3 (]: SQL status: OK in 0.003 seconds
[0m00:51:25.812842 [debug] [Thread-1 (]: SQL status: OK in 0.002 seconds
[0m00:51:25.825000 [debug] [Thread-2 (]: On model.oss_intel.stg_scorecard: BEGIN
[0m00:51:25.825000 [debug] [Thread-4 (]: Using duckdb connection "seed.oss_intel.label_map"
[0m00:51:25.826106 [debug] [Thread-3 (]: Using duckdb connection "seed.oss_intel.bots"
[0m00:51:25.827012 [debug] [Thread-1 (]: Using duckdb connection "model.oss_intel.stg_releases"
[0m00:51:25.827012 [debug] [Thread-2 (]: Opening a new connection, currently in state init
[0m00:51:25.828108 [debug] [Thread-4 (]: On seed.oss_intel.label_map: 
          COPY "oss"."main"."label_map" FROM 'C:\Users\ubedu\projects\oss-intel\seeds\label_map.csv' (FORMAT CSV, HEADER TRUE, DELIMITER ',')
        ...
[0m00:51:25.828108 [debug] [Thread-3 (]: On seed.oss_intel.bots: 
          COPY "oss"."main"."bots" FROM 'C:\Users\ubedu\projects\oss-intel\seeds\bots.csv' (FORMAT CSV, HEADER TRUE, DELIMITER ',')
        ...
[0m00:51:25.829108 [debug] [Thread-1 (]: On model.oss_intel.stg_releases: /* {"app": "dbt", "dbt_version": "1.12.5", "profile_name": "oss_intel", "target_name": "dev", "node_id": "model.oss_intel.stg_releases"} */

  
  create view "oss"."main"."stg_releases__dbt_tmp" as (
    with src as (

    select * from read_parquet('data/raw/releases/**/*.parquet', union_by_name = true)

)

select distinct
    cast(repo_id as bigint) as repo_id,
    tag_name,
    published_at
from src
where published_at is not null
  );

[0m00:51:25.831110 [debug] [Thread-2 (]: SQL status: OK in 0.003 seconds
[0m00:51:25.831110 [debug] [Thread-2 (]: Using duckdb connection "model.oss_intel.stg_scorecard"
[0m00:51:25.832112 [debug] [Thread-2 (]: On model.oss_intel.stg_scorecard: /* {"app": "dbt", "dbt_version": "1.12.5", "profile_name": "oss_intel", "target_name": "dev", "node_id": "model.oss_intel.stg_scorecard"} */

  
  create view "oss"."main"."stg_scorecard__dbt_tmp" as (
    -- OpenSSF Scorecard: the one signal in this project computed by someone else.
-- Coverage is partial (26/30) because the REST API only serves projects that
-- opted in with publish_results: true. Missing is null, never zero.
with src as (

    select * from read_parquet('data/raw/scorecard/**/*.parquet', union_by_name = true)

),

ranked as (

    select
        cast(repo_id as bigint) as repo_id,
        scorecard_date,
        scorecard_overall,
        check_maintained,
        check_code_review,
        check_vulnerabilities,
        source,
        row_number() over (partition by repo_id order by scorecard_date desc) as rn
    from src
    where repo_id is not null

)

select * exclude (rn) from ranked where rn = 1
  );

[0m00:51:25.839941 [debug] [Thread-1 (]: SQL status: OK in 0.010 seconds
[0m00:51:25.847254 [debug] [Thread-2 (]: SQL status: OK in 0.015 seconds
[0m00:51:25.847685 [debug] [Thread-1 (]: Using duckdb connection "model.oss_intel.stg_releases"
[0m00:51:25.853603 [debug] [Thread-2 (]: Using duckdb connection "model.oss_intel.stg_scorecard"
[0m00:51:25.853603 [debug] [Thread-4 (]: SQL status: OK in 0.024 seconds
[0m00:51:25.853603 [debug] [Thread-3 (]: SQL status: OK in 0.025 seconds
[0m00:51:25.854684 [debug] [Thread-1 (]: On model.oss_intel.stg_releases: /* {"app": "dbt", "dbt_version": "1.12.5", "profile_name": "oss_intel", "target_name": "dev", "node_id": "model.oss_intel.stg_releases"} */
alter view "oss"."main"."stg_releases__dbt_tmp" rename to "stg_releases"
[0m00:51:25.854684 [debug] [Thread-2 (]: On model.oss_intel.stg_scorecard: /* {"app": "dbt", "dbt_version": "1.12.5", "profile_name": "oss_intel", "target_name": "dev", "node_id": "model.oss_intel.stg_scorecard"} */
alter view "oss"."main"."stg_scorecard__dbt_tmp" rename to "stg_scorecard"
[0m00:51:25.857149 [debug] [Thread-4 (]: Writing runtime SQL for node "seed.oss_intel.label_map"
[0m00:51:25.860361 [debug] [Thread-3 (]: Writing runtime SQL for node "seed.oss_intel.bots"
[0m00:51:25.860361 [debug] [Thread-2 (]: SQL status: OK in 0.000 seconds
[0m00:51:25.860361 [debug] [Thread-1 (]: SQL status: OK in 0.001 seconds
[0m00:51:25.871251 [debug] [Thread-1 (]: On model.oss_intel.stg_releases: COMMIT
[0m00:51:25.871251 [debug] [Thread-1 (]: Using duckdb connection "model.oss_intel.stg_releases"
[0m00:51:25.871251 [debug] [Thread-1 (]: On model.oss_intel.stg_releases: COMMIT
[0m00:51:25.876939 [debug] [Thread-2 (]: On model.oss_intel.stg_scorecard: COMMIT
[0m00:51:25.876939 [debug] [Thread-2 (]: Using duckdb connection "model.oss_intel.stg_scorecard"
[0m00:51:25.876939 [debug] [Thread-2 (]: On model.oss_intel.stg_scorecard: COMMIT
[0m00:51:25.876939 [debug] [Thread-1 (]: SQL status: OK in 0.006 seconds
[0m00:51:25.885504 [debug] [Thread-1 (]: Using duckdb connection "model.oss_intel.stg_releases"
[0m00:51:25.885504 [debug] [Thread-1 (]: On model.oss_intel.stg_releases: /* {"app": "dbt", "dbt_version": "1.12.5", "profile_name": "oss_intel", "target_name": "dev", "node_id": "model.oss_intel.stg_releases"} */

      drop view if exists "oss"."main"."stg_releases__dbt_backup" cascade
    
[0m00:51:25.887510 [debug] [Thread-2 (]: SQL status: OK in 0.006 seconds
[0m00:51:25.893324 [debug] [Thread-4 (]: On seed.oss_intel.label_map: COMMIT
[0m00:51:25.893926 [debug] [Thread-3 (]: On seed.oss_intel.bots: COMMIT
[0m00:51:25.893926 [debug] [Thread-1 (]: SQL status: OK in 0.009 seconds
[0m00:51:25.893926 [debug] [Thread-2 (]: Using duckdb connection "model.oss_intel.stg_scorecard"
[0m00:51:25.893926 [debug] [Thread-4 (]: Using duckdb connection "seed.oss_intel.label_map"
[0m00:51:25.893926 [debug] [Thread-3 (]: Using duckdb connection "seed.oss_intel.bots"
[0m00:51:25.893926 [debug] [Thread-1 (]: On model.oss_intel.stg_releases: Close
[0m00:51:25.893926 [debug] [Thread-2 (]: On model.oss_intel.stg_scorecard: /* {"app": "dbt", "dbt_version": "1.12.5", "profile_name": "oss_intel", "target_name": "dev", "node_id": "model.oss_intel.stg_scorecard"} */

      drop view if exists "oss"."main"."stg_scorecard__dbt_backup" cascade
    
[0m00:51:25.893926 [debug] [Thread-4 (]: On seed.oss_intel.label_map: COMMIT
[0m00:51:25.902103 [debug] [Thread-3 (]: On seed.oss_intel.bots: COMMIT
[0m00:51:25.902921 [debug] [Thread-2 (]: SQL status: OK in 0.000 seconds
[0m00:51:25.902921 [debug] [Thread-1 (]: Sending event: {'category': 'dbt', 'action': 'run_model', 'label': '9541f982-e22e-49d3-afdf-9050aa272c29', 'context': [<snowplow_tracker.self_describing_json.SelfDescribingJson object at 0x0000026212E13500>]}
[0m00:51:25.906285 [debug] [Thread-2 (]: On model.oss_intel.stg_scorecard: Close
[0m00:51:25.906285 [debug] [Thread-4 (]: SQL status: OK in 0.003 seconds
[0m00:51:25.906285 [info ] [Thread-1 (]: 1 of 39 OK created sql view model main.stg_releases ............................ [[32mOK[0m in 0.16s]
[0m00:51:25.906285 [debug] [Thread-2 (]: Sending event: {'category': 'dbt', 'action': 'run_model', 'label': '9541f982-e22e-49d3-afdf-9050aa272c29', 'context': [<snowplow_tracker.self_describing_json.SelfDescribingJson object at 0x0000026219135F10>]}
[0m00:51:25.906285 [debug] [Thread-4 (]: On seed.oss_intel.label_map: Close
[0m00:51:25.906285 [debug] [Thread-3 (]: SQL status: OK in 0.004 seconds
[0m00:51:25.906285 [debug] [Thread-1 (]: Finished running node model.oss_intel.stg_releases
[0m00:51:25.910351 [info ] [Thread-2 (]: 2 of 39 OK created sql view model main.stg_scorecard ........................... [[32mOK[0m in 0.17s]
[0m00:51:25.910351 [debug] [Thread-4 (]: Sending event: {'category': 'dbt', 'action': 'run_model', 'label': '9541f982-e22e-49d3-afdf-9050aa272c29', 'context': [<snowplow_tracker.self_describing_json.SelfDescribingJson object at 0x00000262190DFA40>]}
[0m00:51:25.910351 [debug] [Thread-3 (]: On seed.oss_intel.bots: Close
[0m00:51:25.910351 [debug] [Thread-1 (]: Began running node seed.oss_intel.repos
[0m00:51:25.910351 [debug] [Thread-2 (]: Finished running node model.oss_intel.stg_scorecard
[0m00:51:25.910351 [info ] [Thread-4 (]: 4 of 39 OK loaded seed file main.label_map ..................................... [[32mINSERT 16[0m in 0.17s]
[0m00:51:25.910351 [debug] [Thread-3 (]: Sending event: {'category': 'dbt', 'action': 'run_model', 'label': '9541f982-e22e-49d3-afdf-9050aa272c29', 'context': [<snowplow_tracker.self_describing_json.SelfDescribingJson object at 0x0000026219137D10>]}
[0m00:51:25.910351 [debug] [Thread-2 (]: Began running node seed.oss_intel.score_weights
[0m00:51:25.910351 [debug] [Thread-4 (]: Finished running node seed.oss_intel.label_map
[0m00:51:25.910351 [info ] [Thread-1 (]: 5 of 39 START seed file main.repos ............................................. [RUN]
[0m00:51:25.917192 [info ] [Thread-3 (]: 3 of 39 OK loaded seed file main.bots .......................................... [[32mINSERT 14[0m in 0.17s]
[0m00:51:25.918203 [info ] [Thread-2 (]: 6 of 39 START seed file main.score_weights ..................................... [RUN]
[0m00:51:25.919264 [debug] [Thread-1 (]: Re-using an available connection from the pool (formerly model.oss_intel.stg_releases, now seed.oss_intel.repos)
[0m00:51:25.920212 [debug] [Thread-3 (]: Finished running node seed.oss_intel.bots
[0m00:51:25.921306 [debug] [Thread-2 (]: Re-using an available connection from the pool (formerly model.oss_intel.stg_scorecard, now seed.oss_intel.score_weights)
[0m00:51:25.922207 [debug] [Thread-1 (]: Began compiling node seed.oss_intel.repos
[0m00:51:25.923202 [debug] [Thread-4 (]: Began running node model.oss_intel.stg_contributions
[0m00:51:25.924204 [debug] [Thread-2 (]: Began compiling node seed.oss_intel.score_weights
[0m00:51:25.926022 [debug] [Thread-3 (]: Began running node model.oss_intel.stg_gharchive
[0m00:51:25.927658 [debug] [Thread-1 (]: Began executing node seed.oss_intel.repos
[0m00:51:25.930656 [debug] [Thread-2 (]: Began executing node seed.oss_intel.score_weights
[0m00:51:25.928660 [info ] [Thread-4 (]: 7 of 39 START sql view model main.stg_contributions ............................ [RUN]
[0m00:51:25.943288 [debug] [Thread-4 (]: Re-using an available connection from the pool (formerly seed.oss_intel.label_map, now model.oss_intel.stg_contributions)
[0m00:51:25.931659 [info ] [Thread-3 (]: 8 of 39 START sql view model main.stg_gharchive ................................ [RUN]
[0m00:51:25.944300 [debug] [Thread-4 (]: Began compiling node model.oss_intel.stg_contributions
[0m00:51:25.945299 [debug] [Thread-3 (]: Re-using an available connection from the pool (formerly seed.oss_intel.bots, now model.oss_intel.stg_gharchive)
[0m00:51:25.947298 [debug] [Thread-4 (]: Writing injected SQL for node "model.oss_intel.stg_contributions"
[0m00:51:25.947298 [debug] [Thread-3 (]: Began compiling node model.oss_intel.stg_gharchive
[0m00:51:25.950022 [debug] [Thread-3 (]: Writing injected SQL for node "model.oss_intel.stg_gharchive"
[0m00:51:25.953356 [debug] [Thread-2 (]: Using duckdb connection "seed.oss_intel.score_weights"
[0m00:51:25.953356 [debug] [Thread-2 (]: On seed.oss_intel.score_weights: BEGIN
[0m00:51:25.954350 [debug] [Thread-2 (]: Opening a new connection, currently in state closed
[0m00:51:25.954350 [debug] [Thread-4 (]: Began executing node model.oss_intel.stg_contributions
[0m00:51:25.958054 [debug] [Thread-4 (]: Writing runtime sql for node "model.oss_intel.stg_contributions"
[0m00:51:25.958054 [debug] [Thread-3 (]: Began executing node model.oss_intel.stg_gharchive
[0m00:51:25.960293 [debug] [Thread-2 (]: SQL status: OK in 0.006 seconds
[0m00:51:25.960293 [debug] [Thread-3 (]: Writing runtime sql for node "model.oss_intel.stg_gharchive"
[0m00:51:25.960293 [debug] [Thread-2 (]: Using duckdb connection "seed.oss_intel.score_weights"
[0m00:51:25.960293 [debug] [Thread-1 (]: Using duckdb connection "seed.oss_intel.repos"
[0m00:51:25.960293 [debug] [Thread-4 (]: Using duckdb connection "model.oss_intel.stg_contributions"
[0m00:51:25.966159 [debug] [Thread-2 (]: On seed.oss_intel.score_weights: /* {"app": "dbt", "dbt_version": "1.12.5", "profile_name": "oss_intel", "target_name": "dev", "node_id": "seed.oss_intel.score_weights"} */

    create table "oss"."main"."score_weights" ("component" text,"weight_balanced" float8,"weight_reliability" float8,"weight_community" float8)
  
[0m00:51:25.966676 [debug] [Thread-1 (]: On seed.oss_intel.repos: BEGIN
[0m00:51:25.966676 [debug] [Thread-4 (]: On model.oss_intel.stg_contributions: BEGIN
[0m00:51:25.966676 [debug] [Thread-1 (]: Opening a new connection, currently in state closed
[0m00:51:25.966676 [debug] [Thread-4 (]: Opening a new connection, currently in state closed
[0m00:51:25.968013 [debug] [Thread-2 (]: SQL status: OK in 0.001 seconds
[0m00:51:25.968013 [debug] [Thread-3 (]: Using duckdb connection "model.oss_intel.stg_gharchive"
[0m00:51:25.968013 [debug] [Thread-1 (]: SQL status: OK in 0.002 seconds
[0m00:51:25.968013 [debug] [Thread-2 (]: Using duckdb connection "seed.oss_intel.score_weights"
[0m00:51:25.968013 [debug] [Thread-4 (]: SQL status: OK in 0.003 seconds
[0m00:51:25.968013 [debug] [Thread-3 (]: On model.oss_intel.stg_gharchive: BEGIN
[0m00:51:25.968013 [debug] [Thread-1 (]: Using duckdb connection "seed.oss_intel.repos"
[0m00:51:25.968013 [debug] [Thread-2 (]: On seed.oss_intel.score_weights: 
          COPY "oss"."main"."score_weights" FROM 'C:\Users\ubedu\projects\oss-intel\seeds\score_weights.csv' (FORMAT CSV, HEADER TRUE, DELIMITER ',')
        ...
[0m00:51:25.968013 [debug] [Thread-4 (]: Using duckdb connection "model.oss_intel.stg_contributions"
[0m00:51:25.968013 [debug] [Thread-3 (]: Opening a new connection, currently in state closed
[0m00:51:25.968013 [debug] [Thread-1 (]: On seed.oss_intel.repos: /* {"app": "dbt", "dbt_version": "1.12.5", "profile_name": "oss_intel", "target_name": "dev", "node_id": "seed.oss_intel.repos"} */

    create table "oss"."main"."repos" ("repo_full_name" text,"repo_id" bigint,"package_name" text,"ecosystem" text,"category" text,"criticality_tier" text)
  
[0m00:51:25.968013 [debug] [Thread-4 (]: On model.oss_intel.stg_contributions: /* {"app": "dbt", "dbt_version": "1.12.5", "profile_name": "oss_intel", "target_name": "dev", "node_id": "model.oss_intel.stg_contributions"} */

  
  create view "oss"."main"."stg_contributions__dbt_tmp" as (
    -- Person-actions derived from issues, PRs, comments and reviews.
-- Replaces GH Archive as the cohort input (see ADR 0002).
-- A contribution is work. Stars and forks are interest, and are not here.
with src as (

    select * from read_parquet('data/raw/contributions/**/*.parquet', union_by_name = true)

)

select distinct
    cast(repo_id as bigint)                     as repo_id,
    actor,
    contributed_at,
    contribution_type,
    date_trunc('month', contributed_at)         as contribution_month
from src s
where actor is not null
  and actor not like '%[bot]'
  and not exists (select 1 from "oss"."main"."bots" b where lower(b.login) = lower(s.actor))
  );

[0m00:51:25.968013 [debug] [Thread-3 (]: SQL status: OK in 0.002 seconds
[0m00:51:25.968013 [debug] [Thread-3 (]: Using duckdb connection "model.oss_intel.stg_gharchive"
[0m00:51:25.968013 [debug] [Thread-1 (]: SQL status: OK in 0.001 seconds
[0m00:51:25.968013 [debug] [Thread-3 (]: On model.oss_intel.stg_gharchive: /* {"app": "dbt", "dbt_version": "1.12.5", "profile_name": "oss_intel", "target_name": "dev", "node_id": "model.oss_intel.stg_gharchive"} */

  
  create view "oss"."main"."stg_gharchive__dbt_tmp" as (
    -- GH Archive. HISTORICAL ONLY - event fidelity degraded badly through 2026
-- (see ADR 0002), so this feeds the archived-repo backtest and the fidelity
-- exhibit, and no live metric.
with src as (

    select * from read_parquet('data/raw/gharchive/**/*.parquet', union_by_name = true)

),

deduped as (

    -- a backfill range and a daily run can both cover the same date
    select
        cast(event_date as date)    as event_date,
        cast(repo_id as bigint)     as repo_id,
        actor,
        event_type,
        max(cast(n as integer))     as event_count
    from src
    group by 1, 2, 3, 4

)

select d.*
from deduped d
left join "oss"."main"."bots" b on lower(d.actor) = lower(b.login)
where b.login is null
  and d.actor not like '%[bot]'
  );

[0m00:51:25.968013 [debug] [Thread-1 (]: Using duckdb connection "seed.oss_intel.repos"
[0m00:51:25.976380 [debug] [Thread-2 (]: SQL status: OK in 0.004 seconds
[0m00:51:25.976380 [debug] [Thread-1 (]: On seed.oss_intel.repos: 
          COPY "oss"."main"."repos" FROM 'C:\Users\ubedu\projects\oss-intel\seeds\repos.csv' (FORMAT CSV, HEADER TRUE, DELIMITER ',')
        ...
[0m00:51:25.976380 [debug] [Thread-2 (]: Writing runtime SQL for node "seed.oss_intel.score_weights"
[0m00:51:25.976380 [debug] [Thread-2 (]: On seed.oss_intel.score_weights: COMMIT
[0m00:51:25.976380 [debug] [Thread-2 (]: Using duckdb connection "seed.oss_intel.score_weights"
[0m00:51:25.976380 [debug] [Thread-4 (]: SQL status: OK in 0.006 seconds
[0m00:51:25.976380 [debug] [Thread-1 (]: SQL status: OK in 0.003 seconds
[0m00:51:25.976380 [debug] [Thread-2 (]: On seed.oss_intel.score_weights: COMMIT
[0m00:51:25.976380 [debug] [Thread-4 (]: Using duckdb connection "model.oss_intel.stg_contributions"
[0m00:51:25.976380 [debug] [Thread-1 (]: Writing runtime SQL for node "seed.oss_intel.repos"
[0m00:51:25.976380 [debug] [Thread-3 (]: SQL status: OK in 0.007 seconds
[0m00:51:25.976380 [debug] [Thread-4 (]: On model.oss_intel.stg_contributions: /* {"app": "dbt", "dbt_version": "1.12.5", "profile_name": "oss_intel", "target_name": "dev", "node_id": "model.oss_intel.stg_contributions"} */
alter view "oss"."main"."stg_contributions__dbt_tmp" rename to "stg_contributions"
[0m00:51:25.984758 [debug] [Thread-3 (]: Using duckdb connection "model.oss_intel.stg_gharchive"
[0m00:51:25.985915 [debug] [Thread-2 (]: SQL status: OK in 0.003 seconds
[0m00:51:25.985915 [debug] [Thread-3 (]: On model.oss_intel.stg_gharchive: /* {"app": "dbt", "dbt_version": "1.12.5", "profile_name": "oss_intel", "target_name": "dev", "node_id": "model.oss_intel.stg_gharchive"} */
alter view "oss"."main"."stg_gharchive__dbt_tmp" rename to "stg_gharchive"
[0m00:51:25.985915 [debug] [Thread-4 (]: SQL status: OK in 0.001 seconds
[0m00:51:25.985915 [debug] [Thread-2 (]: On seed.oss_intel.score_weights: Close
[0m00:51:25.988429 [debug] [Thread-1 (]: On seed.oss_intel.repos: COMMIT
[0m00:51:25.989430 [debug] [Thread-4 (]: On model.oss_intel.stg_contributions: COMMIT
[0m00:51:25.990427 [debug] [Thread-2 (]: Sending event: {'category': 'dbt', 'action': 'run_model', 'label': '9541f982-e22e-49d3-afdf-9050aa272c29', 'context': [<snowplow_tracker.self_describing_json.SelfDescribingJson object at 0x0000026219593170>]}
[0m00:51:25.990427 [debug] [Thread-1 (]: Using duckdb connection "seed.oss_intel.repos"
[0m00:51:25.990427 [debug] [Thread-3 (]: SQL status: OK in 0.002 seconds
[0m00:51:25.990427 [debug] [Thread-4 (]: Using duckdb connection "model.oss_intel.stg_contributions"
[0m00:51:25.991428 [debug] [Thread-1 (]: On seed.oss_intel.repos: COMMIT
[0m00:51:25.991428 [info ] [Thread-2 (]: 6 of 39 OK loaded seed file main.score_weights ................................. [[32mINSERT 6[0m in 0.07s]
[0m00:51:25.993194 [debug] [Thread-3 (]: On model.oss_intel.stg_gharchive: COMMIT
[0m00:51:25.993194 [debug] [Thread-4 (]: On model.oss_intel.stg_contributions: COMMIT
[0m00:51:25.994261 [debug] [Thread-2 (]: Finished running node seed.oss_intel.score_weights
[0m00:51:25.994261 [debug] [Thread-3 (]: Using duckdb connection "model.oss_intel.stg_gharchive"
[0m00:51:25.994261 [debug] [Thread-1 (]: SQL status: OK in 0.001 seconds
[0m00:51:25.995253 [debug] [Thread-2 (]: Began running node model.oss_intel.stg_issues_prs
[0m00:51:25.995253 [debug] [Thread-3 (]: On model.oss_intel.stg_gharchive: COMMIT
[0m00:51:25.996253 [debug] [Thread-4 (]: SQL status: OK in 0.001 seconds
[0m00:51:25.997256 [debug] [Thread-1 (]: On seed.oss_intel.repos: Close
[0m00:51:25.997256 [info ] [Thread-2 (]: 9 of 39 START sql view model main.stg_issues_prs ............................... [RUN]
[0m00:51:25.999668 [debug] [Thread-4 (]: Using duckdb connection "model.oss_intel.stg_contributions"
[0m00:51:25.999668 [debug] [Thread-3 (]: SQL status: OK in 0.002 seconds
[0m00:51:26.000755 [debug] [Thread-2 (]: Re-using an available connection from the pool (formerly seed.oss_intel.score_weights, now model.oss_intel.stg_issues_prs)
[0m00:51:26.001492 [debug] [Thread-1 (]: Sending event: {'category': 'dbt', 'action': 'run_model', 'label': '9541f982-e22e-49d3-afdf-9050aa272c29', 'context': [<snowplow_tracker.self_describing_json.SelfDescribingJson object at 0x00000262192D3230>]}
[0m00:51:26.001492 [debug] [Thread-4 (]: On model.oss_intel.stg_contributions: /* {"app": "dbt", "dbt_version": "1.12.5", "profile_name": "oss_intel", "target_name": "dev", "node_id": "model.oss_intel.stg_contributions"} */

      drop view if exists "oss"."main"."stg_contributions__dbt_backup" cascade
    
[0m00:51:26.003628 [debug] [Thread-3 (]: Using duckdb connection "model.oss_intel.stg_gharchive"
[0m00:51:26.004198 [debug] [Thread-2 (]: Began compiling node model.oss_intel.stg_issues_prs
[0m00:51:26.004198 [info ] [Thread-1 (]: 5 of 39 OK loaded seed file main.repos ......................................... [[32mINSERT 30[0m in 0.08s]
[0m00:51:26.004198 [debug] [Thread-3 (]: On model.oss_intel.stg_gharchive: /* {"app": "dbt", "dbt_version": "1.12.5", "profile_name": "oss_intel", "target_name": "dev", "node_id": "model.oss_intel.stg_gharchive"} */

      drop view if exists "oss"."main"."stg_gharchive__dbt_backup" cascade
    
[0m00:51:26.004198 [debug] [Thread-2 (]: Writing injected SQL for node "model.oss_intel.stg_issues_prs"
[0m00:51:26.004198 [debug] [Thread-1 (]: Finished running node seed.oss_intel.repos
[0m00:51:26.004198 [debug] [Thread-4 (]: SQL status: OK in 0.004 seconds
[0m00:51:26.010681 [debug] [Thread-3 (]: SQL status: OK in 0.001 seconds
[0m00:51:26.010681 [debug] [Thread-1 (]: Began running node model.oss_intel.dim_repo
[0m00:51:26.014017 [debug] [Thread-4 (]: On model.oss_intel.stg_contributions: Close
[0m00:51:26.015010 [debug] [Thread-3 (]: On model.oss_intel.stg_gharchive: Close
[0m00:51:26.017006 [debug] [Thread-4 (]: Sending event: {'category': 'dbt', 'action': 'run_model', 'label': '9541f982-e22e-49d3-afdf-9050aa272c29', 'context': [<snowplow_tracker.self_describing_json.SelfDescribingJson object at 0x0000026217F0FB60>]}
[0m00:51:26.016009 [info ] [Thread-1 (]: 10 of 39 START sql table model main.dim_repo ................................... [RUN]
[0m00:51:26.018115 [debug] [Thread-2 (]: Began executing node model.oss_intel.stg_issues_prs
[0m00:51:26.019133 [debug] [Thread-3 (]: Sending event: {'category': 'dbt', 'action': 'run_model', 'label': '9541f982-e22e-49d3-afdf-9050aa272c29', 'context': [<snowplow_tracker.self_describing_json.SelfDescribingJson object at 0x0000026219089820>]}
[0m00:51:26.021130 [debug] [Thread-1 (]: Re-using an available connection from the pool (formerly seed.oss_intel.repos, now model.oss_intel.dim_repo)
[0m00:51:26.027462 [debug] [Thread-2 (]: Writing runtime sql for node "model.oss_intel.stg_issues_prs"
[0m00:51:26.020127 [info ] [Thread-4 (]: 7 of 39 OK created sql view model main.stg_contributions ....................... [[32mOK[0m in 0.08s]
[0m00:51:26.028454 [debug] [Thread-1 (]: Began compiling node model.oss_intel.dim_repo
[0m00:51:26.028454 [info ] [Thread-3 (]: 8 of 39 OK created sql view model main.stg_gharchive ........................... [[32mOK[0m in 0.07s]
[0m00:51:26.028454 [debug] [Thread-4 (]: Finished running node model.oss_intel.stg_contributions
[0m00:51:26.033974 [debug] [Thread-1 (]: Writing injected SQL for node "model.oss_intel.dim_repo"
[0m00:51:26.034891 [debug] [Thread-3 (]: Finished running node model.oss_intel.stg_gharchive
[0m00:51:26.035889 [debug] [Thread-2 (]: Using duckdb connection "model.oss_intel.stg_issues_prs"
[0m00:51:26.035889 [debug] [Thread-3 (]: Began running node test.oss_intel.not_null_stg_contributions_actor.afaf937923
[0m00:51:26.037486 [debug] [Thread-2 (]: On model.oss_intel.stg_issues_prs: BEGIN
[0m00:51:26.037486 [info ] [Thread-3 (]: 11 of 39 START test not_null_stg_contributions_actor ........................... [RUN]
[0m00:51:26.039209 [debug] [Thread-2 (]: Opening a new connection, currently in state closed
[0m00:51:26.040298 [debug] [Thread-1 (]: Began executing node model.oss_intel.dim_repo
[0m00:51:26.041313 [debug] [Thread-3 (]: Re-using an available connection from the pool (formerly model.oss_intel.stg_gharchive, now test.oss_intel.not_null_stg_contributions_actor.afaf937923)
[0m00:51:26.052586 [debug] [Thread-3 (]: Began compiling node test.oss_intel.not_null_stg_contributions_actor.afaf937923
[0m00:51:26.064317 [debug] [Thread-2 (]: SQL status: OK in 0.025 seconds
[0m00:51:26.085928 [debug] [Thread-3 (]: Writing injected SQL for node "test.oss_intel.not_null_stg_contributions_actor.afaf937923"
[0m00:51:26.118699 [debug] [Thread-1 (]: Writing runtime sql for node "model.oss_intel.dim_repo"
[0m00:51:26.119282 [debug] [Thread-2 (]: Using duckdb connection "model.oss_intel.stg_issues_prs"
[0m00:51:26.119282 [debug] [Thread-2 (]: On model.oss_intel.stg_issues_prs: /* {"app": "dbt", "dbt_version": "1.12.5", "profile_name": "oss_intel", "target_name": "dev", "node_id": "model.oss_intel.stg_issues_prs"} */

  
  create view "oss"."main"."stg_issues_prs__dbt_tmp" as (
    -- Issues and pull requests from the GitHub GraphQL API. PRIMARY SOURCE.
--
-- Two cleaning jobs happen here and nowhere else:
--   1. Deduplication. The same item appears in several run partitions because
--      it kept being updated; keep the newest version per (repo, kind, number).
--   2. Bot removal. On an active repo dependabot can out-post every human, so
--      leaving bots in makes every downstream metric wrong.
with src as (

    select * from read_parquet('data/raw/issues_prs/**/*.parquet', union_by_name = true)

),

ranked as (

    select
        cast(repo_id as bigint)                     as repo_id,
        kind,
        cast(number as integer)                     as number,
        created_at,
        updated_at,
        closed_at,
        merged_at,
        state,
        author,
        author_association,
        coalesce(labels, '')                        as labels,
        first_response_at,
        row_number() over (
            partition by repo_id, kind, number
            order by updated_at desc
        )                                           as rn
    from src
    where author is not null

)

select
    r.* exclude (rn),
    date_diff('hour', r.created_at, r.first_response_at)              as response_hours,
    r.first_response_at is null
        and date_diff('day', r.created_at, current_timestamp) > 7
                                                                      as is_unresponded,
    r.created_at >= timestamp '2025-10-01'           as in_window
from ranked r
left join "oss"."main"."bots" b on lower(r.author) = lower(b.login)
where r.rn = 1
  and b.login is null
  and r.author not like '%[bot]'
  );

[0m00:51:26.119282 [debug] [Thread-1 (]: Using duckdb connection "model.oss_intel.dim_repo"
[0m00:51:26.119282 [debug] [Thread-1 (]: On model.oss_intel.dim_repo: BEGIN
[0m00:51:26.122038 [debug] [Thread-1 (]: Opening a new connection, currently in state closed
[0m00:51:26.122038 [debug] [Thread-3 (]: Began executing node test.oss_intel.not_null_stg_contributions_actor.afaf937923
[0m00:51:26.122038 [debug] [Thread-1 (]: SQL status: OK in 0.001 seconds
[0m00:51:26.133576 [debug] [Thread-2 (]: SQL status: OK in 0.013 seconds
[0m00:51:26.133576 [debug] [Thread-1 (]: Using duckdb connection "model.oss_intel.dim_repo"
[0m00:51:26.133576 [debug] [Thread-3 (]: Writing runtime sql for node "test.oss_intel.not_null_stg_contributions_actor.afaf937923"
[0m00:51:26.133576 [debug] [Thread-2 (]: Using duckdb connection "model.oss_intel.stg_issues_prs"
[0m00:51:26.133576 [debug] [Thread-1 (]: On model.oss_intel.dim_repo: /* {"app": "dbt", "dbt_version": "1.12.5", "profile_name": "oss_intel", "target_name": "dev", "node_id": "model.oss_intel.dim_repo"} */

    

    create  table
      "oss"."main"."dim_repo__dbt_tmp"
  
    
    as (
      -- One row per tracked repository. Joined on repo_id everywhere, never on name:
-- three of thirty repos were renamed or transferred during the window.
select
    r.repo_id,
    r.repo_full_name,
    r.package_name,
    r.ecosystem,
    r.category,
    r.criticality_tier,
    s.scorecard_overall,
    s.check_maintained,
    s.check_code_review,
    s.scorecard_date,
    s.repo_id is not null as has_scorecard
from "oss"."main"."repos" r
left join "oss"."main"."stg_scorecard" s using (repo_id)
where r.repo_id is not null
    );
    
  
[0m00:51:26.133576 [debug] [Thread-2 (]: On model.oss_intel.stg_issues_prs: /* {"app": "dbt", "dbt_version": "1.12.5", "profile_name": "oss_intel", "target_name": "dev", "node_id": "model.oss_intel.stg_issues_prs"} */
alter view "oss"."main"."stg_issues_prs__dbt_tmp" rename to "stg_issues_prs"
[0m00:51:26.133576 [debug] [Thread-2 (]: SQL status: OK in 0.000 seconds
[0m00:51:26.133576 [debug] [Thread-2 (]: On model.oss_intel.stg_issues_prs: COMMIT
[0m00:51:26.133576 [debug] [Thread-2 (]: Using duckdb connection "model.oss_intel.stg_issues_prs"
[0m00:51:26.133576 [debug] [Thread-2 (]: On model.oss_intel.stg_issues_prs: COMMIT
[0m00:51:26.133576 [debug] [Thread-3 (]: Using duckdb connection "test.oss_intel.not_null_stg_contributions_actor.afaf937923"
[0m00:51:26.133576 [debug] [Thread-3 (]: On test.oss_intel.not_null_stg_contributions_actor.afaf937923: BEGIN
[0m00:51:26.133576 [debug] [Thread-3 (]: Opening a new connection, currently in state closed
[0m00:51:26.133576 [debug] [Thread-2 (]: SQL status: OK in 0.002 seconds
[0m00:51:26.149362 [debug] [Thread-3 (]: SQL status: OK in 0.002 seconds
[0m00:51:26.149362 [debug] [Thread-3 (]: Using duckdb connection "test.oss_intel.not_null_stg_contributions_actor.afaf937923"
[0m00:51:26.150590 [debug] [Thread-2 (]: Using duckdb connection "model.oss_intel.stg_issues_prs"
[0m00:51:26.150590 [debug] [Thread-3 (]: On test.oss_intel.not_null_stg_contributions_actor.afaf937923: /* {"app": "dbt", "dbt_version": "1.12.5", "profile_name": "oss_intel", "target_name": "dev", "node_id": "test.oss_intel.not_null_stg_contributions_actor.afaf937923"} */

    
    select
      count(*) as failures,
      count(*) != 0 as should_warn,
      count(*) != 0 as should_error
    from (
      
    
  
    
    



select actor
from "oss"."main"."stg_contributions"
where actor is null



  
  
      
    ) dbt_internal_test
[0m00:51:26.150590 [debug] [Thread-2 (]: On model.oss_intel.stg_issues_prs: /* {"app": "dbt", "dbt_version": "1.12.5", "profile_name": "oss_intel", "target_name": "dev", "node_id": "model.oss_intel.stg_issues_prs"} */

      drop view if exists "oss"."main"."stg_issues_prs__dbt_backup" cascade
    
[0m00:51:26.150590 [debug] [Thread-2 (]: SQL status: OK in 0.001 seconds
[0m00:51:26.150590 [debug] [Thread-2 (]: On model.oss_intel.stg_issues_prs: Close
[0m00:51:26.150590 [debug] [Thread-2 (]: Sending event: {'category': 'dbt', 'action': 'run_model', 'label': '9541f982-e22e-49d3-afdf-9050aa272c29', 'context': [<snowplow_tracker.self_describing_json.SelfDescribingJson object at 0x0000026217DDB290>]}
[0m00:51:26.150590 [info ] [Thread-2 (]: 9 of 39 OK created sql view model main.stg_issues_prs .......................... [[32mOK[0m in 0.15s]
[0m00:51:26.150590 [debug] [Thread-2 (]: Finished running node model.oss_intel.stg_issues_prs
[0m00:51:26.150590 [debug] [Thread-4 (]: Began running node test.oss_intel.assert_issues_prs_unique
[0m00:51:26.150590 [debug] [Thread-2 (]: Began running node test.oss_intel.assert_merged_prs_only_prs
[0m00:51:26.150590 [info ] [Thread-4 (]: 12 of 39 START test assert_issues_prs_unique ................................... [RUN]
[0m00:51:26.150590 [debug] [Thread-4 (]: Re-using an available connection from the pool (formerly model.oss_intel.stg_contributions, now test.oss_intel.assert_issues_prs_unique)
[0m00:51:26.150590 [debug] [Thread-4 (]: Began compiling node test.oss_intel.assert_issues_prs_unique
[0m00:51:26.159703 [debug] [Thread-4 (]: Writing injected SQL for node "test.oss_intel.assert_issues_prs_unique"
[0m00:51:26.150590 [info ] [Thread-2 (]: 13 of 39 START test assert_merged_prs_only_prs ................................. [RUN]
[0m00:51:26.159703 [debug] [Thread-2 (]: Re-using an available connection from the pool (formerly model.oss_intel.stg_issues_prs, now test.oss_intel.assert_merged_prs_only_prs)
[0m00:51:26.159703 [debug] [Thread-1 (]: SQL status: OK in 0.018 seconds
[0m00:51:26.159703 [debug] [Thread-2 (]: Began compiling node test.oss_intel.assert_merged_prs_only_prs
[0m00:51:26.159703 [debug] [Thread-1 (]: Using duckdb connection "model.oss_intel.dim_repo"
[0m00:51:26.159703 [debug] [Thread-3 (]: SQL status: OK in 0.011 seconds
[0m00:51:26.165252 [debug] [Thread-2 (]: Writing injected SQL for node "test.oss_intel.assert_merged_prs_only_prs"
[0m00:51:26.165252 [debug] [Thread-1 (]: On model.oss_intel.dim_repo: /* {"app": "dbt", "dbt_version": "1.12.5", "profile_name": "oss_intel", "target_name": "dev", "node_id": "model.oss_intel.dim_repo"} */
alter table "oss"."main"."dim_repo__dbt_tmp" rename to "dim_repo"
[0m00:51:26.165252 [debug] [Thread-4 (]: Began executing node test.oss_intel.assert_issues_prs_unique
[0m00:51:26.168986 [debug] [Thread-3 (]: On test.oss_intel.not_null_stg_contributions_actor.afaf937923: ROLLBACK
[0m00:51:26.170478 [debug] [Thread-4 (]: Writing runtime sql for node "test.oss_intel.assert_issues_prs_unique"
[0m00:51:26.170867 [debug] [Thread-1 (]: SQL status: OK in 0.005 seconds
[0m00:51:26.170867 [debug] [Thread-3 (]: On test.oss_intel.not_null_stg_contributions_actor.afaf937923: Close
[0m00:51:26.171870 [debug] [Thread-2 (]: Began executing node test.oss_intel.assert_merged_prs_only_prs
[0m00:51:26.172896 [debug] [Thread-1 (]: On model.oss_intel.dim_repo: COMMIT
[0m00:51:26.172896 [debug] [Thread-2 (]: Writing runtime sql for node "test.oss_intel.assert_merged_prs_only_prs"
[0m00:51:26.172896 [info ] [Thread-3 (]: 11 of 39 PASS not_null_stg_contributions_actor ................................. [[32mPASS[0m in 0.13s]
[0m00:51:26.172896 [debug] [Thread-1 (]: Using duckdb connection "model.oss_intel.dim_repo"
[0m00:51:26.176337 [debug] [Thread-1 (]: On model.oss_intel.dim_repo: COMMIT
[0m00:51:26.176337 [debug] [Thread-4 (]: Using duckdb connection "test.oss_intel.assert_issues_prs_unique"
[0m00:51:26.172896 [debug] [Thread-3 (]: Finished running node test.oss_intel.not_null_stg_contributions_actor.afaf937923
[0m00:51:26.176337 [debug] [Thread-4 (]: On test.oss_intel.assert_issues_prs_unique: BEGIN
[0m00:51:26.176337 [debug] [Thread-2 (]: Using duckdb connection "test.oss_intel.assert_merged_prs_only_prs"
[0m00:51:26.176337 [debug] [Thread-3 (]: Began running node test.oss_intel.assert_no_bots
[0m00:51:26.176337 [debug] [Thread-1 (]: SQL status: OK in 0.003 seconds
[0m00:51:26.176337 [debug] [Thread-4 (]: Opening a new connection, currently in state closed
[0m00:51:26.176337 [debug] [Thread-2 (]: On test.oss_intel.assert_merged_prs_only_prs: BEGIN
[0m00:51:26.176337 [debug] [Thread-1 (]: Using duckdb connection "model.oss_intel.dim_repo"
[0m00:51:26.176337 [info ] [Thread-3 (]: 14 of 39 START test assert_no_bots ............................................. [RUN]
[0m00:51:26.176337 [debug] [Thread-2 (]: Opening a new connection, currently in state closed
[0m00:51:26.183830 [debug] [Thread-4 (]: SQL status: OK in 0.003 seconds
[0m00:51:26.183830 [debug] [Thread-1 (]: On model.oss_intel.dim_repo: /* {"app": "dbt", "dbt_version": "1.12.5", "profile_name": "oss_intel", "target_name": "dev", "node_id": "model.oss_intel.dim_repo"} */

      drop table if exists "oss"."main"."dim_repo__dbt_backup" cascade
    
[0m00:51:26.183830 [debug] [Thread-3 (]: Re-using an available connection from the pool (formerly test.oss_intel.not_null_stg_contributions_actor.afaf937923, now test.oss_intel.assert_no_bots)
[0m00:51:26.184837 [debug] [Thread-4 (]: Using duckdb connection "test.oss_intel.assert_issues_prs_unique"
[0m00:51:26.184837 [debug] [Thread-2 (]: SQL status: OK in 0.002 seconds
[0m00:51:26.185836 [debug] [Thread-3 (]: Began compiling node test.oss_intel.assert_no_bots
[0m00:51:26.185836 [debug] [Thread-4 (]: On test.oss_intel.assert_issues_prs_unique: /* {"app": "dbt", "dbt_version": "1.12.5", "profile_name": "oss_intel", "target_name": "dev", "node_id": "test.oss_intel.assert_issues_prs_unique"} */

    
    select
      count(*) as failures,
      count(*) != 0 as should_warn,
      count(*) != 0 as should_error
    from (
      
    
  -- The deduplication in stg_issues_prs is the single most likely place for a
-- silent bug: a broken window function doubles every count downstream.
select repo_id, kind, number, count(*) as n
from "oss"."main"."stg_issues_prs"
group by 1, 2, 3
having count(*) > 1
  
  
      
    ) dbt_internal_test
[0m00:51:26.185836 [debug] [Thread-2 (]: Using duckdb connection "test.oss_intel.assert_merged_prs_only_prs"
[0m00:51:26.186836 [debug] [Thread-1 (]: SQL status: OK in 0.001 seconds
[0m00:51:26.189253 [debug] [Thread-3 (]: Writing injected SQL for node "test.oss_intel.assert_no_bots"
[0m00:51:26.189253 [debug] [Thread-2 (]: On test.oss_intel.assert_merged_prs_only_prs: /* {"app": "dbt", "dbt_version": "1.12.5", "profile_name": "oss_intel", "target_name": "dev", "node_id": "test.oss_intel.assert_merged_prs_only_prs"} */

    
    select
      count(*) as failures,
      count(*) != 0 as should_warn,
      count(*) != 0 as should_error
    from (
      
    
  -- merged_at on an issue means the GraphQL flattening leaked a field.
select repo_id, number from "oss"."main"."stg_issues_prs"
where kind = 'issue' and merged_at is not null
  
  
      
    ) dbt_internal_test
[0m00:51:26.189253 [debug] [Thread-1 (]: On model.oss_intel.dim_repo: Close
[0m00:51:26.189253 [debug] [Thread-1 (]: Sending event: {'category': 'dbt', 'action': 'run_model', 'label': '9541f982-e22e-49d3-afdf-9050aa272c29', 'context': [<snowplow_tracker.self_describing_json.SelfDescribingJson object at 0x000002621962D700>]}
[0m00:51:26.193878 [debug] [Thread-3 (]: Began executing node test.oss_intel.assert_no_bots
[0m00:51:26.193878 [info ] [Thread-1 (]: 10 of 39 OK created sql table model main.dim_repo .............................. [[32mOK[0m in 0.17s]
[0m00:51:26.198071 [debug] [Thread-3 (]: Writing runtime sql for node "test.oss_intel.assert_no_bots"
[0m00:51:26.198071 [debug] [Thread-1 (]: Finished running node model.oss_intel.dim_repo
[0m00:51:26.199068 [debug] [Thread-1 (]: Began running node test.oss_intel.assert_response_time_non_negative
[0m00:51:26.199068 [info ] [Thread-1 (]: 15 of 39 START test assert_response_time_non_negative .......................... [RUN]
[0m00:51:26.200067 [debug] [Thread-1 (]: Re-using an available connection from the pool (formerly model.oss_intel.dim_repo, now test.oss_intel.assert_response_time_non_negative)
[0m00:51:26.201345 [debug] [Thread-3 (]: Using duckdb connection "test.oss_intel.assert_no_bots"
[0m00:51:26.203368 [debug] [Thread-1 (]: Began compiling node test.oss_intel.assert_response_time_non_negative
[0m00:51:26.204361 [debug] [Thread-3 (]: On test.oss_intel.assert_no_bots: BEGIN
[0m00:51:26.210739 [debug] [Thread-1 (]: Writing injected SQL for node "test.oss_intel.assert_response_time_non_negative"
[0m00:51:26.211733 [debug] [Thread-3 (]: Opening a new connection, currently in state closed
[0m00:51:26.211733 [debug] [Thread-3 (]: SQL status: OK in 0.001 seconds
[0m00:51:26.213794 [debug] [Thread-3 (]: Using duckdb connection "test.oss_intel.assert_no_bots"
[0m00:51:26.214344 [debug] [Thread-3 (]: On test.oss_intel.assert_no_bots: /* {"app": "dbt", "dbt_version": "1.12.5", "profile_name": "oss_intel", "target_name": "dev", "node_id": "test.oss_intel.assert_no_bots"} */

    
    select
      count(*) as failures,
      count(*) != 0 as should_warn,
      count(*) != 0 as should_error
    from (
      
    
  -- One bot left in makes every contributor metric wrong.
select actor from "oss"."main"."stg_contributions" where actor like '%[bot]%'
union all
select author from "oss"."main"."stg_issues_prs" where author like '%[bot]%'
  
  
      
    ) dbt_internal_test
[0m00:51:26.221357 [debug] [Thread-1 (]: Began executing node test.oss_intel.assert_response_time_non_negative
[0m00:51:26.226369 [debug] [Thread-1 (]: Writing runtime sql for node "test.oss_intel.assert_response_time_non_negative"
[0m00:51:26.227888 [debug] [Thread-1 (]: Using duckdb connection "test.oss_intel.assert_response_time_non_negative"
[0m00:51:26.227888 [debug] [Thread-1 (]: On test.oss_intel.assert_response_time_non_negative: BEGIN
[0m00:51:26.227888 [debug] [Thread-1 (]: Opening a new connection, currently in state closed
[0m00:51:26.227888 [debug] [Thread-1 (]: SQL status: OK in 0.002 seconds
[0m00:51:26.227888 [debug] [Thread-1 (]: Using duckdb connection "test.oss_intel.assert_response_time_non_negative"
[0m00:51:26.233516 [debug] [Thread-1 (]: On test.oss_intel.assert_response_time_non_negative: /* {"app": "dbt", "dbt_version": "1.12.5", "profile_name": "oss_intel", "target_name": "dev", "node_id": "test.oss_intel.assert_response_time_non_negative"} */

    
    select
      count(*) as failures,
      count(*) != 0 as should_warn,
      count(*) != 0 as should_error
    from (
      
    
  -- A negative response time means a reply landed before the issue was opened -
-- always a timezone or join bug.
select repo_id, kind, number, response_hours
from "oss"."main"."stg_issues_prs" where response_hours < 0
  
  
      
    ) dbt_internal_test
[0m00:51:26.267268 [debug] [Thread-2 (]: SQL status: OK in 0.075 seconds
[0m00:51:26.268955 [debug] [Thread-2 (]: On test.oss_intel.assert_merged_prs_only_prs: ROLLBACK
[0m00:51:26.268955 [debug] [Thread-2 (]: On test.oss_intel.assert_merged_prs_only_prs: Close
[0m00:51:26.268955 [info ] [Thread-2 (]: 13 of 39 PASS assert_merged_prs_only_prs ....................................... [[32mPASS[0m in 0.11s]
[0m00:51:26.268955 [debug] [Thread-2 (]: Finished running node test.oss_intel.assert_merged_prs_only_prs
[0m00:51:26.268955 [debug] [Thread-2 (]: Began running node test.oss_intel.not_null_stg_issues_prs_author.3c12ab4fb3
[0m00:51:26.268955 [info ] [Thread-2 (]: 16 of 39 START test not_null_stg_issues_prs_author ............................. [RUN]
[0m00:51:26.268955 [debug] [Thread-2 (]: Re-using an available connection from the pool (formerly test.oss_intel.assert_merged_prs_only_prs, now test.oss_intel.not_null_stg_issues_prs_author.3c12ab4fb3)
[0m00:51:26.268955 [debug] [Thread-2 (]: Began compiling node test.oss_intel.not_null_stg_issues_prs_author.3c12ab4fb3
[0m00:51:26.285189 [debug] [Thread-2 (]: Writing injected SQL for node "test.oss_intel.not_null_stg_issues_prs_author.3c12ab4fb3"
[0m00:51:26.286603 [debug] [Thread-2 (]: Began executing node test.oss_intel.not_null_stg_issues_prs_author.3c12ab4fb3
[0m00:51:26.289441 [debug] [Thread-2 (]: Writing runtime sql for node "test.oss_intel.not_null_stg_issues_prs_author.3c12ab4fb3"
[0m00:51:26.289441 [debug] [Thread-4 (]: SQL status: OK in 0.101 seconds
[0m00:51:26.294159 [debug] [Thread-4 (]: On test.oss_intel.assert_issues_prs_unique: ROLLBACK
[0m00:51:26.295155 [debug] [Thread-2 (]: Using duckdb connection "test.oss_intel.not_null_stg_issues_prs_author.3c12ab4fb3"
[0m00:51:26.296156 [debug] [Thread-4 (]: On test.oss_intel.assert_issues_prs_unique: Close
[0m00:51:26.296563 [debug] [Thread-2 (]: On test.oss_intel.not_null_stg_issues_prs_author.3c12ab4fb3: BEGIN
[0m00:51:26.296563 [debug] [Thread-2 (]: Opening a new connection, currently in state closed
[0m00:51:26.296563 [info ] [Thread-4 (]: 12 of 39 PASS assert_issues_prs_unique ......................................... [[32mPASS[0m in 0.15s]
[0m00:51:26.296563 [debug] [Thread-4 (]: Finished running node test.oss_intel.assert_issues_prs_unique
[0m00:51:26.296563 [debug] [Thread-4 (]: Began running node test.oss_intel.not_null_stg_issues_prs_repo_id.e0163b2181
[0m00:51:26.296563 [debug] [Thread-2 (]: SQL status: OK in 0.003 seconds
[0m00:51:26.301338 [debug] [Thread-2 (]: Using duckdb connection "test.oss_intel.not_null_stg_issues_prs_author.3c12ab4fb3"
[0m00:51:26.296563 [info ] [Thread-4 (]: 17 of 39 START test not_null_stg_issues_prs_repo_id ............................ [RUN]
[0m00:51:26.301338 [debug] [Thread-2 (]: On test.oss_intel.not_null_stg_issues_prs_author.3c12ab4fb3: /* {"app": "dbt", "dbt_version": "1.12.5", "profile_name": "oss_intel", "target_name": "dev", "node_id": "test.oss_intel.not_null_stg_issues_prs_author.3c12ab4fb3"} */

    
    select
      count(*) as failures,
      count(*) != 0 as should_warn,
      count(*) != 0 as should_error
    from (
      
    
  
    
    



select author
from "oss"."main"."stg_issues_prs"
where author is null



  
  
      
    ) dbt_internal_test
[0m00:51:26.302744 [debug] [Thread-4 (]: Re-using an available connection from the pool (formerly test.oss_intel.assert_issues_prs_unique, now test.oss_intel.not_null_stg_issues_prs_repo_id.e0163b2181)
[0m00:51:26.302744 [debug] [Thread-4 (]: Began compiling node test.oss_intel.not_null_stg_issues_prs_repo_id.e0163b2181
[0m00:51:26.310689 [debug] [Thread-4 (]: Writing injected SQL for node "test.oss_intel.not_null_stg_issues_prs_repo_id.e0163b2181"
[0m00:51:26.311690 [debug] [Thread-3 (]: SQL status: OK in 0.096 seconds
[0m00:51:26.312689 [debug] [Thread-1 (]: SQL status: OK in 0.079 seconds
[0m00:51:26.313689 [debug] [Thread-4 (]: Began executing node test.oss_intel.not_null_stg_issues_prs_repo_id.e0163b2181
[0m00:51:26.314690 [debug] [Thread-4 (]: Writing runtime sql for node "test.oss_intel.not_null_stg_issues_prs_repo_id.e0163b2181"
[0m00:51:26.316695 [debug] [Thread-3 (]: On test.oss_intel.assert_no_bots: ROLLBACK
[0m00:51:26.317697 [debug] [Thread-1 (]: On test.oss_intel.assert_response_time_non_negative: ROLLBACK
[0m00:51:26.318232 [debug] [Thread-3 (]: On test.oss_intel.assert_no_bots: Close
[0m00:51:26.319353 [debug] [Thread-4 (]: Using duckdb connection "test.oss_intel.not_null_stg_issues_prs_repo_id.e0163b2181"
[0m00:51:26.319353 [debug] [Thread-1 (]: On test.oss_intel.assert_response_time_non_negative: Close
[0m00:51:26.319353 [debug] [Thread-4 (]: On test.oss_intel.not_null_stg_issues_prs_repo_id.e0163b2181: BEGIN
[0m00:51:26.321298 [debug] [Thread-4 (]: Opening a new connection, currently in state closed
[0m00:51:26.320227 [info ] [Thread-3 (]: 14 of 39 PASS assert_no_bots ................................................... [[32mPASS[0m in 0.14s]
[0m00:51:26.322300 [debug] [Thread-3 (]: Finished running node test.oss_intel.assert_no_bots
[0m00:51:26.323301 [debug] [Thread-3 (]: Began running node model.oss_intel.int_first_contribution
[0m00:51:26.320227 [error] [Thread-1 (]: 15 of 39 FAIL 1 assert_response_time_non_negative .............................. [[31mFAIL 1[0m in 0.12s]
[0m00:51:26.325298 [debug] [Thread-1 (]: Finished running node test.oss_intel.assert_response_time_non_negative
[0m00:51:26.324300 [info ] [Thread-3 (]: 18 of 39 START sql table model main.int_first_contribution ..................... [RUN]
[0m00:51:26.326285 [debug] [Thread-1 (]: Began running node test.oss_intel.accepted_values_dim_repo_criticality_tier__tier_1__tier_2__tier_3.6d8e0235a5
[0m00:51:26.326285 [debug] [Thread-4 (]: SQL status: OK in 0.005 seconds
[0m00:51:26.327513 [debug] [Thread-7 (]: Marking all children of 'test.oss_intel.assert_response_time_non_negative' to be skipped because of status 'fail'.  Reason: Got 1 result, configured to fail if != 0.
[0m00:51:26.328509 [debug] [Thread-3 (]: Re-using an available connection from the pool (formerly test.oss_intel.assert_no_bots, now model.oss_intel.int_first_contribution)
[0m00:51:26.329510 [debug] [Thread-4 (]: Using duckdb connection "test.oss_intel.not_null_stg_issues_prs_repo_id.e0163b2181"
[0m00:51:26.328509 [info ] [Thread-1 (]: 19 of 39 START test accepted_values_dim_repo_criticality_tier__tier_1__tier_2__tier_3  [RUN]
[0m00:51:26.330510 [debug] [Thread-3 (]: Began compiling node model.oss_intel.int_first_contribution
[0m00:51:26.330510 [debug] [Thread-4 (]: On test.oss_intel.not_null_stg_issues_prs_repo_id.e0163b2181: /* {"app": "dbt", "dbt_version": "1.12.5", "profile_name": "oss_intel", "target_name": "dev", "node_id": "test.oss_intel.not_null_stg_issues_prs_repo_id.e0163b2181"} */

    
    select
      count(*) as failures,
      count(*) != 0 as should_warn,
      count(*) != 0 as should_error
    from (
      
    
  
    
    



select repo_id
from "oss"."main"."stg_issues_prs"
where repo_id is null



  
  
      
    ) dbt_internal_test
[0m00:51:26.331512 [debug] [Thread-1 (]: Re-using an available connection from the pool (formerly test.oss_intel.assert_response_time_non_negative, now test.oss_intel.accepted_values_dim_repo_criticality_tier__tier_1__tier_2__tier_3.6d8e0235a5)
[0m00:51:26.333842 [debug] [Thread-3 (]: Writing injected SQL for node "model.oss_intel.int_first_contribution"
[0m00:51:26.334704 [debug] [Thread-1 (]: Began compiling node test.oss_intel.accepted_values_dim_repo_criticality_tier__tier_1__tier_2__tier_3.6d8e0235a5
[0m00:51:26.341710 [debug] [Thread-1 (]: Writing injected SQL for node "test.oss_intel.accepted_values_dim_repo_criticality_tier__tier_1__tier_2__tier_3.6d8e0235a5"
[0m00:51:26.342723 [debug] [Thread-2 (]: SQL status: OK in 0.039 seconds
[0m00:51:26.343169 [debug] [Thread-4 (]: SQL status: OK in 0.009 seconds
[0m00:51:26.344209 [debug] [Thread-3 (]: Began executing node model.oss_intel.int_first_contribution
[0m00:51:26.345212 [debug] [Thread-4 (]: On test.oss_intel.not_null_stg_issues_prs_repo_id.e0163b2181: ROLLBACK
[0m00:51:26.346227 [debug] [Thread-2 (]: On test.oss_intel.not_null_stg_issues_prs_author.3c12ab4fb3: ROLLBACK
[0m00:51:26.348209 [debug] [Thread-3 (]: Writing runtime sql for node "model.oss_intel.int_first_contribution"
[0m00:51:26.349208 [debug] [Thread-1 (]: Began executing node test.oss_intel.accepted_values_dim_repo_criticality_tier__tier_1__tier_2__tier_3.6d8e0235a5
[0m00:51:26.349208 [debug] [Thread-4 (]: On test.oss_intel.not_null_stg_issues_prs_repo_id.e0163b2181: Close
[0m00:51:26.349208 [debug] [Thread-2 (]: On test.oss_intel.not_null_stg_issues_prs_author.3c12ab4fb3: Close
[0m00:51:26.351261 [debug] [Thread-1 (]: Writing runtime sql for node "test.oss_intel.accepted_values_dim_repo_criticality_tier__tier_1__tier_2__tier_3.6d8e0235a5"
[0m00:51:26.352366 [info ] [Thread-4 (]: 17 of 39 PASS not_null_stg_issues_prs_repo_id .................................. [[32mPASS[0m in 0.05s]
[0m00:51:26.353418 [debug] [Thread-4 (]: Finished running node test.oss_intel.not_null_stg_issues_prs_repo_id.e0163b2181
[0m00:51:26.353418 [info ] [Thread-2 (]: 16 of 39 PASS not_null_stg_issues_prs_author ................................... [[32mPASS[0m in 0.08s]
[0m00:51:26.354952 [debug] [Thread-4 (]: Began running node test.oss_intel.not_null_dim_repo_repo_id.5882758698
[0m00:51:26.355973 [debug] [Thread-3 (]: Using duckdb connection "model.oss_intel.int_first_contribution"
[0m00:51:26.355973 [debug] [Thread-2 (]: Finished running node test.oss_intel.not_null_stg_issues_prs_author.3c12ab4fb3
[0m00:51:26.356975 [debug] [Thread-1 (]: Using duckdb connection "test.oss_intel.accepted_values_dim_repo_criticality_tier__tier_1__tier_2__tier_3.6d8e0235a5"
[0m00:51:26.356975 [info ] [Thread-4 (]: 20 of 39 START test not_null_dim_repo_repo_id .................................. [RUN]
[0m00:51:26.356975 [debug] [Thread-3 (]: On model.oss_intel.int_first_contribution: BEGIN
[0m00:51:26.356975 [debug] [Thread-2 (]: Began running node test.oss_intel.unique_dim_repo_repo_id.25d01fb4bd
[0m00:51:26.356975 [debug] [Thread-1 (]: On test.oss_intel.accepted_values_dim_repo_criticality_tier__tier_1__tier_2__tier_3.6d8e0235a5: BEGIN
[0m00:51:26.356975 [debug] [Thread-4 (]: Re-using an available connection from the pool (formerly test.oss_intel.not_null_stg_issues_prs_repo_id.e0163b2181, now test.oss_intel.not_null_dim_repo_repo_id.5882758698)
[0m00:51:26.356975 [debug] [Thread-3 (]: Opening a new connection, currently in state closed
[0m00:51:26.359670 [debug] [Thread-1 (]: Opening a new connection, currently in state closed
[0m00:51:26.359670 [info ] [Thread-2 (]: 21 of 39 START test unique_dim_repo_repo_id .................................... [RUN]
[0m00:51:26.360429 [debug] [Thread-4 (]: Began compiling node test.oss_intel.not_null_dim_repo_repo_id.5882758698
[0m00:51:26.360429 [debug] [Thread-2 (]: Re-using an available connection from the pool (formerly test.oss_intel.not_null_stg_issues_prs_author.3c12ab4fb3, now test.oss_intel.unique_dim_repo_repo_id.25d01fb4bd)
[0m00:51:26.366682 [debug] [Thread-4 (]: Writing injected SQL for node "test.oss_intel.not_null_dim_repo_repo_id.5882758698"
[0m00:51:26.366682 [debug] [Thread-3 (]: SQL status: OK in 0.008 seconds
[0m00:51:26.367669 [debug] [Thread-1 (]: SQL status: OK in 0.008 seconds
[0m00:51:26.367669 [debug] [Thread-2 (]: Began compiling node test.oss_intel.unique_dim_repo_repo_id.25d01fb4bd
[0m00:51:26.368683 [debug] [Thread-3 (]: Using duckdb connection "model.oss_intel.int_first_contribution"
[0m00:51:26.368683 [debug] [Thread-1 (]: Using duckdb connection "test.oss_intel.accepted_values_dim_repo_criticality_tier__tier_1__tier_2__tier_3.6d8e0235a5"
[0m00:51:26.377057 [debug] [Thread-2 (]: Writing injected SQL for node "test.oss_intel.unique_dim_repo_repo_id.25d01fb4bd"
[0m00:51:26.378873 [debug] [Thread-3 (]: On model.oss_intel.int_first_contribution: /* {"app": "dbt", "dbt_version": "1.12.5", "profile_name": "oss_intel", "target_name": "dev", "node_id": "model.oss_intel.int_first_contribution"} */

    

    create  table
      "oss"."main"."int_first_contribution__dbt_tmp"
  
    
    as (
      -- First month each person contributed to each repo.
--
-- LEFT-TRUNCATED: "first" means first observed since the analysis start, not
-- first ever. Someone who contributed in 2019 and returned last month looks
-- like a newcomer. Stated in docs/metrics.md and on the dashboard.
select
    repo_id,
    actor,
    min(contribution_month) as cohort_month
from "oss"."main"."stg_contributions"
group by 1, 2
    );
    
  
[0m00:51:26.378873 [debug] [Thread-1 (]: On test.oss_intel.accepted_values_dim_repo_criticality_tier__tier_1__tier_2__tier_3.6d8e0235a5: /* {"app": "dbt", "dbt_version": "1.12.5", "profile_name": "oss_intel", "target_name": "dev", "node_id": "test.oss_intel.accepted_values_dim_repo_criticality_tier__tier_1__tier_2__tier_3.6d8e0235a5"} */

    
    select
      count(*) as failures,
      count(*) != 0 as should_warn,
      count(*) != 0 as should_error
    from (
      
    
  
    
    

with all_values as (

    select
        criticality_tier as value_field,
        count(*) as n_records

    from "oss"."main"."dim_repo"
    group by criticality_tier

)

select *
from all_values
where value_field not in (
    'tier_1','tier_2','tier_3'
)



  
  
      
    ) dbt_internal_test
[0m00:51:26.379883 [debug] [Thread-4 (]: Began executing node test.oss_intel.not_null_dim_repo_repo_id.5882758698
[0m00:51:26.381881 [debug] [Thread-4 (]: Writing runtime sql for node "test.oss_intel.not_null_dim_repo_repo_id.5882758698"
[0m00:51:26.381881 [debug] [Thread-1 (]: SQL status: OK in 0.001 seconds
[0m00:51:26.382883 [debug] [Thread-2 (]: Began executing node test.oss_intel.unique_dim_repo_repo_id.25d01fb4bd
[0m00:51:26.384743 [debug] [Thread-1 (]: On test.oss_intel.accepted_values_dim_repo_criticality_tier__tier_1__tier_2__tier_3.6d8e0235a5: ROLLBACK
[0m00:51:26.386750 [debug] [Thread-2 (]: Writing runtime sql for node "test.oss_intel.unique_dim_repo_repo_id.25d01fb4bd"
[0m00:51:26.387969 [debug] [Thread-4 (]: Using duckdb connection "test.oss_intel.not_null_dim_repo_repo_id.5882758698"
[0m00:51:26.387969 [debug] [Thread-1 (]: On test.oss_intel.accepted_values_dim_repo_criticality_tier__tier_1__tier_2__tier_3.6d8e0235a5: Close
[0m00:51:26.387969 [debug] [Thread-4 (]: On test.oss_intel.not_null_dim_repo_repo_id.5882758698: BEGIN
[0m00:51:26.391754 [debug] [Thread-4 (]: Opening a new connection, currently in state closed
[0m00:51:26.391754 [info ] [Thread-1 (]: 19 of 39 PASS accepted_values_dim_repo_criticality_tier__tier_1__tier_2__tier_3  [[32mPASS[0m in 0.06s]
[0m00:51:26.392973 [debug] [Thread-1 (]: Finished running node test.oss_intel.accepted_values_dim_repo_criticality_tier__tier_1__tier_2__tier_3.6d8e0235a5
[0m00:51:26.393981 [debug] [Thread-1 (]: Began running node model.oss_intel.fct_source_fidelity
[0m00:51:26.393981 [info ] [Thread-1 (]: 22 of 39 SKIP relation main.fct_source_fidelity ................................ [[33mSKIP[0m]
[0m00:51:26.393981 [debug] [Thread-2 (]: Using duckdb connection "test.oss_intel.unique_dim_repo_repo_id.25d01fb4bd"
[0m00:51:26.393981 [debug] [Thread-4 (]: SQL status: OK in 0.004 seconds
[0m00:51:26.393981 [debug] [Thread-1 (]: Finished running node model.oss_intel.fct_source_fidelity
[0m00:51:26.393981 [debug] [Thread-2 (]: On test.oss_intel.unique_dim_repo_repo_id.25d01fb4bd: BEGIN
[0m00:51:26.393981 [debug] [Thread-4 (]: Using duckdb connection "test.oss_intel.not_null_dim_repo_repo_id.5882758698"
[0m00:51:26.393981 [debug] [Thread-1 (]: Began running node model.oss_intel.int_labeled_issues
[0m00:51:26.393981 [debug] [Thread-2 (]: Opening a new connection, currently in state closed
[0m00:51:26.393981 [debug] [Thread-7 (]: Marking all children of 'model.oss_intel.fct_source_fidelity' to be skipped because of status 'skipped'. 
[0m00:51:26.393981 [debug] [Thread-4 (]: On test.oss_intel.not_null_dim_repo_repo_id.5882758698: /* {"app": "dbt", "dbt_version": "1.12.5", "profile_name": "oss_intel", "target_name": "dev", "node_id": "test.oss_intel.not_null_dim_repo_repo_id.5882758698"} */

    
    select
      count(*) as failures,
      count(*) != 0 as should_warn,
      count(*) != 0 as should_error
    from (
      
    
  
    
    



select repo_id
from "oss"."main"."dim_repo"
where repo_id is null



  
  
      
    ) dbt_internal_test
[0m00:51:26.393981 [info ] [Thread-1 (]: 23 of 39 SKIP relation main.int_labeled_issues ................................. [[33mSKIP[0m]
[0m00:51:26.393981 [debug] [Thread-2 (]: SQL status: OK in 0.001 seconds
[0m00:51:26.393981 [debug] [Thread-1 (]: Finished running node model.oss_intel.int_labeled_issues
[0m00:51:26.393981 [debug] [Thread-2 (]: Using duckdb connection "test.oss_intel.unique_dim_repo_repo_id.25d01fb4bd"
[0m00:51:26.393981 [debug] [Thread-4 (]: SQL status: OK in 0.001 seconds
[0m00:51:26.393981 [debug] [Thread-1 (]: Began running node model.oss_intel.int_merged_prs
[0m00:51:26.401261 [debug] [Thread-2 (]: On test.oss_intel.unique_dim_repo_repo_id.25d01fb4bd: /* {"app": "dbt", "dbt_version": "1.12.5", "profile_name": "oss_intel", "target_name": "dev", "node_id": "test.oss_intel.unique_dim_repo_repo_id.25d01fb4bd"} */

    
    select
      count(*) as failures,
      count(*) != 0 as should_warn,
      count(*) != 0 as should_error
    from (
      
    
  
    
    

select
    repo_id as unique_field,
    count(*) as n_records

from "oss"."main"."dim_repo"
where repo_id is not null
group by repo_id
having count(*) > 1



  
  
      
    ) dbt_internal_test
[0m00:51:26.401261 [debug] [Thread-7 (]: Marking all children of 'model.oss_intel.int_labeled_issues' to be skipped because of status 'skipped'. 
[0m00:51:26.402277 [debug] [Thread-4 (]: On test.oss_intel.not_null_dim_repo_repo_id.5882758698: ROLLBACK
[0m00:51:26.403271 [info ] [Thread-1 (]: 24 of 39 SKIP relation main.int_merged_prs ..................................... [[33mSKIP[0m]
[0m00:51:26.404692 [debug] [Thread-1 (]: Finished running node model.oss_intel.int_merged_prs
[0m00:51:26.407231 [debug] [Thread-4 (]: On test.oss_intel.not_null_dim_repo_repo_id.5882758698: Close
[0m00:51:26.407231 [debug] [Thread-1 (]: Began running node model.oss_intel.fct_release_reliability
[0m00:51:26.407231 [debug] [Thread-7 (]: Marking all children of 'model.oss_intel.int_merged_prs' to be skipped because of status 'skipped'. 
[0m00:51:26.407231 [debug] [Thread-2 (]: SQL status: OK in 0.005 seconds
[0m00:51:26.409620 [info ] [Thread-4 (]: 20 of 39 PASS not_null_dim_repo_repo_id ........................................ [[32mPASS[0m in 0.05s]
[0m00:51:26.411119 [debug] [Thread-4 (]: Finished running node test.oss_intel.not_null_dim_repo_repo_id.5882758698
[0m00:51:26.409620 [info ] [Thread-1 (]: 25 of 39 SKIP relation main.fct_release_reliability ............................ [[33mSKIP[0m]
[0m00:51:26.411119 [debug] [Thread-4 (]: Began running node model.oss_intel.int_bus_factor
[0m00:51:26.413196 [debug] [Thread-2 (]: On test.oss_intel.unique_dim_repo_repo_id.25d01fb4bd: ROLLBACK
[0m00:51:26.413196 [debug] [Thread-1 (]: Finished running node model.oss_intel.fct_release_reliability
[0m00:51:26.414202 [info ] [Thread-4 (]: 26 of 39 SKIP relation main.int_bus_factor ..................................... [[33mSKIP[0m]
[0m00:51:26.415202 [debug] [Thread-7 (]: Marking all children of 'model.oss_intel.fct_release_reliability' to be skipped because of status 'skipped'. 
[0m00:51:26.415202 [debug] [Thread-2 (]: On test.oss_intel.unique_dim_repo_repo_id.25d01fb4bd: Close
[0m00:51:26.416202 [debug] [Thread-4 (]: Finished running node model.oss_intel.int_bus_factor
[0m00:51:26.418200 [debug] [Thread-7 (]: Marking all children of 'model.oss_intel.int_bus_factor' to be skipped because of status 'skipped'. 
[0m00:51:26.419202 [debug] [Thread-1 (]: Began running node test.oss_intel.assert_bus_factor_positive
[0m00:51:26.417202 [info ] [Thread-2 (]: 21 of 39 PASS unique_dim_repo_repo_id .......................................... [[32mPASS[0m in 0.06s]
[0m00:51:26.421204 [debug] [Thread-2 (]: Finished running node test.oss_intel.unique_dim_repo_repo_id.25d01fb4bd
[0m00:51:26.420202 [info ] [Thread-1 (]: 27 of 39 SKIP test assert_bus_factor_positive .................................. [[33mSKIP[0m]
[0m00:51:26.423741 [debug] [Thread-1 (]: Finished running node test.oss_intel.assert_bus_factor_positive
[0m00:51:26.426349 [debug] [Thread-7 (]: Marking all children of 'test.oss_intel.assert_bus_factor_positive' to be skipped because of status 'skipped'. 
[0m00:51:26.436717 [debug] [Thread-4 (]: Began running node model.oss_intel.fct_repo_health_monthly
[0m00:51:26.437720 [info ] [Thread-4 (]: 28 of 39 SKIP relation main.fct_repo_health_monthly ............................ [[33mSKIP[0m]
[0m00:51:26.443202 [debug] [Thread-4 (]: Finished running node model.oss_intel.fct_repo_health_monthly
[0m00:51:26.444212 [debug] [Thread-7 (]: Marking all children of 'model.oss_intel.fct_repo_health_monthly' to be skipped because of status 'skipped'. 
[0m00:51:26.445693 [debug] [Thread-1 (]: Began running node test.oss_intel.not_null_fct_repo_health_monthly_repo_id.db5aecfea4
[0m00:51:26.447711 [debug] [Thread-2 (]: Began running node test.oss_intel.relationships_fct_repo_health_monthly_repo_id__repo_id__ref_dim_repo_.0c80c8c8ec
[0m00:51:26.447711 [info ] [Thread-1 (]: 29 of 39 SKIP test not_null_fct_repo_health_monthly_repo_id .................... [[33mSKIP[0m]
[0m00:51:26.447711 [debug] [Thread-1 (]: Finished running node test.oss_intel.not_null_fct_repo_health_monthly_repo_id.db5aecfea4
[0m00:51:26.451379 [debug] [Thread-7 (]: Marking all children of 'test.oss_intel.not_null_fct_repo_health_monthly_repo_id.db5aecfea4' to be skipped because of status 'skipped'. 
[0m00:51:26.447711 [info ] [Thread-2 (]: 30 of 39 SKIP test relationships_fct_repo_health_monthly_repo_id__repo_id__ref_dim_repo_  [[33mSKIP[0m]
[0m00:51:26.453682 [debug] [Thread-2 (]: Finished running node test.oss_intel.relationships_fct_repo_health_monthly_repo_id__repo_id__ref_dim_repo_.0c80c8c8ec
[0m00:51:26.454682 [debug] [Thread-7 (]: Marking all children of 'test.oss_intel.relationships_fct_repo_health_monthly_repo_id__repo_id__ref_dim_repo_.0c80c8c8ec' to be skipped because of status 'skipped'. 
[0m00:51:26.503810 [debug] [Thread-3 (]: SQL status: OK in 0.123 seconds
[0m00:51:26.505801 [debug] [Thread-3 (]: Using duckdb connection "model.oss_intel.int_first_contribution"
[0m00:51:26.506573 [debug] [Thread-3 (]: On model.oss_intel.int_first_contribution: /* {"app": "dbt", "dbt_version": "1.12.5", "profile_name": "oss_intel", "target_name": "dev", "node_id": "model.oss_intel.int_first_contribution"} */
alter table "oss"."main"."int_first_contribution__dbt_tmp" rename to "int_first_contribution"
[0m00:51:26.506970 [debug] [Thread-3 (]: SQL status: OK in 0.001 seconds
[0m00:51:26.506970 [debug] [Thread-3 (]: On model.oss_intel.int_first_contribution: COMMIT
[0m00:51:26.506970 [debug] [Thread-3 (]: Using duckdb connection "model.oss_intel.int_first_contribution"
[0m00:51:26.506970 [debug] [Thread-3 (]: On model.oss_intel.int_first_contribution: COMMIT
[0m00:51:26.510581 [debug] [Thread-3 (]: SQL status: OK in 0.005 seconds
[0m00:51:26.510581 [debug] [Thread-3 (]: Using duckdb connection "model.oss_intel.int_first_contribution"
[0m00:51:26.510581 [debug] [Thread-3 (]: On model.oss_intel.int_first_contribution: /* {"app": "dbt", "dbt_version": "1.12.5", "profile_name": "oss_intel", "target_name": "dev", "node_id": "model.oss_intel.int_first_contribution"} */

      drop table if exists "oss"."main"."int_first_contribution__dbt_backup" cascade
    
[0m00:51:26.510581 [debug] [Thread-3 (]: SQL status: OK in 0.000 seconds
[0m00:51:26.517934 [debug] [Thread-3 (]: On model.oss_intel.int_first_contribution: Close
[0m00:51:26.517934 [debug] [Thread-3 (]: Sending event: {'category': 'dbt', 'action': 'run_model', 'label': '9541f982-e22e-49d3-afdf-9050aa272c29', 'context': [<snowplow_tracker.self_describing_json.SelfDescribingJson object at 0x0000026217CDAD20>]}
[0m00:51:26.518941 [info ] [Thread-3 (]: 18 of 39 OK created sql table model main.int_first_contribution ................ [[32mOK[0m in 0.19s]
[0m00:51:26.518941 [debug] [Thread-3 (]: Finished running node model.oss_intel.int_first_contribution
[0m00:51:26.519941 [debug] [Thread-4 (]: Began running node model.oss_intel.fct_contributor_cohorts
[0m00:51:26.520942 [info ] [Thread-4 (]: 31 of 39 START sql table model main.fct_contributor_cohorts .................... [RUN]
[0m00:51:26.521946 [debug] [Thread-4 (]: Re-using an available connection from the pool (formerly test.oss_intel.not_null_dim_repo_repo_id.5882758698, now model.oss_intel.fct_contributor_cohorts)
[0m00:51:26.521946 [debug] [Thread-4 (]: Began compiling node model.oss_intel.fct_contributor_cohorts
[0m00:51:26.523946 [debug] [Thread-4 (]: Writing injected SQL for node "model.oss_intel.fct_contributor_cohorts"
[0m00:51:26.524946 [debug] [Thread-4 (]: Began executing node model.oss_intel.fct_contributor_cohorts
[0m00:51:26.527949 [debug] [Thread-4 (]: Writing runtime sql for node "model.oss_intel.fct_contributor_cohorts"
[0m00:51:26.528950 [debug] [Thread-4 (]: Using duckdb connection "model.oss_intel.fct_contributor_cohorts"
[0m00:51:26.529950 [debug] [Thread-4 (]: On model.oss_intel.fct_contributor_cohorts: BEGIN
[0m00:51:26.529950 [debug] [Thread-4 (]: Opening a new connection, currently in state closed
[0m00:51:26.530949 [debug] [Thread-4 (]: SQL status: OK in 0.001 seconds
[0m00:51:26.530949 [debug] [Thread-4 (]: Using duckdb connection "model.oss_intel.fct_contributor_cohorts"
[0m00:51:26.531950 [debug] [Thread-4 (]: On model.oss_intel.fct_contributor_cohorts: /* {"app": "dbt", "dbt_version": "1.12.5", "profile_name": "oss_intel", "target_name": "dev", "node_id": "model.oss_intel.fct_contributor_cohorts"} */

    

    create  table
      "oss"."main"."fct_contributor_cohorts__dbt_tmp"
  
    
    as (
      -- Retention triangle. Of the people whose first observed contribution to a
-- repo fell in month M, how many were active again N months later?
--
-- Total contributor count is a vanity metric - it rises with any attention.
-- Retention says whether a project turns newcomers into regulars, which is
-- what determines survival past the current maintainers.
with cohort_size as (

    select repo_id, cohort_month, count(distinct actor) as cohort_contributors
    from "oss"."main"."int_first_contribution"
    group by 1, 2

),

activity as (

    select
        f.repo_id,
        f.cohort_month,
        f.actor,
        date_diff('month', f.cohort_month, c.contribution_month) as months_since
    from "oss"."main"."int_first_contribution" f
    join "oss"."main"."stg_contributions" c
      on f.repo_id = c.repo_id and f.actor = c.actor
    where c.contribution_month > f.cohort_month

)

select
    a.repo_id,
    a.cohort_month,
    a.months_since,
    s.cohort_contributors,
    count(distinct a.actor)                                           as retained_contributors,
    count(distinct a.actor) * 1.0 / nullif(s.cohort_contributors, 0)  as retention_rate
from activity a
join cohort_size s
  on a.repo_id = s.repo_id and a.cohort_month = s.cohort_month
where a.months_since between 1 and 12
group by 1, 2, 3, 4
    );
    
  
[0m00:51:28.848940 [debug] [Thread-4 (]: SQL status: OK in 2.317 seconds
[0m00:51:28.850946 [debug] [Thread-4 (]: Using duckdb connection "model.oss_intel.fct_contributor_cohorts"
[0m00:51:28.850946 [debug] [Thread-4 (]: On model.oss_intel.fct_contributor_cohorts: /* {"app": "dbt", "dbt_version": "1.12.5", "profile_name": "oss_intel", "target_name": "dev", "node_id": "model.oss_intel.fct_contributor_cohorts"} */
alter table "oss"."main"."fct_contributor_cohorts__dbt_tmp" rename to "fct_contributor_cohorts"
[0m00:51:28.850946 [debug] [Thread-4 (]: SQL status: OK in 0.000 seconds
[0m00:51:28.852951 [debug] [Thread-4 (]: On model.oss_intel.fct_contributor_cohorts: COMMIT
[0m00:51:28.852951 [debug] [Thread-4 (]: Using duckdb connection "model.oss_intel.fct_contributor_cohorts"
[0m00:51:28.852951 [debug] [Thread-4 (]: On model.oss_intel.fct_contributor_cohorts: COMMIT
[0m00:51:28.854956 [debug] [Thread-4 (]: SQL status: OK in 0.003 seconds
[0m00:51:28.857361 [debug] [Thread-4 (]: Using duckdb connection "model.oss_intel.fct_contributor_cohorts"
[0m00:51:28.857361 [debug] [Thread-4 (]: On model.oss_intel.fct_contributor_cohorts: /* {"app": "dbt", "dbt_version": "1.12.5", "profile_name": "oss_intel", "target_name": "dev", "node_id": "model.oss_intel.fct_contributor_cohorts"} */

      drop table if exists "oss"."main"."fct_contributor_cohorts__dbt_backup" cascade
    
[0m00:51:28.857361 [debug] [Thread-4 (]: SQL status: OK in 0.000 seconds
[0m00:51:28.859366 [debug] [Thread-4 (]: On model.oss_intel.fct_contributor_cohorts: Close
[0m00:51:28.859366 [debug] [Thread-4 (]: Sending event: {'category': 'dbt', 'action': 'run_model', 'label': '9541f982-e22e-49d3-afdf-9050aa272c29', 'context': [<snowplow_tracker.self_describing_json.SelfDescribingJson object at 0x0000026217F0DFA0>]}
[0m00:51:28.859366 [info ] [Thread-4 (]: 31 of 39 OK created sql table model main.fct_contributor_cohorts ............... [[32mOK[0m in 2.34s]
[0m00:51:28.861372 [debug] [Thread-4 (]: Finished running node model.oss_intel.fct_contributor_cohorts
[0m00:51:28.861372 [debug] [Thread-2 (]: Began running node test.oss_intel.assert_retention_rate_in_bounds
[0m00:51:28.861372 [debug] [Thread-3 (]: Began running node test.oss_intel.not_null_fct_contributor_cohorts_retention_rate.88e22f68cf
[0m00:51:28.861372 [info ] [Thread-2 (]: 32 of 39 START test assert_retention_rate_in_bounds ............................ [RUN]
[0m00:51:28.861372 [info ] [Thread-3 (]: 33 of 39 START test not_null_fct_contributor_cohorts_retention_rate ............ [RUN]
[0m00:51:28.861372 [debug] [Thread-2 (]: Re-using an available connection from the pool (formerly test.oss_intel.unique_dim_repo_repo_id.25d01fb4bd, now test.oss_intel.assert_retention_rate_in_bounds)
[0m00:51:28.861372 [debug] [Thread-3 (]: Re-using an available connection from the pool (formerly model.oss_intel.int_first_contribution, now test.oss_intel.not_null_fct_contributor_cohorts_retention_rate.88e22f68cf)
[0m00:51:28.861372 [debug] [Thread-2 (]: Began compiling node test.oss_intel.assert_retention_rate_in_bounds
[0m00:51:28.861372 [debug] [Thread-3 (]: Began compiling node test.oss_intel.not_null_fct_contributor_cohorts_retention_rate.88e22f68cf
[0m00:51:28.861372 [debug] [Thread-2 (]: Writing injected SQL for node "test.oss_intel.assert_retention_rate_in_bounds"
[0m00:51:28.868211 [debug] [Thread-3 (]: Writing injected SQL for node "test.oss_intel.not_null_fct_contributor_cohorts_retention_rate.88e22f68cf"
[0m00:51:28.868211 [debug] [Thread-3 (]: Began executing node test.oss_intel.not_null_fct_contributor_cohorts_retention_rate.88e22f68cf
[0m00:51:28.868211 [debug] [Thread-3 (]: Writing runtime sql for node "test.oss_intel.not_null_fct_contributor_cohorts_retention_rate.88e22f68cf"
[0m00:51:28.868211 [debug] [Thread-2 (]: Began executing node test.oss_intel.assert_retention_rate_in_bounds
[0m00:51:28.873486 [debug] [Thread-2 (]: Writing runtime sql for node "test.oss_intel.assert_retention_rate_in_bounds"
[0m00:51:28.873486 [debug] [Thread-3 (]: Using duckdb connection "test.oss_intel.not_null_fct_contributor_cohorts_retention_rate.88e22f68cf"
[0m00:51:28.873486 [debug] [Thread-3 (]: On test.oss_intel.not_null_fct_contributor_cohorts_retention_rate.88e22f68cf: BEGIN
[0m00:51:28.873486 [debug] [Thread-3 (]: Opening a new connection, currently in state closed
[0m00:51:28.875252 [debug] [Thread-3 (]: SQL status: OK in 0.001 seconds
[0m00:51:28.875252 [debug] [Thread-3 (]: Using duckdb connection "test.oss_intel.not_null_fct_contributor_cohorts_retention_rate.88e22f68cf"
[0m00:51:28.875252 [debug] [Thread-3 (]: On test.oss_intel.not_null_fct_contributor_cohorts_retention_rate.88e22f68cf: /* {"app": "dbt", "dbt_version": "1.12.5", "profile_name": "oss_intel", "target_name": "dev", "node_id": "test.oss_intel.not_null_fct_contributor_cohorts_retention_rate.88e22f68cf"} */

    
    select
      count(*) as failures,
      count(*) != 0 as should_warn,
      count(*) != 0 as should_error
    from (
      
    
  
    
    



select retention_rate
from "oss"."main"."fct_contributor_cohorts"
where retention_rate is null



  
  
      
    ) dbt_internal_test
[0m00:51:28.876260 [debug] [Thread-2 (]: Using duckdb connection "test.oss_intel.assert_retention_rate_in_bounds"
[0m00:51:28.877259 [debug] [Thread-2 (]: On test.oss_intel.assert_retention_rate_in_bounds: BEGIN
[0m00:51:28.877259 [debug] [Thread-3 (]: SQL status: OK in 0.001 seconds
[0m00:51:28.877259 [debug] [Thread-2 (]: Opening a new connection, currently in state closed
[0m00:51:28.879266 [debug] [Thread-3 (]: On test.oss_intel.not_null_fct_contributor_cohorts_retention_rate.88e22f68cf: ROLLBACK
[0m00:51:28.880284 [debug] [Thread-2 (]: SQL status: OK in 0.003 seconds
[0m00:51:28.881273 [debug] [Thread-2 (]: Using duckdb connection "test.oss_intel.assert_retention_rate_in_bounds"
[0m00:51:28.881273 [debug] [Thread-2 (]: On test.oss_intel.assert_retention_rate_in_bounds: /* {"app": "dbt", "dbt_version": "1.12.5", "profile_name": "oss_intel", "target_name": "dev", "node_id": "test.oss_intel.assert_retention_rate_in_bounds"} */

    
    select
      count(*) as failures,
      count(*) != 0 as should_warn,
      count(*) != 0 as should_error
    from (
      
    
  select * from "oss"."main"."fct_contributor_cohorts"
where retention_rate < 0 or retention_rate > 1
  
  
      
    ) dbt_internal_test
[0m00:51:28.881273 [debug] [Thread-3 (]: On test.oss_intel.not_null_fct_contributor_cohorts_retention_rate.88e22f68cf: Close
[0m00:51:28.882275 [debug] [Thread-2 (]: SQL status: OK in 0.001 seconds
[0m00:51:28.882275 [info ] [Thread-3 (]: 33 of 39 PASS not_null_fct_contributor_cohorts_retention_rate .................. [[32mPASS[0m in 0.02s]
[0m00:51:28.883265 [debug] [Thread-3 (]: Finished running node test.oss_intel.not_null_fct_contributor_cohorts_retention_rate.88e22f68cf
[0m00:51:28.884265 [debug] [Thread-2 (]: On test.oss_intel.assert_retention_rate_in_bounds: ROLLBACK
[0m00:51:28.885265 [debug] [Thread-2 (]: On test.oss_intel.assert_retention_rate_in_bounds: Close
[0m00:51:28.885265 [info ] [Thread-2 (]: 32 of 39 PASS assert_retention_rate_in_bounds .................................. [[32mPASS[0m in 0.02s]
[0m00:51:28.885265 [debug] [Thread-2 (]: Finished running node test.oss_intel.assert_retention_rate_in_bounds
[0m00:51:28.885265 [debug] [Thread-4 (]: Began running node model.oss_intel.fct_repo_health_current
[0m00:51:28.887433 [info ] [Thread-4 (]: 34 of 39 SKIP relation main.fct_repo_health_current ............................ [[33mSKIP[0m]
[0m00:51:28.887433 [debug] [Thread-4 (]: Finished running node model.oss_intel.fct_repo_health_current
[0m00:51:28.888669 [debug] [Thread-7 (]: Marking all children of 'model.oss_intel.fct_repo_health_current' to be skipped because of status 'skipped'. 
[0m00:51:28.889676 [debug] [Thread-3 (]: Began running node test.oss_intel.accepted_values_fct_repo_health_current_health_tier__critical__at_risk__stable__healthy.9a342e5ed4
[0m00:51:28.889676 [debug] [Thread-2 (]: Began running node test.oss_intel.assert_health_score_in_bounds
[0m00:51:28.889676 [debug] [Thread-1 (]: Began running node test.oss_intel.not_null_fct_repo_health_current_health_score.c591e59468
[0m00:51:28.889676 [debug] [Thread-4 (]: Began running node test.oss_intel.not_null_fct_repo_health_current_repo_id.d840f5a59f
[0m00:51:28.889676 [info ] [Thread-3 (]: 35 of 39 SKIP test accepted_values_fct_repo_health_current_health_tier__critical__at_risk__stable__healthy  [[33mSKIP[0m]
[0m00:51:28.889676 [info ] [Thread-2 (]: 36 of 39 SKIP test assert_health_score_in_bounds ............................... [[33mSKIP[0m]
[0m00:51:28.892647 [debug] [Thread-3 (]: Finished running node test.oss_intel.accepted_values_fct_repo_health_current_health_tier__critical__at_risk__stable__healthy.9a342e5ed4
[0m00:51:28.889676 [info ] [Thread-1 (]: 37 of 39 SKIP test not_null_fct_repo_health_current_health_score ............... [[33mSKIP[0m]
[0m00:51:28.894658 [debug] [Thread-2 (]: Finished running node test.oss_intel.assert_health_score_in_bounds
[0m00:51:28.894658 [debug] [Thread-3 (]: Began running node test.oss_intel.unique_fct_repo_health_current_repo_id.e11f11429d
[0m00:51:28.892298 [info ] [Thread-4 (]: 38 of 39 SKIP test not_null_fct_repo_health_current_repo_id .................... [[33mSKIP[0m]
[0m00:51:28.894658 [debug] [Thread-7 (]: Marking all children of 'test.oss_intel.accepted_values_fct_repo_health_current_health_tier__critical__at_risk__stable__healthy.9a342e5ed4' to be skipped because of status 'skipped'. 
[0m00:51:28.894658 [debug] [Thread-1 (]: Finished running node test.oss_intel.not_null_fct_repo_health_current_health_score.c591e59468
[0m00:51:28.894658 [debug] [Thread-4 (]: Finished running node test.oss_intel.not_null_fct_repo_health_current_repo_id.d840f5a59f
[0m00:51:28.894658 [debug] [Thread-7 (]: Marking all children of 'test.oss_intel.assert_health_score_in_bounds' to be skipped because of status 'skipped'. 
[0m00:51:28.894658 [info ] [Thread-3 (]: 39 of 39 SKIP test unique_fct_repo_health_current_repo_id ...................... [[33mSKIP[0m]
[0m00:51:28.894658 [debug] [Thread-7 (]: Marking all children of 'test.oss_intel.not_null_fct_repo_health_current_health_score.c591e59468' to be skipped because of status 'skipped'. 
[0m00:51:28.901099 [debug] [Thread-3 (]: Finished running node test.oss_intel.unique_fct_repo_health_current_repo_id.e11f11429d
[0m00:51:28.901099 [debug] [Thread-7 (]: Marking all children of 'test.oss_intel.not_null_fct_repo_health_current_repo_id.d840f5a59f' to be skipped because of status 'skipped'. 
[0m00:51:28.903110 [debug] [Thread-7 (]: Marking all children of 'test.oss_intel.unique_fct_repo_health_current_repo_id.e11f11429d' to be skipped because of status 'skipped'. 
[0m00:51:28.903110 [debug] [MainThread]: Using duckdb connection "master"
[0m00:51:28.906112 [debug] [MainThread]: On master: BEGIN
[0m00:51:28.906112 [debug] [MainThread]: Opening a new connection, currently in state closed
[0m00:51:28.906112 [debug] [MainThread]: SQL status: OK in 0.001 seconds
[0m00:51:28.906112 [debug] [MainThread]: On master: COMMIT
[0m00:51:28.906112 [debug] [MainThread]: Using duckdb connection "master"
[0m00:51:28.909424 [debug] [MainThread]: On master: COMMIT
[0m00:51:28.909424 [debug] [MainThread]: SQL status: OK in 0.000 seconds
[0m00:51:28.909424 [debug] [MainThread]: On master: Close
[0m00:51:28.909424 [debug] [MainThread]: Connection 'master' was properly closed.
[0m00:51:28.909424 [debug] [MainThread]: Connection 'create_oss_main' was properly closed.
[0m00:51:28.912361 [debug] [MainThread]: Connection 'list_oss_main' was properly closed.
[0m00:51:28.912361 [debug] [MainThread]: Connection 'test.oss_intel.accepted_values_dim_repo_criticality_tier__tier_1__tier_2__tier_3.6d8e0235a5' was properly closed.
[0m00:51:28.912361 [debug] [MainThread]: Connection 'test.oss_intel.assert_retention_rate_in_bounds' was properly closed.
[0m00:51:28.912361 [debug] [MainThread]: Connection 'test.oss_intel.not_null_fct_contributor_cohorts_retention_rate.88e22f68cf' was properly closed.
[0m00:51:28.912361 [debug] [MainThread]: Connection 'model.oss_intel.fct_contributor_cohorts' was properly closed.
[0m00:51:28.913366 [info ] [MainThread]: 
[0m00:51:28.913366 [info ] [MainThread]: Finished running 4 seeds, 10 table models, 20 data tests, 5 view models in 0 hours 0 minutes and 3.44 seconds (3.44s).
[0m00:51:28.916375 [debug] [MainThread]: Command end result
[0m00:51:28.972387 [debug] [MainThread]: Wrote artifact WritableManifest to C:\Users\ubedu\projects\oss-intel\target\manifest.json
[0m00:51:28.975394 [debug] [MainThread]: Wrote artifact SemanticManifest to C:\Users\ubedu\projects\oss-intel\target\semantic_manifest.json
[0m00:51:28.977998 [debug] [MainThread]: Wrote artifact OsiDocument to C:\Users\ubedu\projects\oss-intel\target\osi_document.json
[0m00:51:28.984000 [debug] [MainThread]: Wrote artifact RunExecutionResult to C:\Users\ubedu\projects\oss-intel\target\run_results.json
[0m00:51:28.984000 [info ] [MainThread]: 
[0m00:51:28.984000 [info ] [MainThread]: [31mCompleted with 1 error, 0 partial successes, and 0 warnings:[0m
[0m00:51:28.984000 [info ] [MainThread]: 
[0m00:51:28.984000 [error] [MainThread]: [[31mERROR[0m]: in test assert_response_time_non_negative (tests\assert_response_time_non_negative.sql)
[0m00:51:28.984000 [error] [MainThread]:   Got 1 result, configured to fail if != 0
[0m00:51:28.984000 [info ] [MainThread]: 
[0m00:51:28.984000 [info ] [MainThread]:   compiled code at target\compiled\oss_intel\tests\assert_response_time_non_negative.sql
[0m00:51:28.984000 [info ] [MainThread]: 
[0m00:51:28.984000 [info ] [MainThread]: Done. PASS=23 WARN=0 ERROR=1 SKIP=15 NO-OP=0 REUSED=0 TOTAL=39
[0m00:51:28.984000 [warn ] [MainThread]: [[33mWARNING[0m][DeprecationsSummary]: Deprecated functionality
Summary of encountered deprecations:
- MissingArgumentsPropertyInGenericTestDeprecation: 3 occurrences
To see all deprecation instances instead of just the first occurrence of each,
run command again with the `--show-all-deprecations` flag. You may also need to
run with `--no-partial-parse` as some deprecations are only encountered during
parsing.
[0m00:51:28.984000 [debug] [MainThread]: Command `dbt build` failed at 00:51:28.984000 after 7.73 seconds
[0m00:51:28.984000 [debug] [MainThread]: Sending event: {'category': 'dbt', 'action': 'invocation', 'label': 'end', 'context': [<snowplow_tracker.self_describing_json.SelfDescribingJson object at 0x000002621559E3F0>, <snowplow_tracker.self_describing_json.SelfDescribingJson object at 0x000002621739BAA0>, <snowplow_tracker.self_describing_json.SelfDescribingJson object at 0x000002621739BB30>]}
[0m00:51:28.984000 [debug] [MainThread]: Flushing usage events
[0m00:51:30.967708 [debug] [MainThread]: An error was encountered while trying to flush usage events
[0m00:53:32.988821 [debug] [MainThread]: Sending event: {'category': 'dbt', 'action': 'invocation', 'label': 'start', 'context': [<snowplow_tracker.self_describing_json.SelfDescribingJson object at 0x000001A29B697CB0>, <snowplow_tracker.self_describing_json.SelfDescribingJson object at 0x000001A299667500>, <snowplow_tracker.self_describing_json.SelfDescribingJson object at 0x000001A29B64B3B0>]}


============================== 00:53:32.994483 | 252c6e09-36fb-4106-a79f-9692b2164271 ==============================
[0m00:53:32.994483 [info ] [MainThread]: Running with dbt=1.12.5
[0m00:53:32.995168 [debug] [MainThread]: running dbt with arguments {'maximum_seed_size_mib': '1', 'no_print': 'None', 'version_check': 'True', 'target_path': 'None', 'static_parser': 'True', 'warn_error_options': 'WarnErrorOptionsV2(error=[], warn=[], silence=[])', 'printer_width': '80', 'write_json': 'True', 'introspect': 'True', 'log_cache_events': 'False', 'empty': 'False', 'cache_selected_only': 'False', 'log_format': 'default', 'debug': 'False', 'fail_fast': 'False', 'partial_parse': 'True', 'send_anonymous_usage_stats': 'True', 'quiet': 'False', 'warn_error': 'None', 'profiles_dir': '.', 'use_colors': 'True', 'hints_enabled': 'True', 'indirect_selection': 'eager', 'use_experimental_parser': 'False', 'invocation_command': 'dbt build --profiles-dir .', 'log_path': 'C:\\Users\\ubedu\\projects\\oss-intel\\logs'}
[0m00:53:33.221753 [debug] [MainThread]: Sending event: {'category': 'dbt', 'action': 'project_id', 'label': '252c6e09-36fb-4106-a79f-9692b2164271', 'context': [<snowplow_tracker.self_describing_json.SelfDescribingJson object at 0x000001A29B75CAA0>]}
[0m00:53:33.296045 [debug] [MainThread]: Sending event: {'category': 'dbt', 'action': 'adapter_info', 'label': '252c6e09-36fb-4106-a79f-9692b2164271', 'context': [<snowplow_tracker.self_describing_json.SelfDescribingJson object at 0x000001A299ACD8E0>]}
[0m00:53:33.299048 [info ] [MainThread]: Registered adapter: duckdb=1.11.0
[0m00:53:33.543017 [debug] [MainThread]: checksum: 7df6d4a785be419a82a28629a0a9d1272444ef023b256f90b78bcec6eba9dcfd, vars: {}, profile: oss_intel, target: dev, version: 1.12.5
[0m00:53:33.693299 [debug] [MainThread]: Partial parsing enabled: 0 files deleted, 0 files added, 0 files changed.
[0m00:53:33.693299 [debug] [MainThread]: Nothing changed, skipping partial parsing.
[0m00:53:33.693299 [debug] [MainThread]: Partial parsing enabled, no changes found, skipping parsing
[0m00:53:33.699318 [debug] [MainThread]: Sending event: {'category': 'dbt', 'action': 'load_project', 'label': '252c6e09-36fb-4106-a79f-9692b2164271', 'context': [<snowplow_tracker.self_describing_json.SelfDescribingJson object at 0x000001A297193710>]}
[0m00:53:33.800655 [debug] [MainThread]: Wrote artifact WritableManifest to C:\Users\ubedu\projects\oss-intel\target\manifest.json
[0m00:53:33.802660 [debug] [MainThread]: Wrote artifact SemanticManifest to C:\Users\ubedu\projects\oss-intel\target\semantic_manifest.json
[0m00:53:33.816489 [debug] [MainThread]: Wrote artifact OsiDocument to C:\Users\ubedu\projects\oss-intel\target\osi_document.json
[0m00:53:33.916601 [debug] [MainThread]: Sending event: {'category': 'dbt', 'action': 'resource_counts', 'label': '252c6e09-36fb-4106-a79f-9692b2164271', 'context': [<snowplow_tracker.self_describing_json.SelfDescribingJson object at 0x000001A29B711610>]}
[0m00:53:33.917267 [info ] [MainThread]: Found 15 models, 20 data tests, 4 seeds, 500 macros
[0m00:53:33.921139 [info ] [MainThread]: 
[0m00:53:33.922136 [info ] [MainThread]: Concurrency: 4 threads (target='dev')
[0m00:53:33.922136 [info ] [MainThread]: 
[0m00:53:33.923127 [debug] [MainThread]: Acquiring new duckdb connection 'master'
[0m00:53:33.926546 [debug] [ThreadPool]: Acquiring new duckdb connection 'list_oss'
[0m00:53:33.986699 [debug] [ThreadPool]: Using duckdb connection "list_oss"
[0m00:53:33.986699 [debug] [ThreadPool]: On list_oss: /* {"app": "dbt", "dbt_version": "1.12.5", "profile_name": "oss_intel", "target_name": "dev", "connection_name": "list_oss"} */

    
    select schema_name
    from system.information_schema.schemata
    
    where lower(catalog_name) = '"oss"'
    
  
  
[0m00:53:33.986699 [debug] [ThreadPool]: Opening a new connection, currently in state init
[0m00:53:34.004315 [debug] [ThreadPool]: SQL status: OK in 0.013 seconds
[0m00:53:34.004315 [debug] [ThreadPool]: On list_oss: Close
[0m00:53:34.004315 [debug] [ThreadPool]: Re-using an available connection from the pool (formerly list_oss, now create_oss_main)
[0m00:53:34.004315 [debug] [ThreadPool]: Creating schema "database: "oss"
schema: "main"
"
[0m00:53:34.004315 [debug] [ThreadPool]: Using duckdb connection "create_oss_main"
[0m00:53:34.004315 [debug] [ThreadPool]: On create_oss_main: /* {"app": "dbt", "dbt_version": "1.12.5", "profile_name": "oss_intel", "target_name": "dev", "connection_name": "create_oss_main"} */

    
        select type from duckdb_databases()
        where lower(database_name)='oss'
        and type != 'duckdb'
    
  
[0m00:53:34.004315 [debug] [ThreadPool]: Opening a new connection, currently in state closed
[0m00:53:34.004315 [debug] [ThreadPool]: SQL status: OK in 0.001 seconds
[0m00:53:34.004315 [debug] [ThreadPool]: Using duckdb connection "create_oss_main"
[0m00:53:34.004315 [debug] [ThreadPool]: On create_oss_main: BEGIN
[0m00:53:34.018748 [debug] [ThreadPool]: SQL status: OK in 0.000 seconds
[0m00:53:34.018748 [debug] [ThreadPool]: Using duckdb connection "create_oss_main"
[0m00:53:34.018748 [debug] [ThreadPool]: On create_oss_main: /* {"app": "dbt", "dbt_version": "1.12.5", "profile_name": "oss_intel", "target_name": "dev", "connection_name": "create_oss_main"} */

    
    
        create schema if not exists "oss"."main"
    
[0m00:53:34.018748 [debug] [ThreadPool]: SQL status: OK in 0.000 seconds
[0m00:53:34.018748 [debug] [ThreadPool]: On create_oss_main: COMMIT
[0m00:53:34.018748 [debug] [ThreadPool]: Using duckdb connection "create_oss_main"
[0m00:53:34.018748 [debug] [ThreadPool]: On create_oss_main: COMMIT
[0m00:53:34.018748 [debug] [ThreadPool]: SQL status: OK in 0.000 seconds
[0m00:53:34.018748 [debug] [ThreadPool]: On create_oss_main: Close
[0m00:53:34.018748 [debug] [ThreadPool]: Acquiring new duckdb connection 'list_oss_main'
[0m00:53:34.018748 [debug] [ThreadPool]: Using duckdb connection "list_oss_main"
[0m00:53:34.018748 [debug] [ThreadPool]: On list_oss_main: BEGIN
[0m00:53:34.018748 [debug] [ThreadPool]: Opening a new connection, currently in state init
[0m00:53:34.028382 [debug] [ThreadPool]: SQL status: OK in 0.000 seconds
[0m00:53:34.028382 [debug] [ThreadPool]: Using duckdb connection "list_oss_main"
[0m00:53:34.028382 [debug] [ThreadPool]: On list_oss_main: /* {"app": "dbt", "dbt_version": "1.12.5", "profile_name": "oss_intel", "target_name": "dev", "connection_name": "list_oss_main"} */
select
      'oss' as database,
      table_name as name,
      table_schema as schema,
      CASE table_type
        WHEN 'BASE TABLE' THEN 'table'
        WHEN 'VIEW' THEN 'view'
        WHEN 'LOCAL TEMPORARY' THEN 'table'
        END as type
    from system.information_schema.tables
    where lower(table_schema) = 'main'
    and lower(table_catalog) = 'oss'
  
[0m00:53:34.028382 [debug] [ThreadPool]: SQL status: OK in 0.003 seconds
[0m00:53:34.028382 [debug] [ThreadPool]: On list_oss_main: ROLLBACK
[0m00:53:34.028382 [debug] [ThreadPool]: On list_oss_main: Close
[0m00:53:34.035754 [debug] [MainThread]: Sending event: {'category': 'dbt', 'action': 'runnable_timing', 'label': '252c6e09-36fb-4106-a79f-9692b2164271', 'context': [<snowplow_tracker.self_describing_json.SelfDescribingJson object at 0x000001A29B82B980>]}
[0m00:53:34.035754 [debug] [MainThread]: Using duckdb connection "master"
[0m00:53:34.035754 [debug] [MainThread]: On master: BEGIN
[0m00:53:34.036761 [debug] [MainThread]: Opening a new connection, currently in state init
[0m00:53:34.036761 [debug] [MainThread]: SQL status: OK in 0.001 seconds
[0m00:53:34.037761 [debug] [MainThread]: On master: COMMIT
[0m00:53:34.037761 [debug] [MainThread]: Using duckdb connection "master"
[0m00:53:34.037761 [debug] [MainThread]: On master: COMMIT
[0m00:53:34.037761 [debug] [MainThread]: SQL status: OK in 0.000 seconds
[0m00:53:34.038762 [debug] [MainThread]: On master: Close
[0m00:53:34.041865 [debug] [Thread-1 (]: Began running node model.oss_intel.stg_releases
[0m00:53:34.042846 [debug] [Thread-2 (]: Began running node model.oss_intel.stg_scorecard
[0m00:53:34.043840 [debug] [Thread-3 (]: Began running node seed.oss_intel.bots
[0m00:53:34.042846 [info ] [Thread-1 (]: 1 of 39 START sql view model main.stg_releases ................................. [RUN]
[0m00:53:34.043840 [debug] [Thread-4 (]: Began running node seed.oss_intel.label_map
[0m00:53:34.045365 [debug] [Thread-1 (]: Acquiring new duckdb connection 'model.oss_intel.stg_releases'
[0m00:53:34.043840 [info ] [Thread-2 (]: 2 of 39 START sql view model main.stg_scorecard ................................ [RUN]
[0m00:53:34.044847 [info ] [Thread-3 (]: 3 of 39 START seed file main.bots .............................................. [RUN]
[0m00:53:34.046412 [debug] [Thread-1 (]: Began compiling node model.oss_intel.stg_releases
[0m00:53:34.046412 [debug] [Thread-2 (]: Acquiring new duckdb connection 'model.oss_intel.stg_scorecard'
[0m00:53:34.046412 [debug] [Thread-3 (]: Acquiring new duckdb connection 'seed.oss_intel.bots'
[0m00:53:34.050462 [debug] [Thread-1 (]: Writing injected SQL for node "model.oss_intel.stg_releases"
[0m00:53:34.051372 [debug] [Thread-2 (]: Began compiling node model.oss_intel.stg_scorecard
[0m00:53:34.045365 [info ] [Thread-4 (]: 4 of 39 START seed file main.label_map ......................................... [RUN]
[0m00:53:34.051372 [debug] [Thread-3 (]: Began compiling node seed.oss_intel.bots
[0m00:53:34.052278 [debug] [Thread-2 (]: Writing injected SQL for node "model.oss_intel.stg_scorecard"
[0m00:53:34.052278 [debug] [Thread-4 (]: Acquiring new duckdb connection 'seed.oss_intel.label_map'
[0m00:53:34.054275 [debug] [Thread-4 (]: Began compiling node seed.oss_intel.label_map
[0m00:53:34.053449 [debug] [Thread-1 (]: Began executing node model.oss_intel.stg_releases
[0m00:53:34.053449 [debug] [Thread-3 (]: Began executing node seed.oss_intel.bots
[0m00:53:34.054275 [debug] [Thread-4 (]: Began executing node seed.oss_intel.label_map
[0m00:53:34.054275 [debug] [Thread-2 (]: Began executing node model.oss_intel.stg_scorecard
[0m00:53:34.087507 [debug] [Thread-1 (]: Writing runtime sql for node "model.oss_intel.stg_releases"
[0m00:53:34.090425 [debug] [Thread-2 (]: Writing runtime sql for node "model.oss_intel.stg_scorecard"
[0m00:53:34.096506 [debug] [Thread-4 (]: Using duckdb connection "seed.oss_intel.label_map"
[0m00:53:34.098479 [debug] [Thread-3 (]: Using duckdb connection "seed.oss_intel.bots"
[0m00:53:34.098479 [debug] [Thread-4 (]: On seed.oss_intel.label_map: BEGIN
[0m00:53:34.099466 [debug] [Thread-3 (]: On seed.oss_intel.bots: BEGIN
[0m00:53:34.099466 [debug] [Thread-4 (]: Opening a new connection, currently in state init
[0m00:53:34.100466 [debug] [Thread-1 (]: Using duckdb connection "model.oss_intel.stg_releases"
[0m00:53:34.100466 [debug] [Thread-3 (]: Opening a new connection, currently in state init
[0m00:53:34.100466 [debug] [Thread-2 (]: Using duckdb connection "model.oss_intel.stg_scorecard"
[0m00:53:34.101472 [debug] [Thread-1 (]: On model.oss_intel.stg_releases: BEGIN
[0m00:53:34.101472 [debug] [Thread-4 (]: SQL status: OK in 0.002 seconds
[0m00:53:34.101472 [debug] [Thread-2 (]: On model.oss_intel.stg_scorecard: BEGIN
[0m00:53:34.102466 [debug] [Thread-3 (]: SQL status: OK in 0.002 seconds
[0m00:53:34.102466 [debug] [Thread-1 (]: Opening a new connection, currently in state init
[0m00:53:34.102466 [debug] [Thread-4 (]: Using duckdb connection "seed.oss_intel.label_map"
[0m00:53:34.102466 [debug] [Thread-2 (]: Opening a new connection, currently in state init
[0m00:53:34.102466 [debug] [Thread-3 (]: Using duckdb connection "seed.oss_intel.bots"
[0m00:53:34.102466 [debug] [Thread-4 (]: On seed.oss_intel.label_map: /* {"app": "dbt", "dbt_version": "1.12.5", "profile_name": "oss_intel", "target_name": "dev", "node_id": "seed.oss_intel.label_map"} */
truncate table "oss"."main"."label_map"
[0m00:53:34.102466 [debug] [Thread-1 (]: SQL status: OK in 0.001 seconds
[0m00:53:34.102466 [debug] [Thread-3 (]: On seed.oss_intel.bots: /* {"app": "dbt", "dbt_version": "1.12.5", "profile_name": "oss_intel", "target_name": "dev", "node_id": "seed.oss_intel.bots"} */
truncate table "oss"."main"."bots"
[0m00:53:34.102466 [debug] [Thread-2 (]: SQL status: OK in 0.001 seconds
[0m00:53:34.102466 [debug] [Thread-1 (]: Using duckdb connection "model.oss_intel.stg_releases"
[0m00:53:34.102466 [debug] [Thread-2 (]: Using duckdb connection "model.oss_intel.stg_scorecard"
[0m00:53:34.102466 [debug] [Thread-1 (]: On model.oss_intel.stg_releases: /* {"app": "dbt", "dbt_version": "1.12.5", "profile_name": "oss_intel", "target_name": "dev", "node_id": "model.oss_intel.stg_releases"} */

  
  create view "oss"."main"."stg_releases__dbt_tmp" as (
    with src as (

    select * from read_parquet('data/raw/releases/**/*.parquet', union_by_name = true)

)

select distinct
    cast(repo_id as bigint) as repo_id,
    tag_name,
    published_at
from src
where published_at is not null
  );

[0m00:53:34.102466 [debug] [Thread-2 (]: On model.oss_intel.stg_scorecard: /* {"app": "dbt", "dbt_version": "1.12.5", "profile_name": "oss_intel", "target_name": "dev", "node_id": "model.oss_intel.stg_scorecard"} */

  
  create view "oss"."main"."stg_scorecard__dbt_tmp" as (
    -- OpenSSF Scorecard: the one signal in this project computed by someone else.
-- Coverage is partial (26/30) because the REST API only serves projects that
-- opted in with publish_results: true. Missing is null, never zero.
with src as (

    select * from read_parquet('data/raw/scorecard/**/*.parquet', union_by_name = true)

),

ranked as (

    select
        cast(repo_id as bigint) as repo_id,
        scorecard_date,
        scorecard_overall,
        check_maintained,
        check_code_review,
        check_vulnerabilities,
        source,
        row_number() over (partition by repo_id order by scorecard_date desc) as rn
    from src
    where repo_id is not null

)

select * exclude (rn) from ranked where rn = 1
  );

[0m00:53:34.102466 [debug] [Thread-3 (]: SQL status: OK in 0.001 seconds
[0m00:53:34.109767 [debug] [Thread-1 (]: SQL status: OK in 0.002 seconds
[0m00:53:34.113240 [debug] [Thread-1 (]: Using duckdb connection "model.oss_intel.stg_releases"
[0m00:53:34.113240 [debug] [Thread-4 (]: SQL status: OK in 0.010 seconds
[0m00:53:34.121094 [debug] [Thread-3 (]: Using duckdb connection "seed.oss_intel.bots"
[0m00:53:34.122093 [debug] [Thread-1 (]: On model.oss_intel.stg_releases: /* {"app": "dbt", "dbt_version": "1.12.5", "profile_name": "oss_intel", "target_name": "dev", "node_id": "model.oss_intel.stg_releases"} */
alter view "oss"."main"."stg_releases" rename to "stg_releases__dbt_backup"
[0m00:53:34.122093 [debug] [Thread-2 (]: SQL status: OK in 0.014 seconds
[0m00:53:34.123095 [debug] [Thread-4 (]: Using duckdb connection "seed.oss_intel.label_map"
[0m00:53:34.124099 [debug] [Thread-3 (]: On seed.oss_intel.bots: 
          COPY "oss"."main"."bots" FROM 'C:\Users\ubedu\projects\oss-intel\seeds\bots.csv' (FORMAT CSV, HEADER TRUE, DELIMITER ',')
        ...
[0m00:53:34.125093 [debug] [Thread-2 (]: Using duckdb connection "model.oss_intel.stg_scorecard"
[0m00:53:34.126101 [debug] [Thread-4 (]: On seed.oss_intel.label_map: 
          COPY "oss"."main"."label_map" FROM 'C:\Users\ubedu\projects\oss-intel\seeds\label_map.csv' (FORMAT CSV, HEADER TRUE, DELIMITER ',')
        ...
[0m00:53:34.126101 [debug] [Thread-1 (]: SQL status: OK in 0.002 seconds
[0m00:53:34.126101 [debug] [Thread-2 (]: On model.oss_intel.stg_scorecard: /* {"app": "dbt", "dbt_version": "1.12.5", "profile_name": "oss_intel", "target_name": "dev", "node_id": "model.oss_intel.stg_scorecard"} */
alter view "oss"."main"."stg_scorecard" rename to "stg_scorecard__dbt_backup"
[0m00:53:34.128599 [debug] [Thread-1 (]: Using duckdb connection "model.oss_intel.stg_releases"
[0m00:53:34.128599 [debug] [Thread-1 (]: On model.oss_intel.stg_releases: /* {"app": "dbt", "dbt_version": "1.12.5", "profile_name": "oss_intel", "target_name": "dev", "node_id": "model.oss_intel.stg_releases"} */
alter view "oss"."main"."stg_releases__dbt_tmp" rename to "stg_releases"
[0m00:53:34.129605 [debug] [Thread-2 (]: SQL status: OK in 0.001 seconds
[0m00:53:34.131604 [debug] [Thread-2 (]: Using duckdb connection "model.oss_intel.stg_scorecard"
[0m00:53:34.131604 [debug] [Thread-2 (]: On model.oss_intel.stg_scorecard: /* {"app": "dbt", "dbt_version": "1.12.5", "profile_name": "oss_intel", "target_name": "dev", "node_id": "model.oss_intel.stg_scorecard"} */
alter view "oss"."main"."stg_scorecard__dbt_tmp" rename to "stg_scorecard"
[0m00:53:34.131604 [debug] [Thread-4 (]: SQL status: OK in 0.005 seconds
[0m00:53:34.132604 [debug] [Thread-2 (]: SQL status: OK in 0.000 seconds
[0m00:53:34.136309 [debug] [Thread-4 (]: Writing runtime SQL for node "seed.oss_intel.label_map"
[0m00:53:34.136309 [debug] [Thread-3 (]: SQL status: OK in 0.010 seconds
[0m00:53:34.144108 [debug] [Thread-1 (]: SQL status: OK in 0.015 seconds
[0m00:53:34.147238 [debug] [Thread-2 (]: On model.oss_intel.stg_scorecard: COMMIT
[0m00:53:34.148232 [debug] [Thread-3 (]: Writing runtime SQL for node "seed.oss_intel.bots"
[0m00:53:34.149231 [debug] [Thread-1 (]: On model.oss_intel.stg_releases: COMMIT
[0m00:53:34.150432 [debug] [Thread-2 (]: Using duckdb connection "model.oss_intel.stg_scorecard"
[0m00:53:34.150432 [debug] [Thread-1 (]: Using duckdb connection "model.oss_intel.stg_releases"
[0m00:53:34.151424 [debug] [Thread-2 (]: On model.oss_intel.stg_scorecard: COMMIT
[0m00:53:34.151424 [debug] [Thread-1 (]: On model.oss_intel.stg_releases: COMMIT
[0m00:53:34.152720 [debug] [Thread-4 (]: On seed.oss_intel.label_map: COMMIT
[0m00:53:34.153923 [debug] [Thread-4 (]: Using duckdb connection "seed.oss_intel.label_map"
[0m00:53:34.155285 [debug] [Thread-3 (]: On seed.oss_intel.bots: COMMIT
[0m00:53:34.155285 [debug] [Thread-4 (]: On seed.oss_intel.label_map: COMMIT
[0m00:53:34.156534 [debug] [Thread-3 (]: Using duckdb connection "seed.oss_intel.bots"
[0m00:53:34.156534 [debug] [Thread-2 (]: SQL status: OK in 0.003 seconds
[0m00:53:34.157284 [debug] [Thread-1 (]: SQL status: OK in 0.003 seconds
[0m00:53:34.157284 [debug] [Thread-3 (]: On seed.oss_intel.bots: COMMIT
[0m00:53:34.162633 [debug] [Thread-2 (]: Using duckdb connection "model.oss_intel.stg_scorecard"
[0m00:53:34.163632 [debug] [Thread-4 (]: SQL status: OK in 0.006 seconds
[0m00:53:34.165276 [debug] [Thread-1 (]: Using duckdb connection "model.oss_intel.stg_releases"
[0m00:53:34.165276 [debug] [Thread-2 (]: On model.oss_intel.stg_scorecard: /* {"app": "dbt", "dbt_version": "1.12.5", "profile_name": "oss_intel", "target_name": "dev", "node_id": "model.oss_intel.stg_scorecard"} */

      drop view if exists "oss"."main"."stg_scorecard__dbt_backup" cascade
    
[0m00:53:34.167421 [debug] [Thread-4 (]: On seed.oss_intel.label_map: Close
[0m00:53:34.168416 [debug] [Thread-3 (]: SQL status: OK in 0.003 seconds
[0m00:53:34.168416 [debug] [Thread-1 (]: On model.oss_intel.stg_releases: /* {"app": "dbt", "dbt_version": "1.12.5", "profile_name": "oss_intel", "target_name": "dev", "node_id": "model.oss_intel.stg_releases"} */

      drop view if exists "oss"."main"."stg_releases__dbt_backup" cascade
    
[0m00:53:34.172438 [debug] [Thread-3 (]: On seed.oss_intel.bots: Close
[0m00:53:34.173436 [debug] [Thread-2 (]: SQL status: OK in 0.004 seconds
[0m00:53:34.175694 [debug] [Thread-2 (]: On model.oss_intel.stg_scorecard: Close
[0m00:53:34.176691 [debug] [Thread-1 (]: SQL status: OK in 0.004 seconds
[0m00:53:34.179390 [debug] [Thread-1 (]: On model.oss_intel.stg_releases: Close
[0m00:53:34.180382 [debug] [Thread-4 (]: Sending event: {'category': 'dbt', 'action': 'run_model', 'label': '252c6e09-36fb-4106-a79f-9692b2164271', 'context': [<snowplow_tracker.self_describing_json.SelfDescribingJson object at 0x000001A29C2F4D70>]}
[0m00:53:34.181386 [debug] [Thread-3 (]: Sending event: {'category': 'dbt', 'action': 'run_model', 'label': '252c6e09-36fb-4106-a79f-9692b2164271', 'context': [<snowplow_tracker.self_describing_json.SelfDescribingJson object at 0x000001A29C268EC0>]}
[0m00:53:34.182780 [debug] [Thread-2 (]: Sending event: {'category': 'dbt', 'action': 'run_model', 'label': '252c6e09-36fb-4106-a79f-9692b2164271', 'context': [<snowplow_tracker.self_describing_json.SelfDescribingJson object at 0x000001A29C273D70>]}
[0m00:53:34.183783 [debug] [Thread-1 (]: Sending event: {'category': 'dbt', 'action': 'run_model', 'label': '252c6e09-36fb-4106-a79f-9692b2164271', 'context': [<snowplow_tracker.self_describing_json.SelfDescribingJson object at 0x000001A29C2F5700>]}
[0m00:53:34.181747 [info ] [Thread-4 (]: 4 of 39 OK loaded seed file main.label_map ..................................... [[32mINSERT 16[0m in 0.12s]
[0m00:53:34.182780 [info ] [Thread-3 (]: 3 of 39 OK loaded seed file main.bots .......................................... [[32mINSERT 14[0m in 0.13s]
[0m00:53:34.184782 [info ] [Thread-2 (]: 2 of 39 OK created sql view model main.stg_scorecard ........................... [[32mOK[0m in 0.13s]
[0m00:53:34.187764 [debug] [Thread-4 (]: Finished running node seed.oss_intel.label_map
[0m00:53:34.186569 [info ] [Thread-1 (]: 1 of 39 OK created sql view model main.stg_releases ............................ [[32mOK[0m in 0.14s]
[0m00:53:34.188758 [debug] [Thread-3 (]: Finished running node seed.oss_intel.bots
[0m00:53:34.190108 [debug] [Thread-2 (]: Finished running node model.oss_intel.stg_scorecard
[0m00:53:34.191480 [debug] [Thread-4 (]: Began running node seed.oss_intel.repos
[0m00:53:34.192529 [debug] [Thread-1 (]: Finished running node model.oss_intel.stg_releases
[0m00:53:34.193531 [debug] [Thread-3 (]: Began running node seed.oss_intel.score_weights
[0m00:53:34.194517 [debug] [Thread-2 (]: Began running node model.oss_intel.stg_contributions
[0m00:53:34.196406 [debug] [Thread-1 (]: Began running node model.oss_intel.stg_gharchive
[0m00:53:34.195350 [info ] [Thread-4 (]: 5 of 39 START seed file main.repos ............................................. [RUN]
[0m00:53:34.197781 [info ] [Thread-3 (]: 6 of 39 START seed file main.score_weights ..................................... [RUN]
[0m00:53:34.198881 [info ] [Thread-2 (]: 7 of 39 START sql view model main.stg_contributions ............................ [RUN]
[0m00:53:34.199879 [info ] [Thread-1 (]: 8 of 39 START sql view model main.stg_gharchive ................................ [RUN]
[0m00:53:34.199879 [debug] [Thread-4 (]: Re-using an available connection from the pool (formerly seed.oss_intel.label_map, now seed.oss_intel.repos)
[0m00:53:34.201224 [debug] [Thread-3 (]: Re-using an available connection from the pool (formerly seed.oss_intel.bots, now seed.oss_intel.score_weights)
[0m00:53:34.201567 [debug] [Thread-2 (]: Re-using an available connection from the pool (formerly model.oss_intel.stg_scorecard, now model.oss_intel.stg_contributions)
[0m00:53:34.201567 [debug] [Thread-1 (]: Re-using an available connection from the pool (formerly model.oss_intel.stg_releases, now model.oss_intel.stg_gharchive)
[0m00:53:34.204166 [debug] [Thread-4 (]: Began compiling node seed.oss_intel.repos
[0m00:53:34.204166 [debug] [Thread-3 (]: Began compiling node seed.oss_intel.score_weights
[0m00:53:34.204166 [debug] [Thread-2 (]: Began compiling node model.oss_intel.stg_contributions
[0m00:53:34.204166 [debug] [Thread-1 (]: Began compiling node model.oss_intel.stg_gharchive
[0m00:53:34.204166 [debug] [Thread-4 (]: Began executing node seed.oss_intel.repos
[0m00:53:34.204166 [debug] [Thread-3 (]: Began executing node seed.oss_intel.score_weights
[0m00:53:34.204166 [debug] [Thread-2 (]: Writing injected SQL for node "model.oss_intel.stg_contributions"
[0m00:53:34.213470 [debug] [Thread-1 (]: Writing injected SQL for node "model.oss_intel.stg_gharchive"
[0m00:53:34.222490 [debug] [Thread-3 (]: Using duckdb connection "seed.oss_intel.score_weights"
[0m00:53:34.226022 [debug] [Thread-3 (]: On seed.oss_intel.score_weights: BEGIN
[0m00:53:34.228850 [debug] [Thread-2 (]: Began executing node model.oss_intel.stg_contributions
[0m00:53:34.228850 [debug] [Thread-3 (]: Opening a new connection, currently in state closed
[0m00:53:34.228850 [debug] [Thread-1 (]: Began executing node model.oss_intel.stg_gharchive
[0m00:53:34.236957 [debug] [Thread-2 (]: Writing runtime sql for node "model.oss_intel.stg_contributions"
[0m00:53:34.242067 [debug] [Thread-1 (]: Writing runtime sql for node "model.oss_intel.stg_gharchive"
[0m00:53:34.242067 [debug] [Thread-3 (]: SQL status: OK in 0.012 seconds
[0m00:53:34.245717 [debug] [Thread-4 (]: Using duckdb connection "seed.oss_intel.repos"
[0m00:53:34.245717 [debug] [Thread-3 (]: Using duckdb connection "seed.oss_intel.score_weights"
[0m00:53:34.246620 [debug] [Thread-4 (]: On seed.oss_intel.repos: BEGIN
[0m00:53:34.246620 [debug] [Thread-3 (]: On seed.oss_intel.score_weights: /* {"app": "dbt", "dbt_version": "1.12.5", "profile_name": "oss_intel", "target_name": "dev", "node_id": "seed.oss_intel.score_weights"} */
truncate table "oss"."main"."score_weights"
[0m00:53:34.247703 [debug] [Thread-4 (]: Opening a new connection, currently in state closed
[0m00:53:34.247703 [debug] [Thread-2 (]: Using duckdb connection "model.oss_intel.stg_contributions"
[0m00:53:34.248620 [debug] [Thread-1 (]: Using duckdb connection "model.oss_intel.stg_gharchive"
[0m00:53:34.249619 [debug] [Thread-2 (]: On model.oss_intel.stg_contributions: BEGIN
[0m00:53:34.249619 [debug] [Thread-3 (]: SQL status: OK in 0.001 seconds
[0m00:53:34.250621 [debug] [Thread-1 (]: On model.oss_intel.stg_gharchive: BEGIN
[0m00:53:34.250621 [debug] [Thread-2 (]: Opening a new connection, currently in state closed
[0m00:53:34.252622 [debug] [Thread-3 (]: Using duckdb connection "seed.oss_intel.score_weights"
[0m00:53:34.253622 [debug] [Thread-1 (]: Opening a new connection, currently in state closed
[0m00:53:34.254638 [debug] [Thread-4 (]: SQL status: OK in 0.007 seconds
[0m00:53:34.255708 [debug] [Thread-3 (]: On seed.oss_intel.score_weights: 
          COPY "oss"."main"."score_weights" FROM 'C:\Users\ubedu\projects\oss-intel\seeds\score_weights.csv' (FORMAT CSV, HEADER TRUE, DELIMITER ',')
        ...
[0m00:53:34.256625 [debug] [Thread-4 (]: Using duckdb connection "seed.oss_intel.repos"
[0m00:53:34.256625 [debug] [Thread-1 (]: SQL status: OK in 0.003 seconds
[0m00:53:34.257624 [debug] [Thread-2 (]: SQL status: OK in 0.007 seconds
[0m00:53:34.257624 [debug] [Thread-4 (]: On seed.oss_intel.repos: /* {"app": "dbt", "dbt_version": "1.12.5", "profile_name": "oss_intel", "target_name": "dev", "node_id": "seed.oss_intel.repos"} */
truncate table "oss"."main"."repos"
[0m00:53:34.258671 [debug] [Thread-1 (]: Using duckdb connection "model.oss_intel.stg_gharchive"
[0m00:53:34.259627 [debug] [Thread-2 (]: Using duckdb connection "model.oss_intel.stg_contributions"
[0m00:53:34.259627 [debug] [Thread-1 (]: On model.oss_intel.stg_gharchive: /* {"app": "dbt", "dbt_version": "1.12.5", "profile_name": "oss_intel", "target_name": "dev", "node_id": "model.oss_intel.stg_gharchive"} */

  
  create view "oss"."main"."stg_gharchive__dbt_tmp" as (
    -- GH Archive. HISTORICAL ONLY - event fidelity degraded badly through 2026
-- (see ADR 0002), so this feeds the archived-repo backtest and the fidelity
-- exhibit, and no live metric.
with src as (

    select * from read_parquet('data/raw/gharchive/**/*.parquet', union_by_name = true)

),

deduped as (

    -- a backfill range and a daily run can both cover the same date
    select
        cast(event_date as date)    as event_date,
        cast(repo_id as bigint)     as repo_id,
        actor,
        event_type,
        max(cast(n as integer))     as event_count
    from src
    group by 1, 2, 3, 4

)

select d.*
from deduped d
left join "oss"."main"."bots" b on lower(d.actor) = lower(b.login)
where b.login is null
  and d.actor not like '%[bot]'
  );

[0m00:53:34.260620 [debug] [Thread-2 (]: On model.oss_intel.stg_contributions: /* {"app": "dbt", "dbt_version": "1.12.5", "profile_name": "oss_intel", "target_name": "dev", "node_id": "model.oss_intel.stg_contributions"} */

  
  create view "oss"."main"."stg_contributions__dbt_tmp" as (
    -- Person-actions derived from issues, PRs, comments and reviews.
-- Replaces GH Archive as the cohort input (see ADR 0002).
-- A contribution is work. Stars and forks are interest, and are not here.
with src as (

    select * from read_parquet('data/raw/contributions/**/*.parquet', union_by_name = true)

)

select distinct
    cast(repo_id as bigint)                     as repo_id,
    actor,
    contributed_at,
    contribution_type,
    date_trunc('month', contributed_at)         as contribution_month
from src s
where actor is not null
  and actor not like '%[bot]'
  and not exists (select 1 from "oss"."main"."bots" b where lower(b.login) = lower(s.actor))
  );

[0m00:53:34.260997 [debug] [Thread-4 (]: SQL status: OK in 0.001 seconds
[0m00:53:34.261802 [debug] [Thread-3 (]: SQL status: OK in 0.004 seconds
[0m00:53:34.263933 [debug] [Thread-4 (]: Using duckdb connection "seed.oss_intel.repos"
[0m00:53:34.264887 [debug] [Thread-3 (]: Writing runtime SQL for node "seed.oss_intel.score_weights"
[0m00:53:34.264887 [debug] [Thread-2 (]: SQL status: OK in 0.003 seconds
[0m00:53:34.266777 [debug] [Thread-4 (]: On seed.oss_intel.repos: 
          COPY "oss"."main"."repos" FROM 'C:\Users\ubedu\projects\oss-intel\seeds\repos.csv' (FORMAT CSV, HEADER TRUE, DELIMITER ',')
        ...
[0m00:53:34.268879 [debug] [Thread-2 (]: Using duckdb connection "model.oss_intel.stg_contributions"
[0m00:53:34.269219 [debug] [Thread-1 (]: SQL status: OK in 0.008 seconds
[0m00:53:34.269748 [debug] [Thread-2 (]: On model.oss_intel.stg_contributions: /* {"app": "dbt", "dbt_version": "1.12.5", "profile_name": "oss_intel", "target_name": "dev", "node_id": "model.oss_intel.stg_contributions"} */
alter view "oss"."main"."stg_contributions" rename to "stg_contributions__dbt_backup"
[0m00:53:34.271273 [debug] [Thread-1 (]: Using duckdb connection "model.oss_intel.stg_gharchive"
[0m00:53:34.271273 [debug] [Thread-1 (]: On model.oss_intel.stg_gharchive: /* {"app": "dbt", "dbt_version": "1.12.5", "profile_name": "oss_intel", "target_name": "dev", "node_id": "model.oss_intel.stg_gharchive"} */
alter view "oss"."main"."stg_gharchive" rename to "stg_gharchive__dbt_backup"
[0m00:53:34.274965 [debug] [Thread-3 (]: On seed.oss_intel.score_weights: COMMIT
[0m00:53:34.274965 [debug] [Thread-4 (]: SQL status: OK in 0.007 seconds
[0m00:53:34.274965 [debug] [Thread-2 (]: SQL status: OK in 0.004 seconds
[0m00:53:34.274965 [debug] [Thread-3 (]: Using duckdb connection "seed.oss_intel.score_weights"
[0m00:53:34.274965 [debug] [Thread-1 (]: SQL status: OK in 0.001 seconds
[0m00:53:34.278712 [debug] [Thread-4 (]: Writing runtime SQL for node "seed.oss_intel.repos"
[0m00:53:34.278712 [debug] [Thread-2 (]: Using duckdb connection "model.oss_intel.stg_contributions"
[0m00:53:34.278712 [debug] [Thread-3 (]: On seed.oss_intel.score_weights: COMMIT
[0m00:53:34.278712 [debug] [Thread-1 (]: Using duckdb connection "model.oss_intel.stg_gharchive"
[0m00:53:34.278712 [debug] [Thread-2 (]: On model.oss_intel.stg_contributions: /* {"app": "dbt", "dbt_version": "1.12.5", "profile_name": "oss_intel", "target_name": "dev", "node_id": "model.oss_intel.stg_contributions"} */
alter view "oss"."main"."stg_contributions__dbt_tmp" rename to "stg_contributions"
[0m00:53:34.278712 [debug] [Thread-1 (]: On model.oss_intel.stg_gharchive: /* {"app": "dbt", "dbt_version": "1.12.5", "profile_name": "oss_intel", "target_name": "dev", "node_id": "model.oss_intel.stg_gharchive"} */
alter view "oss"."main"."stg_gharchive__dbt_tmp" rename to "stg_gharchive"
[0m00:53:34.278712 [debug] [Thread-4 (]: On seed.oss_intel.repos: COMMIT
[0m00:53:34.285785 [debug] [Thread-4 (]: Using duckdb connection "seed.oss_intel.repos"
[0m00:53:34.285785 [debug] [Thread-4 (]: On seed.oss_intel.repos: COMMIT
[0m00:53:34.285785 [debug] [Thread-2 (]: SQL status: OK in 0.002 seconds
[0m00:53:34.286867 [debug] [Thread-1 (]: SQL status: OK in 0.003 seconds
[0m00:53:34.286867 [debug] [Thread-3 (]: SQL status: OK in 0.004 seconds
[0m00:53:34.288848 [debug] [Thread-2 (]: On model.oss_intel.stg_contributions: COMMIT
[0m00:53:34.289269 [debug] [Thread-4 (]: SQL status: OK in 0.002 seconds
[0m00:53:34.289269 [debug] [Thread-1 (]: On model.oss_intel.stg_gharchive: COMMIT
[0m00:53:34.289269 [debug] [Thread-3 (]: On seed.oss_intel.score_weights: Close
[0m00:53:34.289269 [debug] [Thread-2 (]: Using duckdb connection "model.oss_intel.stg_contributions"
[0m00:53:34.289269 [debug] [Thread-4 (]: On seed.oss_intel.repos: Close
[0m00:53:34.289269 [debug] [Thread-1 (]: Using duckdb connection "model.oss_intel.stg_gharchive"
[0m00:53:34.289269 [debug] [Thread-2 (]: On model.oss_intel.stg_contributions: COMMIT
[0m00:53:34.289269 [debug] [Thread-3 (]: Sending event: {'category': 'dbt', 'action': 'run_model', 'label': '252c6e09-36fb-4106-a79f-9692b2164271', 'context': [<snowplow_tracker.self_describing_json.SelfDescribingJson object at 0x000001A29C2DCB00>]}
[0m00:53:34.289269 [debug] [Thread-4 (]: Sending event: {'category': 'dbt', 'action': 'run_model', 'label': '252c6e09-36fb-4106-a79f-9692b2164271', 'context': [<snowplow_tracker.self_describing_json.SelfDescribingJson object at 0x000001A29BDC57F0>]}
[0m00:53:34.289269 [debug] [Thread-1 (]: On model.oss_intel.stg_gharchive: COMMIT
[0m00:53:34.294001 [info ] [Thread-3 (]: 6 of 39 OK loaded seed file main.score_weights ................................. [[32mINSERT 6[0m in 0.09s]
[0m00:53:34.295007 [debug] [Thread-2 (]: SQL status: OK in 0.001 seconds
[0m00:53:34.294001 [info ] [Thread-4 (]: 5 of 39 OK loaded seed file main.repos ......................................... [[32mINSERT 30[0m in 0.09s]
[0m00:53:34.295007 [debug] [Thread-3 (]: Finished running node seed.oss_intel.score_weights
[0m00:53:34.296734 [debug] [Thread-2 (]: Using duckdb connection "model.oss_intel.stg_contributions"
[0m00:53:34.296734 [debug] [Thread-1 (]: SQL status: OK in 0.002 seconds
[0m00:53:34.296734 [debug] [Thread-4 (]: Finished running node seed.oss_intel.repos
[0m00:53:34.296734 [debug] [Thread-3 (]: Began running node model.oss_intel.stg_issues_prs
[0m00:53:34.296734 [debug] [Thread-2 (]: On model.oss_intel.stg_contributions: /* {"app": "dbt", "dbt_version": "1.12.5", "profile_name": "oss_intel", "target_name": "dev", "node_id": "model.oss_intel.stg_contributions"} */

      drop view if exists "oss"."main"."stg_contributions__dbt_backup" cascade
    
[0m00:53:34.296734 [debug] [Thread-1 (]: Using duckdb connection "model.oss_intel.stg_gharchive"
[0m00:53:34.296734 [debug] [Thread-4 (]: Began running node model.oss_intel.dim_repo
[0m00:53:34.296734 [info ] [Thread-3 (]: 9 of 39 START sql view model main.stg_issues_prs ............................... [RUN]
[0m00:53:34.302370 [debug] [Thread-1 (]: On model.oss_intel.stg_gharchive: /* {"app": "dbt", "dbt_version": "1.12.5", "profile_name": "oss_intel", "target_name": "dev", "node_id": "model.oss_intel.stg_gharchive"} */

      drop view if exists "oss"."main"."stg_gharchive__dbt_backup" cascade
    
[0m00:53:34.303379 [debug] [Thread-3 (]: Re-using an available connection from the pool (formerly seed.oss_intel.score_weights, now model.oss_intel.stg_issues_prs)
[0m00:53:34.303379 [info ] [Thread-4 (]: 10 of 39 START sql table model main.dim_repo ................................... [RUN]
[0m00:53:34.304385 [debug] [Thread-2 (]: SQL status: OK in 0.002 seconds
[0m00:53:34.304385 [debug] [Thread-3 (]: Began compiling node model.oss_intel.stg_issues_prs
[0m00:53:34.305375 [debug] [Thread-4 (]: Re-using an available connection from the pool (formerly seed.oss_intel.repos, now model.oss_intel.dim_repo)
[0m00:53:34.306141 [debug] [Thread-1 (]: SQL status: OK in 0.001 seconds
[0m00:53:34.307873 [debug] [Thread-2 (]: On model.oss_intel.stg_contributions: Close
[0m00:53:34.311789 [debug] [Thread-3 (]: Writing injected SQL for node "model.oss_intel.stg_issues_prs"
[0m00:53:34.312782 [debug] [Thread-4 (]: Began compiling node model.oss_intel.dim_repo
[0m00:53:34.314800 [debug] [Thread-1 (]: On model.oss_intel.stg_gharchive: Close
[0m00:53:34.315788 [debug] [Thread-2 (]: Sending event: {'category': 'dbt', 'action': 'run_model', 'label': '252c6e09-36fb-4106-a79f-9692b2164271', 'context': [<snowplow_tracker.self_describing_json.SelfDescribingJson object at 0x000001A29D3B0EF0>]}
[0m00:53:34.317601 [debug] [Thread-4 (]: Writing injected SQL for node "model.oss_intel.dim_repo"
[0m00:53:34.318998 [debug] [Thread-1 (]: Sending event: {'category': 'dbt', 'action': 'run_model', 'label': '252c6e09-36fb-4106-a79f-9692b2164271', 'context': [<snowplow_tracker.self_describing_json.SelfDescribingJson object at 0x000001A29D3A3530>]}
[0m00:53:34.320016 [info ] [Thread-2 (]: 7 of 39 OK created sql view model main.stg_contributions ....................... [[32mOK[0m in 0.11s]
[0m00:53:34.322011 [debug] [Thread-2 (]: Finished running node model.oss_intel.stg_contributions
[0m00:53:34.321009 [info ] [Thread-1 (]: 8 of 39 OK created sql view model main.stg_gharchive ........................... [[32mOK[0m in 0.12s]
[0m00:53:34.323004 [debug] [Thread-3 (]: Began executing node model.oss_intel.stg_issues_prs
[0m00:53:34.326051 [debug] [Thread-1 (]: Finished running node model.oss_intel.stg_gharchive
[0m00:53:34.327584 [debug] [Thread-4 (]: Began executing node model.oss_intel.dim_repo
[0m00:53:34.329107 [debug] [Thread-2 (]: Began running node test.oss_intel.not_null_stg_contributions_actor.afaf937923
[0m00:53:34.332029 [debug] [Thread-3 (]: Writing runtime sql for node "model.oss_intel.stg_issues_prs"
[0m00:53:34.363975 [debug] [Thread-4 (]: Writing runtime sql for node "model.oss_intel.dim_repo"
[0m00:53:34.360853 [info ] [Thread-2 (]: 11 of 39 START test not_null_stg_contributions_actor ........................... [RUN]
[0m00:53:34.363975 [debug] [Thread-2 (]: Re-using an available connection from the pool (formerly model.oss_intel.stg_contributions, now test.oss_intel.not_null_stg_contributions_actor.afaf937923)
[0m00:53:34.363975 [debug] [Thread-2 (]: Began compiling node test.oss_intel.not_null_stg_contributions_actor.afaf937923
[0m00:53:34.380209 [debug] [Thread-2 (]: Writing injected SQL for node "test.oss_intel.not_null_stg_contributions_actor.afaf937923"
[0m00:53:34.381131 [debug] [Thread-3 (]: Using duckdb connection "model.oss_intel.stg_issues_prs"
[0m00:53:34.382130 [debug] [Thread-4 (]: Using duckdb connection "model.oss_intel.dim_repo"
[0m00:53:34.383916 [debug] [Thread-3 (]: On model.oss_intel.stg_issues_prs: BEGIN
[0m00:53:34.383916 [debug] [Thread-4 (]: On model.oss_intel.dim_repo: BEGIN
[0m00:53:34.386026 [debug] [Thread-2 (]: Began executing node test.oss_intel.not_null_stg_contributions_actor.afaf937923
[0m00:53:34.386026 [debug] [Thread-3 (]: Opening a new connection, currently in state closed
[0m00:53:34.387039 [debug] [Thread-4 (]: Opening a new connection, currently in state closed
[0m00:53:34.406611 [debug] [Thread-2 (]: Writing runtime sql for node "test.oss_intel.not_null_stg_contributions_actor.afaf937923"
[0m00:53:34.407608 [debug] [Thread-3 (]: SQL status: OK in 0.022 seconds
[0m00:53:34.408785 [debug] [Thread-3 (]: Using duckdb connection "model.oss_intel.stg_issues_prs"
[0m00:53:34.408785 [debug] [Thread-3 (]: On model.oss_intel.stg_issues_prs: /* {"app": "dbt", "dbt_version": "1.12.5", "profile_name": "oss_intel", "target_name": "dev", "node_id": "model.oss_intel.stg_issues_prs"} */

  
  create view "oss"."main"."stg_issues_prs__dbt_tmp" as (
    -- Issues and pull requests from the GitHub GraphQL API. PRIMARY SOURCE.
--
-- Two cleaning jobs happen here and nowhere else:
--   1. Deduplication. The same item appears in several run partitions because
--      it kept being updated; keep the newest version per (repo, kind, number).
--   2. Bot removal. On an active repo dependabot can out-post every human, so
--      leaving bots in makes every downstream metric wrong.
with src as (

    select * from read_parquet('data/raw/issues_prs/**/*.parquet', union_by_name = true)

),

ranked as (

    select
        cast(repo_id as bigint)                     as repo_id,
        kind,
        cast(number as integer)                     as number,
        created_at,
        updated_at,
        closed_at,
        merged_at,
        state,
        author,
        author_association,
        coalesce(labels, '')                        as labels,
        first_response_at,
        row_number() over (
            partition by repo_id, kind, number
            order by updated_at desc
        )                                           as rn
    from src
    where author is not null

)

select
    r.* exclude (rn),
    date_diff('hour', r.created_at, r.first_response_at)              as response_hours,
    r.first_response_at is null
        and date_diff('day', r.created_at, current_timestamp) > 7
                                                                      as is_unresponded,
    r.created_at >= timestamp '2025-10-01'           as in_window
from ranked r
left join "oss"."main"."bots" b on lower(r.author) = lower(b.login)
where r.rn = 1
  and b.login is null
  and r.author not like '%[bot]'
  );

[0m00:53:34.409775 [debug] [Thread-4 (]: SQL status: OK in 0.023 seconds
[0m00:53:34.410775 [debug] [Thread-4 (]: Using duckdb connection "model.oss_intel.dim_repo"
[0m00:53:34.410775 [debug] [Thread-4 (]: On model.oss_intel.dim_repo: /* {"app": "dbt", "dbt_version": "1.12.5", "profile_name": "oss_intel", "target_name": "dev", "node_id": "model.oss_intel.dim_repo"} */

    

    create  table
      "oss"."main"."dim_repo__dbt_tmp"
  
    
    as (
      -- One row per tracked repository. Joined on repo_id everywhere, never on name:
-- three of thirty repos were renamed or transferred during the window.
select
    r.repo_id,
    r.repo_full_name,
    r.package_name,
    r.ecosystem,
    r.category,
    r.criticality_tier,
    s.scorecard_overall,
    s.check_maintained,
    s.check_code_review,
    s.scorecard_date,
    s.repo_id is not null as has_scorecard
from "oss"."main"."repos" r
left join "oss"."main"."stg_scorecard" s using (repo_id)
where r.repo_id is not null
    );
    
  
[0m00:53:34.411775 [debug] [Thread-2 (]: Using duckdb connection "test.oss_intel.not_null_stg_contributions_actor.afaf937923"
[0m00:53:34.411775 [debug] [Thread-2 (]: On test.oss_intel.not_null_stg_contributions_actor.afaf937923: BEGIN
[0m00:53:34.411775 [debug] [Thread-2 (]: Opening a new connection, currently in state closed
[0m00:53:34.411775 [debug] [Thread-3 (]: SQL status: OK in 0.004 seconds
[0m00:53:34.411775 [debug] [Thread-3 (]: Using duckdb connection "model.oss_intel.stg_issues_prs"
[0m00:53:34.411775 [debug] [Thread-3 (]: On model.oss_intel.stg_issues_prs: /* {"app": "dbt", "dbt_version": "1.12.5", "profile_name": "oss_intel", "target_name": "dev", "node_id": "model.oss_intel.stg_issues_prs"} */
alter view "oss"."main"."stg_issues_prs" rename to "stg_issues_prs__dbt_backup"
[0m00:53:34.411775 [debug] [Thread-2 (]: SQL status: OK in 0.004 seconds
[0m00:53:34.411775 [debug] [Thread-2 (]: Using duckdb connection "test.oss_intel.not_null_stg_contributions_actor.afaf937923"
[0m00:53:34.411775 [debug] [Thread-2 (]: On test.oss_intel.not_null_stg_contributions_actor.afaf937923: /* {"app": "dbt", "dbt_version": "1.12.5", "profile_name": "oss_intel", "target_name": "dev", "node_id": "test.oss_intel.not_null_stg_contributions_actor.afaf937923"} */

    
    select
      count(*) as failures,
      count(*) != 0 as should_warn,
      count(*) != 0 as should_error
    from (
      
    
  
    
    



select actor
from "oss"."main"."stg_contributions"
where actor is null



  
  
      
    ) dbt_internal_test
[0m00:53:34.411775 [debug] [Thread-3 (]: SQL status: OK in 0.006 seconds
[0m00:53:34.411775 [debug] [Thread-3 (]: Using duckdb connection "model.oss_intel.stg_issues_prs"
[0m00:53:34.411775 [debug] [Thread-3 (]: On model.oss_intel.stg_issues_prs: /* {"app": "dbt", "dbt_version": "1.12.5", "profile_name": "oss_intel", "target_name": "dev", "node_id": "model.oss_intel.stg_issues_prs"} */
alter view "oss"."main"."stg_issues_prs__dbt_tmp" rename to "stg_issues_prs"
[0m00:53:34.411775 [debug] [Thread-4 (]: SQL status: OK in 0.014 seconds
[0m00:53:34.429292 [debug] [Thread-4 (]: Using duckdb connection "model.oss_intel.dim_repo"
[0m00:53:34.429292 [debug] [Thread-4 (]: On model.oss_intel.dim_repo: /* {"app": "dbt", "dbt_version": "1.12.5", "profile_name": "oss_intel", "target_name": "dev", "node_id": "model.oss_intel.dim_repo"} */

    SELECT index_name
    FROM duckdb_indexes()
    WHERE database_name = 'oss'
      AND schema_name = 'main'
      AND table_name = 'dim_repo'
  
[0m00:53:34.429292 [debug] [Thread-3 (]: SQL status: OK in 0.008 seconds
[0m00:53:34.429292 [debug] [Thread-3 (]: On model.oss_intel.stg_issues_prs: COMMIT
[0m00:53:34.429292 [debug] [Thread-3 (]: Using duckdb connection "model.oss_intel.stg_issues_prs"
[0m00:53:34.429292 [debug] [Thread-3 (]: On model.oss_intel.stg_issues_prs: COMMIT
[0m00:53:34.429292 [debug] [Thread-2 (]: SQL status: OK in 0.016 seconds
[0m00:53:34.429292 [debug] [Thread-4 (]: SQL status: OK in 0.005 seconds
[0m00:53:34.443249 [debug] [Thread-3 (]: SQL status: OK in 0.006 seconds
[0m00:53:34.443249 [debug] [Thread-3 (]: Using duckdb connection "model.oss_intel.stg_issues_prs"
[0m00:53:34.443249 [debug] [Thread-2 (]: On test.oss_intel.not_null_stg_contributions_actor.afaf937923: ROLLBACK
[0m00:53:34.443249 [debug] [Thread-3 (]: On model.oss_intel.stg_issues_prs: /* {"app": "dbt", "dbt_version": "1.12.5", "profile_name": "oss_intel", "target_name": "dev", "node_id": "model.oss_intel.stg_issues_prs"} */

      drop view if exists "oss"."main"."stg_issues_prs__dbt_backup" cascade
    
[0m00:53:34.443249 [debug] [Thread-4 (]: Using duckdb connection "model.oss_intel.dim_repo"
[0m00:53:34.443249 [debug] [Thread-2 (]: On test.oss_intel.not_null_stg_contributions_actor.afaf937923: Close
[0m00:53:34.443249 [debug] [Thread-4 (]: On model.oss_intel.dim_repo: /* {"app": "dbt", "dbt_version": "1.12.5", "profile_name": "oss_intel", "target_name": "dev", "node_id": "model.oss_intel.dim_repo"} */
alter table "oss"."main"."dim_repo" rename to "dim_repo__dbt_backup"
[0m00:53:34.443249 [debug] [Thread-3 (]: SQL status: OK in 0.006 seconds
[0m00:53:34.443249 [info ] [Thread-2 (]: 11 of 39 PASS not_null_stg_contributions_actor ................................. [[32mPASS[0m in 0.08s]
[0m00:53:34.443249 [debug] [Thread-3 (]: On model.oss_intel.stg_issues_prs: Close
[0m00:53:34.443249 [debug] [Thread-2 (]: Finished running node test.oss_intel.not_null_stg_contributions_actor.afaf937923
[0m00:53:34.443249 [debug] [Thread-4 (]: SQL status: OK in 0.003 seconds
[0m00:53:34.459138 [debug] [Thread-3 (]: Sending event: {'category': 'dbt', 'action': 'run_model', 'label': '252c6e09-36fb-4106-a79f-9692b2164271', 'context': [<snowplow_tracker.self_describing_json.SelfDescribingJson object at 0x000001A29D373320>]}
[0m00:53:34.459138 [debug] [Thread-1 (]: Began running node model.oss_intel.int_first_contribution
[0m00:53:34.459138 [debug] [Thread-4 (]: Using duckdb connection "model.oss_intel.dim_repo"
[0m00:53:34.459138 [debug] [Thread-4 (]: On model.oss_intel.dim_repo: /* {"app": "dbt", "dbt_version": "1.12.5", "profile_name": "oss_intel", "target_name": "dev", "node_id": "model.oss_intel.dim_repo"} */
alter table "oss"."main"."dim_repo__dbt_tmp" rename to "dim_repo"
[0m00:53:34.459138 [info ] [Thread-3 (]: 9 of 39 OK created sql view model main.stg_issues_prs .......................... [[32mOK[0m in 0.16s]
[0m00:53:34.459138 [debug] [Thread-3 (]: Finished running node model.oss_intel.stg_issues_prs
[0m00:53:34.459138 [debug] [Thread-4 (]: SQL status: OK in 0.001 seconds
[0m00:53:34.459138 [info ] [Thread-1 (]: 12 of 39 START sql table model main.int_first_contribution ..................... [RUN]
[0m00:53:34.470611 [debug] [Thread-4 (]: On model.oss_intel.dim_repo: COMMIT
[0m00:53:34.470611 [debug] [Thread-2 (]: Began running node test.oss_intel.assert_issues_prs_unique
[0m00:53:34.470611 [debug] [Thread-1 (]: Re-using an available connection from the pool (formerly model.oss_intel.stg_gharchive, now model.oss_intel.int_first_contribution)
[0m00:53:34.470611 [debug] [Thread-4 (]: Using duckdb connection "model.oss_intel.dim_repo"
[0m00:53:34.477533 [debug] [Thread-3 (]: Began running node test.oss_intel.assert_merged_prs_only_prs
[0m00:53:34.477915 [debug] [Thread-1 (]: Began compiling node model.oss_intel.int_first_contribution
[0m00:53:34.477915 [info ] [Thread-2 (]: 13 of 39 START test assert_issues_prs_unique ................................... [RUN]
[0m00:53:34.477915 [debug] [Thread-4 (]: On model.oss_intel.dim_repo: COMMIT
[0m00:53:34.477915 [info ] [Thread-3 (]: 14 of 39 START test assert_merged_prs_only_prs ................................. [RUN]
[0m00:53:34.484257 [debug] [Thread-1 (]: Writing injected SQL for node "model.oss_intel.int_first_contribution"
[0m00:53:34.485251 [debug] [Thread-2 (]: Re-using an available connection from the pool (formerly test.oss_intel.not_null_stg_contributions_actor.afaf937923, now test.oss_intel.assert_issues_prs_unique)
[0m00:53:34.487180 [debug] [Thread-3 (]: Re-using an available connection from the pool (formerly model.oss_intel.stg_issues_prs, now test.oss_intel.assert_merged_prs_only_prs)
[0m00:53:34.487180 [debug] [Thread-2 (]: Began compiling node test.oss_intel.assert_issues_prs_unique
[0m00:53:34.488233 [debug] [Thread-3 (]: Began compiling node test.oss_intel.assert_merged_prs_only_prs
[0m00:53:34.491073 [debug] [Thread-2 (]: Writing injected SQL for node "test.oss_intel.assert_issues_prs_unique"
[0m00:53:34.493088 [debug] [Thread-4 (]: SQL status: OK in 0.007 seconds
[0m00:53:34.496312 [debug] [Thread-3 (]: Writing injected SQL for node "test.oss_intel.assert_merged_prs_only_prs"
[0m00:53:34.500231 [debug] [Thread-4 (]: Using duckdb connection "model.oss_intel.dim_repo"
[0m00:53:34.500231 [debug] [Thread-1 (]: Began executing node model.oss_intel.int_first_contribution
[0m00:53:34.503191 [debug] [Thread-4 (]: On model.oss_intel.dim_repo: /* {"app": "dbt", "dbt_version": "1.12.5", "profile_name": "oss_intel", "target_name": "dev", "node_id": "model.oss_intel.dim_repo"} */

      drop table if exists "oss"."main"."dim_repo__dbt_backup" cascade
    
[0m00:53:34.508330 [debug] [Thread-1 (]: Writing runtime sql for node "model.oss_intel.int_first_contribution"
[0m00:53:34.508330 [debug] [Thread-3 (]: Began executing node test.oss_intel.assert_merged_prs_only_prs
[0m00:53:34.509338 [debug] [Thread-2 (]: Began executing node test.oss_intel.assert_issues_prs_unique
[0m00:53:34.512343 [debug] [Thread-3 (]: Writing runtime sql for node "test.oss_intel.assert_merged_prs_only_prs"
[0m00:53:34.514343 [debug] [Thread-2 (]: Writing runtime sql for node "test.oss_intel.assert_issues_prs_unique"
[0m00:53:34.514792 [debug] [Thread-4 (]: SQL status: OK in 0.006 seconds
[0m00:53:34.514792 [debug] [Thread-4 (]: On model.oss_intel.dim_repo: Close
[0m00:53:34.514792 [debug] [Thread-4 (]: Sending event: {'category': 'dbt', 'action': 'run_model', 'label': '252c6e09-36fb-4106-a79f-9692b2164271', 'context': [<snowplow_tracker.self_describing_json.SelfDescribingJson object at 0x000001A29D3B2C90>]}
[0m00:53:34.514792 [debug] [Thread-1 (]: Using duckdb connection "model.oss_intel.int_first_contribution"
[0m00:53:34.520851 [info ] [Thread-4 (]: 10 of 39 OK created sql table model main.dim_repo .............................. [[32mOK[0m in 0.21s]
[0m00:53:34.521842 [debug] [Thread-2 (]: Using duckdb connection "test.oss_intel.assert_issues_prs_unique"
[0m00:53:34.521842 [debug] [Thread-1 (]: On model.oss_intel.int_first_contribution: BEGIN
[0m00:53:34.523302 [debug] [Thread-3 (]: Using duckdb connection "test.oss_intel.assert_merged_prs_only_prs"
[0m00:53:34.525332 [debug] [Thread-4 (]: Finished running node model.oss_intel.dim_repo
[0m00:53:34.525332 [debug] [Thread-2 (]: On test.oss_intel.assert_issues_prs_unique: BEGIN
[0m00:53:34.525332 [debug] [Thread-1 (]: Opening a new connection, currently in state closed
[0m00:53:34.527346 [debug] [Thread-3 (]: On test.oss_intel.assert_merged_prs_only_prs: BEGIN
[0m00:53:34.527346 [debug] [Thread-4 (]: Began running node test.oss_intel.assert_no_bots
[0m00:53:34.528551 [debug] [Thread-2 (]: Opening a new connection, currently in state closed
[0m00:53:34.529562 [debug] [Thread-3 (]: Opening a new connection, currently in state closed
[0m00:53:34.529562 [debug] [Thread-1 (]: SQL status: OK in 0.003 seconds
[0m00:53:34.529562 [info ] [Thread-4 (]: 15 of 39 START test assert_no_bots ............................................. [RUN]
[0m00:53:34.530872 [debug] [Thread-2 (]: SQL status: OK in 0.003 seconds
[0m00:53:34.530872 [debug] [Thread-1 (]: Using duckdb connection "model.oss_intel.int_first_contribution"
[0m00:53:34.531973 [debug] [Thread-3 (]: SQL status: OK in 0.002 seconds
[0m00:53:34.531973 [debug] [Thread-4 (]: Re-using an available connection from the pool (formerly model.oss_intel.dim_repo, now test.oss_intel.assert_no_bots)
[0m00:53:34.532607 [debug] [Thread-2 (]: Using duckdb connection "test.oss_intel.assert_issues_prs_unique"
[0m00:53:34.532607 [debug] [Thread-1 (]: On model.oss_intel.int_first_contribution: /* {"app": "dbt", "dbt_version": "1.12.5", "profile_name": "oss_intel", "target_name": "dev", "node_id": "model.oss_intel.int_first_contribution"} */

    

    create  table
      "oss"."main"."int_first_contribution__dbt_tmp"
  
    
    as (
      -- First month each person contributed to each repo.
--
-- LEFT-TRUNCATED: "first" means first observed since the analysis start, not
-- first ever. Someone who contributed in 2019 and returned last month looks
-- like a newcomer. Stated in docs/metrics.md and on the dashboard.
select
    repo_id,
    actor,
    min(contribution_month) as cohort_month
from "oss"."main"."stg_contributions"
group by 1, 2
    );
    
  
[0m00:53:34.532607 [debug] [Thread-3 (]: Using duckdb connection "test.oss_intel.assert_merged_prs_only_prs"
[0m00:53:34.533688 [debug] [Thread-4 (]: Began compiling node test.oss_intel.assert_no_bots
[0m00:53:34.533688 [debug] [Thread-2 (]: On test.oss_intel.assert_issues_prs_unique: /* {"app": "dbt", "dbt_version": "1.12.5", "profile_name": "oss_intel", "target_name": "dev", "node_id": "test.oss_intel.assert_issues_prs_unique"} */

    
    select
      count(*) as failures,
      count(*) != 0 as should_warn,
      count(*) != 0 as should_error
    from (
      
    
  -- The deduplication in stg_issues_prs is the single most likely place for a
-- silent bug: a broken window function doubles every count downstream.
select repo_id, kind, number, count(*) as n
from "oss"."main"."stg_issues_prs"
group by 1, 2, 3
having count(*) > 1
  
  
      
    ) dbt_internal_test
[0m00:53:34.533688 [debug] [Thread-3 (]: On test.oss_intel.assert_merged_prs_only_prs: /* {"app": "dbt", "dbt_version": "1.12.5", "profile_name": "oss_intel", "target_name": "dev", "node_id": "test.oss_intel.assert_merged_prs_only_prs"} */

    
    select
      count(*) as failures,
      count(*) != 0 as should_warn,
      count(*) != 0 as should_error
    from (
      
    
  -- merged_at on an issue means the GraphQL flattening leaked a field.
select repo_id, number from "oss"."main"."stg_issues_prs"
where kind = 'issue' and merged_at is not null
  
  
      
    ) dbt_internal_test
[0m00:53:34.538059 [debug] [Thread-4 (]: Writing injected SQL for node "test.oss_intel.assert_no_bots"
[0m00:53:34.541769 [debug] [Thread-4 (]: Began executing node test.oss_intel.assert_no_bots
[0m00:53:34.545783 [debug] [Thread-4 (]: Writing runtime sql for node "test.oss_intel.assert_no_bots"
[0m00:53:34.549780 [debug] [Thread-4 (]: Using duckdb connection "test.oss_intel.assert_no_bots"
[0m00:53:34.550782 [debug] [Thread-4 (]: On test.oss_intel.assert_no_bots: BEGIN
[0m00:53:34.550782 [debug] [Thread-4 (]: Opening a new connection, currently in state closed
[0m00:53:34.553075 [debug] [Thread-4 (]: SQL status: OK in 0.002 seconds
[0m00:53:34.554614 [debug] [Thread-4 (]: Using duckdb connection "test.oss_intel.assert_no_bots"
[0m00:53:34.555129 [debug] [Thread-4 (]: On test.oss_intel.assert_no_bots: /* {"app": "dbt", "dbt_version": "1.12.5", "profile_name": "oss_intel", "target_name": "dev", "node_id": "test.oss_intel.assert_no_bots"} */

    
    select
      count(*) as failures,
      count(*) != 0 as should_warn,
      count(*) != 0 as should_error
    from (
      
    
  -- One bot left in makes every contributor metric wrong.
select actor from "oss"."main"."stg_contributions" where actor like '%[bot]%'
union all
select author from "oss"."main"."stg_issues_prs" where author like '%[bot]%'
  
  
      
    ) dbt_internal_test
[0m00:53:34.587261 [debug] [Thread-3 (]: SQL status: OK in 0.048 seconds
[0m00:53:34.591800 [debug] [Thread-3 (]: On test.oss_intel.assert_merged_prs_only_prs: ROLLBACK
[0m00:53:34.591800 [debug] [Thread-3 (]: On test.oss_intel.assert_merged_prs_only_prs: Close
[0m00:53:34.594868 [info ] [Thread-3 (]: 14 of 39 PASS assert_merged_prs_only_prs ....................................... [[32mPASS[0m in 0.11s]
[0m00:53:34.596702 [debug] [Thread-3 (]: Finished running node test.oss_intel.assert_merged_prs_only_prs
[0m00:53:34.596702 [debug] [Thread-3 (]: Began running node test.oss_intel.assert_response_time_non_negative
[0m00:53:34.598718 [info ] [Thread-3 (]: 16 of 39 START test assert_response_time_non_negative .......................... [RUN]
[0m00:53:34.600728 [debug] [Thread-3 (]: Re-using an available connection from the pool (formerly test.oss_intel.assert_merged_prs_only_prs, now test.oss_intel.assert_response_time_non_negative)
[0m00:53:34.600728 [debug] [Thread-3 (]: Began compiling node test.oss_intel.assert_response_time_non_negative
[0m00:53:34.606274 [debug] [Thread-3 (]: Writing injected SQL for node "test.oss_intel.assert_response_time_non_negative"
[0m00:53:34.607806 [debug] [Thread-3 (]: Began executing node test.oss_intel.assert_response_time_non_negative
[0m00:53:34.610821 [debug] [Thread-3 (]: Writing runtime sql for node "test.oss_intel.assert_response_time_non_negative"
[0m00:53:34.612836 [debug] [Thread-3 (]: Using duckdb connection "test.oss_intel.assert_response_time_non_negative"
[0m00:53:34.613641 [debug] [Thread-3 (]: On test.oss_intel.assert_response_time_non_negative: BEGIN
[0m00:53:34.613641 [debug] [Thread-3 (]: Opening a new connection, currently in state closed
[0m00:53:34.613641 [debug] [Thread-3 (]: SQL status: OK in 0.001 seconds
[0m00:53:34.613641 [debug] [Thread-3 (]: Using duckdb connection "test.oss_intel.assert_response_time_non_negative"
[0m00:53:34.615972 [debug] [Thread-3 (]: On test.oss_intel.assert_response_time_non_negative: /* {"app": "dbt", "dbt_version": "1.12.5", "profile_name": "oss_intel", "target_name": "dev", "node_id": "test.oss_intel.assert_response_time_non_negative"} */

    
    select
      count(*) as failures,
      count(*) != 0 as should_warn,
      count(*) != 0 as should_error
    from (
      
    
  -- A negative response time means a reply landed before the issue was opened -
-- always a timezone or join bug.
select repo_id, kind, number, response_hours
from "oss"."main"."stg_issues_prs" where response_hours < 0
  
  
      
    ) dbt_internal_test
[0m00:53:34.621977 [debug] [Thread-2 (]: SQL status: OK in 0.083 seconds
[0m00:53:34.628239 [debug] [Thread-4 (]: SQL status: OK in 0.071 seconds
[0m00:53:34.629745 [debug] [Thread-2 (]: On test.oss_intel.assert_issues_prs_unique: ROLLBACK
[0m00:53:34.630490 [debug] [Thread-4 (]: On test.oss_intel.assert_no_bots: ROLLBACK
[0m00:53:34.630490 [debug] [Thread-2 (]: On test.oss_intel.assert_issues_prs_unique: Close
[0m00:53:34.630490 [debug] [Thread-4 (]: On test.oss_intel.assert_no_bots: Close
[0m00:53:34.630490 [info ] [Thread-2 (]: 13 of 39 PASS assert_issues_prs_unique ......................................... [[32mPASS[0m in 0.15s]
[0m00:53:34.630490 [debug] [Thread-2 (]: Finished running node test.oss_intel.assert_issues_prs_unique
[0m00:53:34.630490 [info ] [Thread-4 (]: 15 of 39 PASS assert_no_bots ................................................... [[32mPASS[0m in 0.10s]
[0m00:53:34.630490 [debug] [Thread-2 (]: Began running node test.oss_intel.not_null_stg_issues_prs_author.3c12ab4fb3
[0m00:53:34.630490 [debug] [Thread-4 (]: Finished running node test.oss_intel.assert_no_bots
[0m00:53:34.630490 [debug] [Thread-4 (]: Began running node test.oss_intel.not_null_stg_issues_prs_repo_id.e0163b2181
[0m00:53:34.630490 [info ] [Thread-2 (]: 17 of 39 START test not_null_stg_issues_prs_author ............................. [RUN]
[0m00:53:34.636408 [info ] [Thread-4 (]: 18 of 39 START test not_null_stg_issues_prs_repo_id ............................ [RUN]
[0m00:53:34.636408 [debug] [Thread-2 (]: Re-using an available connection from the pool (formerly test.oss_intel.assert_issues_prs_unique, now test.oss_intel.not_null_stg_issues_prs_author.3c12ab4fb3)
[0m00:53:34.636408 [debug] [Thread-4 (]: Re-using an available connection from the pool (formerly test.oss_intel.assert_no_bots, now test.oss_intel.not_null_stg_issues_prs_repo_id.e0163b2181)
[0m00:53:34.637534 [debug] [Thread-2 (]: Began compiling node test.oss_intel.not_null_stg_issues_prs_author.3c12ab4fb3
[0m00:53:34.637534 [debug] [Thread-4 (]: Began compiling node test.oss_intel.not_null_stg_issues_prs_repo_id.e0163b2181
[0m00:53:34.646849 [debug] [Thread-2 (]: Writing injected SQL for node "test.oss_intel.not_null_stg_issues_prs_author.3c12ab4fb3"
[0m00:53:34.655400 [debug] [Thread-4 (]: Writing injected SQL for node "test.oss_intel.not_null_stg_issues_prs_repo_id.e0163b2181"
[0m00:53:34.655400 [debug] [Thread-4 (]: Began executing node test.oss_intel.not_null_stg_issues_prs_repo_id.e0163b2181
[0m00:53:34.659960 [debug] [Thread-4 (]: Writing runtime sql for node "test.oss_intel.not_null_stg_issues_prs_repo_id.e0163b2181"
[0m00:53:34.659960 [debug] [Thread-2 (]: Began executing node test.oss_intel.not_null_stg_issues_prs_author.3c12ab4fb3
[0m00:53:34.660961 [debug] [Thread-3 (]: SQL status: OK in 0.045 seconds
[0m00:53:34.663273 [debug] [Thread-2 (]: Writing runtime sql for node "test.oss_intel.not_null_stg_issues_prs_author.3c12ab4fb3"
[0m00:53:34.663273 [debug] [Thread-4 (]: Using duckdb connection "test.oss_intel.not_null_stg_issues_prs_repo_id.e0163b2181"
[0m00:53:34.663273 [debug] [Thread-3 (]: On test.oss_intel.assert_response_time_non_negative: ROLLBACK
[0m00:53:34.663273 [debug] [Thread-4 (]: On test.oss_intel.not_null_stg_issues_prs_repo_id.e0163b2181: BEGIN
[0m00:53:34.663273 [debug] [Thread-4 (]: Opening a new connection, currently in state closed
[0m00:53:34.663273 [debug] [Thread-2 (]: Using duckdb connection "test.oss_intel.not_null_stg_issues_prs_author.3c12ab4fb3"
[0m00:53:34.663273 [debug] [Thread-3 (]: On test.oss_intel.assert_response_time_non_negative: Close
[0m00:53:34.663273 [debug] [Thread-2 (]: On test.oss_intel.not_null_stg_issues_prs_author.3c12ab4fb3: BEGIN
[0m00:53:34.663273 [debug] [Thread-4 (]: SQL status: OK in 0.001 seconds
[0m00:53:34.668939 [debug] [Thread-2 (]: Opening a new connection, currently in state closed
[0m00:53:34.668939 [debug] [Thread-4 (]: Using duckdb connection "test.oss_intel.not_null_stg_issues_prs_repo_id.e0163b2181"
[0m00:53:34.663273 [error] [Thread-3 (]: 16 of 39 FAIL 1 assert_response_time_non_negative .............................. [[31mFAIL 1[0m in 0.06s]
[0m00:53:34.670016 [debug] [Thread-4 (]: On test.oss_intel.not_null_stg_issues_prs_repo_id.e0163b2181: /* {"app": "dbt", "dbt_version": "1.12.5", "profile_name": "oss_intel", "target_name": "dev", "node_id": "test.oss_intel.not_null_stg_issues_prs_repo_id.e0163b2181"} */

    
    select
      count(*) as failures,
      count(*) != 0 as should_warn,
      count(*) != 0 as should_error
    from (
      
    
  
    
    



select repo_id
from "oss"."main"."stg_issues_prs"
where repo_id is null



  
  
      
    ) dbt_internal_test
[0m00:53:34.670016 [debug] [Thread-3 (]: Finished running node test.oss_intel.assert_response_time_non_negative
[0m00:53:34.670016 [debug] [Thread-2 (]: SQL status: OK in 0.002 seconds
[0m00:53:34.670949 [debug] [Thread-3 (]: Began running node test.oss_intel.accepted_values_dim_repo_criticality_tier__tier_1__tier_2__tier_3.6d8e0235a5
[0m00:53:34.670949 [debug] [Thread-7 (]: Marking all children of 'test.oss_intel.assert_response_time_non_negative' to be skipped because of status 'fail'.  Reason: Got 1 result, configured to fail if != 0.
[0m00:53:34.670949 [debug] [Thread-2 (]: Using duckdb connection "test.oss_intel.not_null_stg_issues_prs_author.3c12ab4fb3"
[0m00:53:34.670949 [info ] [Thread-3 (]: 19 of 39 START test accepted_values_dim_repo_criticality_tier__tier_1__tier_2__tier_3  [RUN]
[0m00:53:34.670949 [debug] [Thread-2 (]: On test.oss_intel.not_null_stg_issues_prs_author.3c12ab4fb3: /* {"app": "dbt", "dbt_version": "1.12.5", "profile_name": "oss_intel", "target_name": "dev", "node_id": "test.oss_intel.not_null_stg_issues_prs_author.3c12ab4fb3"} */

    
    select
      count(*) as failures,
      count(*) != 0 as should_warn,
      count(*) != 0 as should_error
    from (
      
    
  
    
    



select author
from "oss"."main"."stg_issues_prs"
where author is null



  
  
      
    ) dbt_internal_test
[0m00:53:34.670949 [debug] [Thread-3 (]: Re-using an available connection from the pool (formerly test.oss_intel.assert_response_time_non_negative, now test.oss_intel.accepted_values_dim_repo_criticality_tier__tier_1__tier_2__tier_3.6d8e0235a5)
[0m00:53:34.670949 [debug] [Thread-3 (]: Began compiling node test.oss_intel.accepted_values_dim_repo_criticality_tier__tier_1__tier_2__tier_3.6d8e0235a5
[0m00:53:34.696272 [debug] [Thread-3 (]: Writing injected SQL for node "test.oss_intel.accepted_values_dim_repo_criticality_tier__tier_1__tier_2__tier_3.6d8e0235a5"
[0m00:53:34.697388 [debug] [Thread-4 (]: SQL status: OK in 0.027 seconds
[0m00:53:34.698387 [debug] [Thread-4 (]: On test.oss_intel.not_null_stg_issues_prs_repo_id.e0163b2181: ROLLBACK
[0m00:53:34.698387 [debug] [Thread-3 (]: Began executing node test.oss_intel.accepted_values_dim_repo_criticality_tier__tier_1__tier_2__tier_3.6d8e0235a5
[0m00:53:34.702874 [debug] [Thread-3 (]: Writing runtime sql for node "test.oss_intel.accepted_values_dim_repo_criticality_tier__tier_1__tier_2__tier_3.6d8e0235a5"
[0m00:53:34.703875 [debug] [Thread-4 (]: On test.oss_intel.not_null_stg_issues_prs_repo_id.e0163b2181: Close
[0m00:53:34.705829 [debug] [Thread-2 (]: SQL status: OK in 0.031 seconds
[0m00:53:34.704875 [info ] [Thread-4 (]: 18 of 39 PASS not_null_stg_issues_prs_repo_id .................................. [[32mPASS[0m in 0.07s]
[0m00:53:34.706380 [debug] [Thread-4 (]: Finished running node test.oss_intel.not_null_stg_issues_prs_repo_id.e0163b2181
[0m00:53:34.706380 [debug] [Thread-2 (]: On test.oss_intel.not_null_stg_issues_prs_author.3c12ab4fb3: ROLLBACK
[0m00:53:34.706380 [debug] [Thread-3 (]: Using duckdb connection "test.oss_intel.accepted_values_dim_repo_criticality_tier__tier_1__tier_2__tier_3.6d8e0235a5"
[0m00:53:34.706380 [debug] [Thread-4 (]: Began running node test.oss_intel.not_null_dim_repo_repo_id.5882758698
[0m00:53:34.706380 [debug] [Thread-3 (]: On test.oss_intel.accepted_values_dim_repo_criticality_tier__tier_1__tier_2__tier_3.6d8e0235a5: BEGIN
[0m00:53:34.710577 [debug] [Thread-2 (]: On test.oss_intel.not_null_stg_issues_prs_author.3c12ab4fb3: Close
[0m00:53:34.706380 [info ] [Thread-4 (]: 20 of 39 START test not_null_dim_repo_repo_id .................................. [RUN]
[0m00:53:34.710577 [debug] [Thread-3 (]: Opening a new connection, currently in state closed
[0m00:53:34.711586 [debug] [Thread-4 (]: Re-using an available connection from the pool (formerly test.oss_intel.not_null_stg_issues_prs_repo_id.e0163b2181, now test.oss_intel.not_null_dim_repo_repo_id.5882758698)
[0m00:53:34.711586 [info ] [Thread-2 (]: 17 of 39 PASS not_null_stg_issues_prs_author ................................... [[32mPASS[0m in 0.08s]
[0m00:53:34.712493 [debug] [Thread-4 (]: Began compiling node test.oss_intel.not_null_dim_repo_repo_id.5882758698
[0m00:53:34.712493 [debug] [Thread-3 (]: SQL status: OK in 0.002 seconds
[0m00:53:34.712493 [debug] [Thread-2 (]: Finished running node test.oss_intel.not_null_stg_issues_prs_author.3c12ab4fb3
[0m00:53:34.717973 [debug] [Thread-4 (]: Writing injected SQL for node "test.oss_intel.not_null_dim_repo_repo_id.5882758698"
[0m00:53:34.717973 [debug] [Thread-3 (]: Using duckdb connection "test.oss_intel.accepted_values_dim_repo_criticality_tier__tier_1__tier_2__tier_3.6d8e0235a5"
[0m00:53:34.718968 [debug] [Thread-2 (]: Began running node test.oss_intel.unique_dim_repo_repo_id.25d01fb4bd
[0m00:53:34.718968 [debug] [Thread-3 (]: On test.oss_intel.accepted_values_dim_repo_criticality_tier__tier_1__tier_2__tier_3.6d8e0235a5: /* {"app": "dbt", "dbt_version": "1.12.5", "profile_name": "oss_intel", "target_name": "dev", "node_id": "test.oss_intel.accepted_values_dim_repo_criticality_tier__tier_1__tier_2__tier_3.6d8e0235a5"} */

    
    select
      count(*) as failures,
      count(*) != 0 as should_warn,
      count(*) != 0 as should_error
    from (
      
    
  
    
    

with all_values as (

    select
        criticality_tier as value_field,
        count(*) as n_records

    from "oss"."main"."dim_repo"
    group by criticality_tier

)

select *
from all_values
where value_field not in (
    'tier_1','tier_2','tier_3'
)



  
  
      
    ) dbt_internal_test
[0m00:53:34.719966 [info ] [Thread-2 (]: 21 of 39 START test unique_dim_repo_repo_id .................................... [RUN]
[0m00:53:34.719966 [debug] [Thread-2 (]: Re-using an available connection from the pool (formerly test.oss_intel.not_null_stg_issues_prs_author.3c12ab4fb3, now test.oss_intel.unique_dim_repo_repo_id.25d01fb4bd)
[0m00:53:34.720967 [debug] [Thread-2 (]: Began compiling node test.oss_intel.unique_dim_repo_repo_id.25d01fb4bd
[0m00:53:34.728763 [debug] [Thread-2 (]: Writing injected SQL for node "test.oss_intel.unique_dim_repo_repo_id.25d01fb4bd"
[0m00:53:34.728763 [debug] [Thread-4 (]: Began executing node test.oss_intel.not_null_dim_repo_repo_id.5882758698
[0m00:53:34.729759 [debug] [Thread-3 (]: SQL status: OK in 0.009 seconds
[0m00:53:34.731210 [debug] [Thread-4 (]: Writing runtime sql for node "test.oss_intel.not_null_dim_repo_repo_id.5882758698"
[0m00:53:34.731210 [debug] [Thread-3 (]: On test.oss_intel.accepted_values_dim_repo_criticality_tier__tier_1__tier_2__tier_3.6d8e0235a5: ROLLBACK
[0m00:53:34.731210 [debug] [Thread-2 (]: Began executing node test.oss_intel.unique_dim_repo_repo_id.25d01fb4bd
[0m00:53:34.731210 [debug] [Thread-2 (]: Writing runtime sql for node "test.oss_intel.unique_dim_repo_repo_id.25d01fb4bd"
[0m00:53:34.731210 [debug] [Thread-3 (]: On test.oss_intel.accepted_values_dim_repo_criticality_tier__tier_1__tier_2__tier_3.6d8e0235a5: Close
[0m00:53:34.735633 [info ] [Thread-3 (]: 19 of 39 PASS accepted_values_dim_repo_criticality_tier__tier_1__tier_2__tier_3  [[32mPASS[0m in 0.06s]
[0m00:53:34.736738 [debug] [Thread-3 (]: Finished running node test.oss_intel.accepted_values_dim_repo_criticality_tier__tier_1__tier_2__tier_3.6d8e0235a5
[0m00:53:34.737732 [debug] [Thread-3 (]: Began running node model.oss_intel.fct_source_fidelity
[0m00:53:34.744159 [debug] [Thread-4 (]: Using duckdb connection "test.oss_intel.not_null_dim_repo_repo_id.5882758698"
[0m00:53:34.745172 [debug] [Thread-2 (]: Using duckdb connection "test.oss_intel.unique_dim_repo_repo_id.25d01fb4bd"
[0m00:53:34.745172 [debug] [Thread-4 (]: On test.oss_intel.not_null_dim_repo_repo_id.5882758698: BEGIN
[0m00:53:34.739731 [info ] [Thread-3 (]: 22 of 39 SKIP relation main.fct_source_fidelity ................................ [[33mSKIP[0m]
[0m00:53:34.746170 [debug] [Thread-2 (]: On test.oss_intel.unique_dim_repo_repo_id.25d01fb4bd: BEGIN
[0m00:53:34.747170 [debug] [Thread-4 (]: Opening a new connection, currently in state closed
[0m00:53:34.747170 [debug] [Thread-3 (]: Finished running node model.oss_intel.fct_source_fidelity
[0m00:53:34.749171 [debug] [Thread-3 (]: Began running node model.oss_intel.int_labeled_issues
[0m00:53:34.747170 [debug] [Thread-2 (]: Opening a new connection, currently in state closed
[0m00:53:34.752820 [debug] [Thread-7 (]: Marking all children of 'model.oss_intel.fct_source_fidelity' to be skipped because of status 'skipped'. 
[0m00:53:34.750173 [info ] [Thread-3 (]: 23 of 39 SKIP relation main.int_labeled_issues ................................. [[33mSKIP[0m]
[0m00:53:34.756831 [debug] [Thread-4 (]: SQL status: OK in 0.010 seconds
[0m00:53:34.757837 [debug] [Thread-2 (]: SQL status: OK in 0.010 seconds
[0m00:53:34.757837 [debug] [Thread-3 (]: Finished running node model.oss_intel.int_labeled_issues
[0m00:53:34.758828 [debug] [Thread-4 (]: Using duckdb connection "test.oss_intel.not_null_dim_repo_repo_id.5882758698"
[0m00:53:34.758828 [debug] [Thread-2 (]: Using duckdb connection "test.oss_intel.unique_dim_repo_repo_id.25d01fb4bd"
[0m00:53:34.759797 [debug] [Thread-3 (]: Began running node model.oss_intel.int_merged_prs
[0m00:53:34.759797 [debug] [Thread-4 (]: On test.oss_intel.not_null_dim_repo_repo_id.5882758698: /* {"app": "dbt", "dbt_version": "1.12.5", "profile_name": "oss_intel", "target_name": "dev", "node_id": "test.oss_intel.not_null_dim_repo_repo_id.5882758698"} */

    
    select
      count(*) as failures,
      count(*) != 0 as should_warn,
      count(*) != 0 as should_error
    from (
      
    
  
    
    



select repo_id
from "oss"."main"."dim_repo"
where repo_id is null



  
  
      
    ) dbt_internal_test
[0m00:53:34.760575 [debug] [Thread-7 (]: Marking all children of 'model.oss_intel.int_labeled_issues' to be skipped because of status 'skipped'. 
[0m00:53:34.760575 [debug] [Thread-2 (]: On test.oss_intel.unique_dim_repo_repo_id.25d01fb4bd: /* {"app": "dbt", "dbt_version": "1.12.5", "profile_name": "oss_intel", "target_name": "dev", "node_id": "test.oss_intel.unique_dim_repo_repo_id.25d01fb4bd"} */

    
    select
      count(*) as failures,
      count(*) != 0 as should_warn,
      count(*) != 0 as should_error
    from (
      
    
  
    
    

select
    repo_id as unique_field,
    count(*) as n_records

from "oss"."main"."dim_repo"
where repo_id is not null
group by repo_id
having count(*) > 1



  
  
      
    ) dbt_internal_test
[0m00:53:34.761595 [info ] [Thread-3 (]: 24 of 39 SKIP relation main.int_merged_prs ..................................... [[33mSKIP[0m]
[0m00:53:34.763581 [debug] [Thread-3 (]: Finished running node model.oss_intel.int_merged_prs
[0m00:53:34.764593 [debug] [Thread-3 (]: Began running node model.oss_intel.fct_release_reliability
[0m00:53:34.764952 [debug] [Thread-7 (]: Marking all children of 'model.oss_intel.int_merged_prs' to be skipped because of status 'skipped'. 
[0m00:53:34.765386 [info ] [Thread-3 (]: 25 of 39 SKIP relation main.fct_release_reliability ............................ [[33mSKIP[0m]
[0m00:53:34.765386 [debug] [Thread-3 (]: Finished running node model.oss_intel.fct_release_reliability
[0m00:53:34.766434 [debug] [Thread-3 (]: Began running node model.oss_intel.int_bus_factor
[0m00:53:34.766434 [debug] [Thread-7 (]: Marking all children of 'model.oss_intel.fct_release_reliability' to be skipped because of status 'skipped'. 
[0m00:53:34.766434 [info ] [Thread-3 (]: 26 of 39 SKIP relation main.int_bus_factor ..................................... [[33mSKIP[0m]
[0m00:53:34.767434 [debug] [Thread-4 (]: SQL status: OK in 0.006 seconds
[0m00:53:34.767434 [debug] [Thread-3 (]: Finished running node model.oss_intel.int_bus_factor
[0m00:53:34.767434 [debug] [Thread-7 (]: Marking all children of 'model.oss_intel.int_bus_factor' to be skipped because of status 'skipped'. 
[0m00:53:34.769976 [debug] [Thread-4 (]: On test.oss_intel.not_null_dim_repo_repo_id.5882758698: ROLLBACK
[0m00:53:34.769976 [debug] [Thread-3 (]: Began running node test.oss_intel.assert_bus_factor_positive
[0m00:53:34.771968 [debug] [Thread-4 (]: On test.oss_intel.not_null_dim_repo_repo_id.5882758698: Close
[0m00:53:34.770964 [info ] [Thread-3 (]: 27 of 39 SKIP test assert_bus_factor_positive .................................. [[33mSKIP[0m]
[0m00:53:34.772965 [debug] [Thread-3 (]: Finished running node test.oss_intel.assert_bus_factor_positive
[0m00:53:34.773967 [debug] [Thread-7 (]: Marking all children of 'test.oss_intel.assert_bus_factor_positive' to be skipped because of status 'skipped'. 
[0m00:53:34.774273 [debug] [Thread-2 (]: SQL status: OK in 0.011 seconds
[0m00:53:34.772965 [info ] [Thread-4 (]: 20 of 39 PASS not_null_dim_repo_repo_id ........................................ [[32mPASS[0m in 0.06s]
[0m00:53:34.775272 [debug] [Thread-4 (]: Finished running node test.oss_intel.not_null_dim_repo_repo_id.5882758698
[0m00:53:34.775778 [debug] [Thread-2 (]: On test.oss_intel.unique_dim_repo_repo_id.25d01fb4bd: ROLLBACK
[0m00:53:34.777168 [debug] [Thread-2 (]: On test.oss_intel.unique_dim_repo_repo_id.25d01fb4bd: Close
[0m00:53:34.777168 [info ] [Thread-2 (]: 21 of 39 PASS unique_dim_repo_repo_id .......................................... [[32mPASS[0m in 0.06s]
[0m00:53:34.778226 [debug] [Thread-2 (]: Finished running node test.oss_intel.unique_dim_repo_repo_id.25d01fb4bd
[0m00:53:34.779229 [debug] [Thread-3 (]: Began running node model.oss_intel.fct_repo_health_monthly
[0m00:53:34.779229 [info ] [Thread-3 (]: 28 of 39 SKIP relation main.fct_repo_health_monthly ............................ [[33mSKIP[0m]
[0m00:53:34.779229 [debug] [Thread-3 (]: Finished running node model.oss_intel.fct_repo_health_monthly
[0m00:53:34.779229 [debug] [Thread-7 (]: Marking all children of 'model.oss_intel.fct_repo_health_monthly' to be skipped because of status 'skipped'. 
[0m00:53:34.779229 [debug] [Thread-2 (]: Began running node test.oss_intel.not_null_fct_repo_health_monthly_repo_id.db5aecfea4
[0m00:53:34.779229 [debug] [Thread-4 (]: Began running node test.oss_intel.relationships_fct_repo_health_monthly_repo_id__repo_id__ref_dim_repo_.0c80c8c8ec
[0m00:53:34.781848 [info ] [Thread-2 (]: 29 of 39 SKIP test not_null_fct_repo_health_monthly_repo_id .................... [[33mSKIP[0m]
[0m00:53:34.781848 [debug] [Thread-2 (]: Finished running node test.oss_intel.not_null_fct_repo_health_monthly_repo_id.db5aecfea4
[0m00:53:34.781848 [info ] [Thread-4 (]: 30 of 39 SKIP test relationships_fct_repo_health_monthly_repo_id__repo_id__ref_dim_repo_  [[33mSKIP[0m]
[0m00:53:34.782853 [debug] [Thread-7 (]: Marking all children of 'test.oss_intel.not_null_fct_repo_health_monthly_repo_id.db5aecfea4' to be skipped because of status 'skipped'. 
[0m00:53:34.782853 [debug] [Thread-4 (]: Finished running node test.oss_intel.relationships_fct_repo_health_monthly_repo_id__repo_id__ref_dim_repo_.0c80c8c8ec
[0m00:53:34.783860 [debug] [Thread-1 (]: SQL status: OK in 0.250 seconds
[0m00:53:34.783860 [debug] [Thread-7 (]: Marking all children of 'test.oss_intel.relationships_fct_repo_health_monthly_repo_id__repo_id__ref_dim_repo_.0c80c8c8ec' to be skipped because of status 'skipped'. 
[0m00:53:34.784859 [debug] [Thread-1 (]: Using duckdb connection "model.oss_intel.int_first_contribution"
[0m00:53:34.784859 [debug] [Thread-1 (]: On model.oss_intel.int_first_contribution: /* {"app": "dbt", "dbt_version": "1.12.5", "profile_name": "oss_intel", "target_name": "dev", "node_id": "model.oss_intel.int_first_contribution"} */

    SELECT index_name
    FROM duckdb_indexes()
    WHERE database_name = 'oss'
      AND schema_name = 'main'
      AND table_name = 'int_first_contribution'
  
[0m00:53:34.785854 [debug] [Thread-1 (]: SQL status: OK in 0.001 seconds
[0m00:53:34.788228 [debug] [Thread-1 (]: Using duckdb connection "model.oss_intel.int_first_contribution"
[0m00:53:34.788228 [debug] [Thread-1 (]: On model.oss_intel.int_first_contribution: /* {"app": "dbt", "dbt_version": "1.12.5", "profile_name": "oss_intel", "target_name": "dev", "node_id": "model.oss_intel.int_first_contribution"} */
alter table "oss"."main"."int_first_contribution" rename to "int_first_contribution__dbt_backup"
[0m00:53:34.788228 [debug] [Thread-1 (]: SQL status: OK in 0.001 seconds
[0m00:53:34.788228 [debug] [Thread-1 (]: Using duckdb connection "model.oss_intel.int_first_contribution"
[0m00:53:34.788228 [debug] [Thread-1 (]: On model.oss_intel.int_first_contribution: /* {"app": "dbt", "dbt_version": "1.12.5", "profile_name": "oss_intel", "target_name": "dev", "node_id": "model.oss_intel.int_first_contribution"} */
alter table "oss"."main"."int_first_contribution__dbt_tmp" rename to "int_first_contribution"
[0m00:53:34.788228 [debug] [Thread-1 (]: SQL status: OK in 0.000 seconds
[0m00:53:34.788228 [debug] [Thread-1 (]: On model.oss_intel.int_first_contribution: COMMIT
[0m00:53:34.788228 [debug] [Thread-1 (]: Using duckdb connection "model.oss_intel.int_first_contribution"
[0m00:53:34.793879 [debug] [Thread-1 (]: On model.oss_intel.int_first_contribution: COMMIT
[0m00:53:34.799224 [debug] [Thread-1 (]: SQL status: OK in 0.005 seconds
[0m00:53:34.800219 [debug] [Thread-1 (]: Using duckdb connection "model.oss_intel.int_first_contribution"
[0m00:53:34.801217 [debug] [Thread-1 (]: On model.oss_intel.int_first_contribution: /* {"app": "dbt", "dbt_version": "1.12.5", "profile_name": "oss_intel", "target_name": "dev", "node_id": "model.oss_intel.int_first_contribution"} */

      drop table if exists "oss"."main"."int_first_contribution__dbt_backup" cascade
    
[0m00:53:34.802211 [debug] [Thread-1 (]: SQL status: OK in 0.001 seconds
[0m00:53:34.803218 [debug] [Thread-1 (]: On model.oss_intel.int_first_contribution: Close
[0m00:53:34.803218 [debug] [Thread-1 (]: Sending event: {'category': 'dbt', 'action': 'run_model', 'label': '252c6e09-36fb-4106-a79f-9692b2164271', 'context': [<snowplow_tracker.self_describing_json.SelfDescribingJson object at 0x000001A29D3C2810>]}
[0m00:53:34.804219 [info ] [Thread-1 (]: 12 of 39 OK created sql table model main.int_first_contribution ................ [[32mOK[0m in 0.33s]
[0m00:53:34.804219 [debug] [Thread-1 (]: Finished running node model.oss_intel.int_first_contribution
[0m00:53:34.805039 [debug] [Thread-3 (]: Began running node model.oss_intel.fct_contributor_cohorts
[0m00:53:34.805039 [info ] [Thread-3 (]: 31 of 39 START sql table model main.fct_contributor_cohorts .................... [RUN]
[0m00:53:34.807898 [debug] [Thread-3 (]: Re-using an available connection from the pool (formerly test.oss_intel.accepted_values_dim_repo_criticality_tier__tier_1__tier_2__tier_3.6d8e0235a5, now model.oss_intel.fct_contributor_cohorts)
[0m00:53:34.807898 [debug] [Thread-3 (]: Began compiling node model.oss_intel.fct_contributor_cohorts
[0m00:53:34.810091 [debug] [Thread-3 (]: Writing injected SQL for node "model.oss_intel.fct_contributor_cohorts"
[0m00:53:34.810091 [debug] [Thread-3 (]: Began executing node model.oss_intel.fct_contributor_cohorts
[0m00:53:34.813091 [debug] [Thread-3 (]: Writing runtime sql for node "model.oss_intel.fct_contributor_cohorts"
[0m00:53:34.813583 [debug] [Thread-3 (]: Using duckdb connection "model.oss_intel.fct_contributor_cohorts"
[0m00:53:34.813583 [debug] [Thread-3 (]: On model.oss_intel.fct_contributor_cohorts: BEGIN
[0m00:53:34.813583 [debug] [Thread-3 (]: Opening a new connection, currently in state closed
[0m00:53:34.815593 [debug] [Thread-3 (]: SQL status: OK in 0.001 seconds
[0m00:53:34.815593 [debug] [Thread-3 (]: Using duckdb connection "model.oss_intel.fct_contributor_cohorts"
[0m00:53:34.815593 [debug] [Thread-3 (]: On model.oss_intel.fct_contributor_cohorts: /* {"app": "dbt", "dbt_version": "1.12.5", "profile_name": "oss_intel", "target_name": "dev", "node_id": "model.oss_intel.fct_contributor_cohorts"} */

    

    create  table
      "oss"."main"."fct_contributor_cohorts__dbt_tmp"
  
    
    as (
      -- Retention triangle. Of the people whose first observed contribution to a
-- repo fell in month M, how many were active again N months later?
--
-- Total contributor count is a vanity metric - it rises with any attention.
-- Retention says whether a project turns newcomers into regulars, which is
-- what determines survival past the current maintainers.
with cohort_size as (

    select repo_id, cohort_month, count(distinct actor) as cohort_contributors
    from "oss"."main"."int_first_contribution"
    group by 1, 2

),

activity as (

    select
        f.repo_id,
        f.cohort_month,
        f.actor,
        date_diff('month', f.cohort_month, c.contribution_month) as months_since
    from "oss"."main"."int_first_contribution" f
    join "oss"."main"."stg_contributions" c
      on f.repo_id = c.repo_id and f.actor = c.actor
    where c.contribution_month > f.cohort_month

)

select
    a.repo_id,
    a.cohort_month,
    a.months_since,
    s.cohort_contributors,
    count(distinct a.actor)                                           as retained_contributors,
    count(distinct a.actor) * 1.0 / nullif(s.cohort_contributors, 0)  as retention_rate
from activity a
join cohort_size s
  on a.repo_id = s.repo_id and a.cohort_month = s.cohort_month
where a.months_since between 1 and 12
group by 1, 2, 3, 4
    );
    
  
[0m00:53:37.077635 [debug] [Thread-3 (]: SQL status: OK in 2.266 seconds
[0m00:53:37.077635 [debug] [Thread-3 (]: Using duckdb connection "model.oss_intel.fct_contributor_cohorts"
[0m00:53:37.077635 [debug] [Thread-3 (]: On model.oss_intel.fct_contributor_cohorts: /* {"app": "dbt", "dbt_version": "1.12.5", "profile_name": "oss_intel", "target_name": "dev", "node_id": "model.oss_intel.fct_contributor_cohorts"} */

    SELECT index_name
    FROM duckdb_indexes()
    WHERE database_name = 'oss'
      AND schema_name = 'main'
      AND table_name = 'fct_contributor_cohorts'
  
[0m00:53:37.084425 [debug] [Thread-3 (]: SQL status: OK in 0.001 seconds
[0m00:53:37.084425 [debug] [Thread-3 (]: Using duckdb connection "model.oss_intel.fct_contributor_cohorts"
[0m00:53:37.084425 [debug] [Thread-3 (]: On model.oss_intel.fct_contributor_cohorts: /* {"app": "dbt", "dbt_version": "1.12.5", "profile_name": "oss_intel", "target_name": "dev", "node_id": "model.oss_intel.fct_contributor_cohorts"} */
alter table "oss"."main"."fct_contributor_cohorts" rename to "fct_contributor_cohorts__dbt_backup"
[0m00:53:37.084425 [debug] [Thread-3 (]: SQL status: OK in 0.000 seconds
[0m00:53:37.084425 [debug] [Thread-3 (]: Using duckdb connection "model.oss_intel.fct_contributor_cohorts"
[0m00:53:37.084425 [debug] [Thread-3 (]: On model.oss_intel.fct_contributor_cohorts: /* {"app": "dbt", "dbt_version": "1.12.5", "profile_name": "oss_intel", "target_name": "dev", "node_id": "model.oss_intel.fct_contributor_cohorts"} */
alter table "oss"."main"."fct_contributor_cohorts__dbt_tmp" rename to "fct_contributor_cohorts"
[0m00:53:37.084425 [debug] [Thread-3 (]: SQL status: OK in 0.000 seconds
[0m00:53:37.084425 [debug] [Thread-3 (]: On model.oss_intel.fct_contributor_cohorts: COMMIT
[0m00:53:37.084425 [debug] [Thread-3 (]: Using duckdb connection "model.oss_intel.fct_contributor_cohorts"
[0m00:53:37.084425 [debug] [Thread-3 (]: On model.oss_intel.fct_contributor_cohorts: COMMIT
[0m00:53:37.094415 [debug] [Thread-3 (]: SQL status: OK in 0.003 seconds
[0m00:53:37.094415 [debug] [Thread-3 (]: Using duckdb connection "model.oss_intel.fct_contributor_cohorts"
[0m00:53:37.094415 [debug] [Thread-3 (]: On model.oss_intel.fct_contributor_cohorts: /* {"app": "dbt", "dbt_version": "1.12.5", "profile_name": "oss_intel", "target_name": "dev", "node_id": "model.oss_intel.fct_contributor_cohorts"} */

      drop table if exists "oss"."main"."fct_contributor_cohorts__dbt_backup" cascade
    
[0m00:53:37.094415 [debug] [Thread-3 (]: SQL status: OK in 0.001 seconds
[0m00:53:37.094415 [debug] [Thread-3 (]: On model.oss_intel.fct_contributor_cohorts: Close
[0m00:53:37.094415 [debug] [Thread-3 (]: Sending event: {'category': 'dbt', 'action': 'run_model', 'label': '252c6e09-36fb-4106-a79f-9692b2164271', 'context': [<snowplow_tracker.self_describing_json.SelfDescribingJson object at 0x000001A29C2682C0>]}
[0m00:53:37.094415 [info ] [Thread-3 (]: 31 of 39 OK created sql table model main.fct_contributor_cohorts ............... [[32mOK[0m in 2.29s]
[0m00:53:37.094415 [debug] [Thread-3 (]: Finished running node model.oss_intel.fct_contributor_cohorts
[0m00:53:37.094415 [debug] [Thread-4 (]: Began running node test.oss_intel.assert_retention_rate_in_bounds
[0m00:53:37.094415 [debug] [Thread-1 (]: Began running node test.oss_intel.not_null_fct_contributor_cohorts_retention_rate.88e22f68cf
[0m00:53:37.094415 [info ] [Thread-4 (]: 32 of 39 START test assert_retention_rate_in_bounds ............................ [RUN]
[0m00:53:37.094415 [debug] [Thread-4 (]: Re-using an available connection from the pool (formerly test.oss_intel.not_null_dim_repo_repo_id.5882758698, now test.oss_intel.assert_retention_rate_in_bounds)
[0m00:53:37.094415 [debug] [Thread-4 (]: Began compiling node test.oss_intel.assert_retention_rate_in_bounds
[0m00:53:37.094415 [debug] [Thread-4 (]: Writing injected SQL for node "test.oss_intel.assert_retention_rate_in_bounds"
[0m00:53:37.094415 [info ] [Thread-1 (]: 33 of 39 START test not_null_fct_contributor_cohorts_retention_rate ............ [RUN]
[0m00:53:37.094415 [debug] [Thread-1 (]: Re-using an available connection from the pool (formerly model.oss_intel.int_first_contribution, now test.oss_intel.not_null_fct_contributor_cohorts_retention_rate.88e22f68cf)
[0m00:53:37.094415 [debug] [Thread-1 (]: Began compiling node test.oss_intel.not_null_fct_contributor_cohorts_retention_rate.88e22f68cf
[0m00:53:37.094415 [debug] [Thread-1 (]: Writing injected SQL for node "test.oss_intel.not_null_fct_contributor_cohorts_retention_rate.88e22f68cf"
[0m00:53:37.094415 [debug] [Thread-4 (]: Began executing node test.oss_intel.assert_retention_rate_in_bounds
[0m00:53:37.109712 [debug] [Thread-4 (]: Writing runtime sql for node "test.oss_intel.assert_retention_rate_in_bounds"
[0m00:53:37.111137 [debug] [Thread-1 (]: Began executing node test.oss_intel.not_null_fct_contributor_cohorts_retention_rate.88e22f68cf
[0m00:53:37.113222 [debug] [Thread-1 (]: Writing runtime sql for node "test.oss_intel.not_null_fct_contributor_cohorts_retention_rate.88e22f68cf"
[0m00:53:37.114205 [debug] [Thread-4 (]: Using duckdb connection "test.oss_intel.assert_retention_rate_in_bounds"
[0m00:53:37.114205 [debug] [Thread-4 (]: On test.oss_intel.assert_retention_rate_in_bounds: BEGIN
[0m00:53:37.115089 [debug] [Thread-4 (]: Opening a new connection, currently in state closed
[0m00:53:37.115089 [debug] [Thread-4 (]: SQL status: OK in 0.001 seconds
[0m00:53:37.116181 [debug] [Thread-1 (]: Using duckdb connection "test.oss_intel.not_null_fct_contributor_cohorts_retention_rate.88e22f68cf"
[0m00:53:37.116181 [debug] [Thread-4 (]: Using duckdb connection "test.oss_intel.assert_retention_rate_in_bounds"
[0m00:53:37.116929 [debug] [Thread-1 (]: On test.oss_intel.not_null_fct_contributor_cohorts_retention_rate.88e22f68cf: BEGIN
[0m00:53:37.117251 [debug] [Thread-4 (]: On test.oss_intel.assert_retention_rate_in_bounds: /* {"app": "dbt", "dbt_version": "1.12.5", "profile_name": "oss_intel", "target_name": "dev", "node_id": "test.oss_intel.assert_retention_rate_in_bounds"} */

    
    select
      count(*) as failures,
      count(*) != 0 as should_warn,
      count(*) != 0 as should_error
    from (
      
    
  select * from "oss"."main"."fct_contributor_cohorts"
where retention_rate < 0 or retention_rate > 1
  
  
      
    ) dbt_internal_test
[0m00:53:37.117251 [debug] [Thread-1 (]: Opening a new connection, currently in state closed
[0m00:53:37.118313 [debug] [Thread-1 (]: SQL status: OK in 0.001 seconds
[0m00:53:37.118313 [debug] [Thread-1 (]: Using duckdb connection "test.oss_intel.not_null_fct_contributor_cohorts_retention_rate.88e22f68cf"
[0m00:53:37.119380 [debug] [Thread-1 (]: On test.oss_intel.not_null_fct_contributor_cohorts_retention_rate.88e22f68cf: /* {"app": "dbt", "dbt_version": "1.12.5", "profile_name": "oss_intel", "target_name": "dev", "node_id": "test.oss_intel.not_null_fct_contributor_cohorts_retention_rate.88e22f68cf"} */

    
    select
      count(*) as failures,
      count(*) != 0 as should_warn,
      count(*) != 0 as should_error
    from (
      
    
  
    
    



select retention_rate
from "oss"."main"."fct_contributor_cohorts"
where retention_rate is null



  
  
      
    ) dbt_internal_test
[0m00:53:37.119380 [debug] [Thread-4 (]: SQL status: OK in 0.002 seconds
[0m00:53:37.121205 [debug] [Thread-4 (]: On test.oss_intel.assert_retention_rate_in_bounds: ROLLBACK
[0m00:53:37.121205 [debug] [Thread-1 (]: SQL status: OK in 0.002 seconds
[0m00:53:37.121205 [debug] [Thread-1 (]: On test.oss_intel.not_null_fct_contributor_cohorts_retention_rate.88e22f68cf: ROLLBACK
[0m00:53:37.123540 [debug] [Thread-4 (]: On test.oss_intel.assert_retention_rate_in_bounds: Close
[0m00:53:37.123540 [debug] [Thread-1 (]: On test.oss_intel.not_null_fct_contributor_cohorts_retention_rate.88e22f68cf: Close
[0m00:53:37.123540 [info ] [Thread-4 (]: 32 of 39 PASS assert_retention_rate_in_bounds .................................. [[32mPASS[0m in 0.03s]
[0m00:53:37.123540 [debug] [Thread-4 (]: Finished running node test.oss_intel.assert_retention_rate_in_bounds
[0m00:53:37.123540 [info ] [Thread-1 (]: 33 of 39 PASS not_null_fct_contributor_cohorts_retention_rate .................. [[32mPASS[0m in 0.03s]
[0m00:53:37.123540 [debug] [Thread-1 (]: Finished running node test.oss_intel.not_null_fct_contributor_cohorts_retention_rate.88e22f68cf
[0m00:53:37.126755 [debug] [Thread-3 (]: Began running node model.oss_intel.fct_repo_health_current
[0m00:53:37.127763 [info ] [Thread-3 (]: 34 of 39 SKIP relation main.fct_repo_health_current ............................ [[33mSKIP[0m]
[0m00:53:37.128229 [debug] [Thread-3 (]: Finished running node model.oss_intel.fct_repo_health_current
[0m00:53:37.128229 [debug] [Thread-7 (]: Marking all children of 'model.oss_intel.fct_repo_health_current' to be skipped because of status 'skipped'. 
[0m00:53:37.128229 [debug] [Thread-4 (]: Began running node test.oss_intel.accepted_values_fct_repo_health_current_health_tier__critical__at_risk__stable__healthy.9a342e5ed4
[0m00:53:37.128229 [debug] [Thread-1 (]: Began running node test.oss_intel.assert_health_score_in_bounds
[0m00:53:37.128229 [debug] [Thread-2 (]: Began running node test.oss_intel.not_null_fct_repo_health_current_health_score.c591e59468
[0m00:53:37.132786 [debug] [Thread-3 (]: Began running node test.oss_intel.not_null_fct_repo_health_current_repo_id.d840f5a59f
[0m00:53:37.132786 [info ] [Thread-4 (]: 35 of 39 SKIP test accepted_values_fct_repo_health_current_health_tier__critical__at_risk__stable__healthy  [[33mSKIP[0m]
[0m00:53:37.132786 [info ] [Thread-1 (]: 36 of 39 SKIP test assert_health_score_in_bounds ............................... [[33mSKIP[0m]
[0m00:53:37.132786 [info ] [Thread-2 (]: 37 of 39 SKIP test not_null_fct_repo_health_current_health_score ............... [[33mSKIP[0m]
[0m00:53:37.135999 [debug] [Thread-4 (]: Finished running node test.oss_intel.accepted_values_fct_repo_health_current_health_tier__critical__at_risk__stable__healthy.9a342e5ed4
[0m00:53:37.134988 [info ] [Thread-3 (]: 38 of 39 SKIP test not_null_fct_repo_health_current_repo_id .................... [[33mSKIP[0m]
[0m00:53:37.136995 [debug] [Thread-1 (]: Finished running node test.oss_intel.assert_health_score_in_bounds
[0m00:53:37.136995 [debug] [Thread-2 (]: Finished running node test.oss_intel.not_null_fct_repo_health_current_health_score.c591e59468
[0m00:53:37.136995 [debug] [Thread-4 (]: Began running node test.oss_intel.unique_fct_repo_health_current_repo_id.e11f11429d
[0m00:53:37.137995 [debug] [Thread-7 (]: Marking all children of 'test.oss_intel.accepted_values_fct_repo_health_current_health_tier__critical__at_risk__stable__healthy.9a342e5ed4' to be skipped because of status 'skipped'. 
[0m00:53:37.137995 [debug] [Thread-3 (]: Finished running node test.oss_intel.not_null_fct_repo_health_current_repo_id.d840f5a59f
[0m00:53:37.139999 [debug] [Thread-7 (]: Marking all children of 'test.oss_intel.assert_health_score_in_bounds' to be skipped because of status 'skipped'. 
[0m00:53:37.138997 [info ] [Thread-4 (]: 39 of 39 SKIP test unique_fct_repo_health_current_repo_id ...................... [[33mSKIP[0m]
[0m00:53:37.140575 [debug] [Thread-7 (]: Marking all children of 'test.oss_intel.not_null_fct_repo_health_current_health_score.c591e59468' to be skipped because of status 'skipped'. 
[0m00:53:37.143590 [debug] [Thread-4 (]: Finished running node test.oss_intel.unique_fct_repo_health_current_repo_id.e11f11429d
[0m00:53:37.144603 [debug] [Thread-7 (]: Marking all children of 'test.oss_intel.not_null_fct_repo_health_current_repo_id.d840f5a59f' to be skipped because of status 'skipped'. 
[0m00:53:37.144603 [debug] [Thread-7 (]: Marking all children of 'test.oss_intel.unique_fct_repo_health_current_repo_id.e11f11429d' to be skipped because of status 'skipped'. 
[0m00:53:37.146613 [debug] [MainThread]: Using duckdb connection "master"
[0m00:53:37.146613 [debug] [MainThread]: On master: BEGIN
[0m00:53:37.146613 [debug] [MainThread]: Opening a new connection, currently in state closed
[0m00:53:37.147604 [debug] [MainThread]: SQL status: OK in 0.001 seconds
[0m00:53:37.148604 [debug] [MainThread]: On master: COMMIT
[0m00:53:37.148604 [debug] [MainThread]: Using duckdb connection "master"
[0m00:53:37.148604 [debug] [MainThread]: On master: COMMIT
[0m00:53:37.148604 [debug] [MainThread]: SQL status: OK in 0.000 seconds
[0m00:53:37.151021 [debug] [MainThread]: On master: Close
[0m00:53:37.151021 [debug] [MainThread]: Connection 'master' was properly closed.
[0m00:53:37.151021 [debug] [MainThread]: Connection 'create_oss_main' was properly closed.
[0m00:53:37.151021 [debug] [MainThread]: Connection 'list_oss_main' was properly closed.
[0m00:53:37.152047 [debug] [MainThread]: Connection 'test.oss_intel.not_null_fct_contributor_cohorts_retention_rate.88e22f68cf' was properly closed.
[0m00:53:37.152047 [debug] [MainThread]: Connection 'test.oss_intel.unique_dim_repo_repo_id.25d01fb4bd' was properly closed.
[0m00:53:37.152047 [debug] [MainThread]: Connection 'model.oss_intel.fct_contributor_cohorts' was properly closed.
[0m00:53:37.153027 [debug] [MainThread]: Connection 'test.oss_intel.assert_retention_rate_in_bounds' was properly closed.
[0m00:53:37.153027 [info ] [MainThread]: 
[0m00:53:37.153027 [info ] [MainThread]: Finished running 4 seeds, 10 table models, 20 data tests, 5 view models in 0 hours 0 minutes and 3.23 seconds (3.23s).
[0m00:53:37.155996 [debug] [MainThread]: Command end result
[0m00:53:37.177505 [debug] [MainThread]: Wrote artifact WritableManifest to C:\Users\ubedu\projects\oss-intel\target\manifest.json
[0m00:53:37.186671 [debug] [MainThread]: Wrote artifact SemanticManifest to C:\Users\ubedu\projects\oss-intel\target\semantic_manifest.json
[0m00:53:37.189664 [debug] [MainThread]: Wrote artifact OsiDocument to C:\Users\ubedu\projects\oss-intel\target\osi_document.json
[0m00:53:37.194662 [debug] [MainThread]: Wrote artifact RunExecutionResult to C:\Users\ubedu\projects\oss-intel\target\run_results.json
[0m00:53:37.195663 [info ] [MainThread]: 
[0m00:53:37.195663 [info ] [MainThread]: [31mCompleted with 1 error, 0 partial successes, and 0 warnings:[0m
[0m00:53:37.196656 [info ] [MainThread]: 
[0m00:53:37.196656 [error] [MainThread]: [[31mERROR[0m]: in test assert_response_time_non_negative (tests\assert_response_time_non_negative.sql)
[0m00:53:37.196656 [error] [MainThread]:   Got 1 result, configured to fail if != 0
[0m00:53:37.197658 [info ] [MainThread]: 
[0m00:53:37.197658 [info ] [MainThread]:   compiled code at target\compiled\oss_intel\tests\assert_response_time_non_negative.sql
[0m00:53:37.197658 [info ] [MainThread]: 
[0m00:53:37.198657 [info ] [MainThread]: Done. PASS=23 WARN=0 ERROR=1 SKIP=15 NO-OP=0 REUSED=0 TOTAL=39
[0m00:53:37.198657 [debug] [MainThread]: Command `dbt build` failed at 00:53:37.198657 after 4.38 seconds
[0m00:53:37.199660 [debug] [MainThread]: Sending event: {'category': 'dbt', 'action': 'invocation', 'label': 'end', 'context': [<snowplow_tracker.self_describing_json.SelfDescribingJson object at 0x000001A29B537A10>, <snowplow_tracker.self_describing_json.SelfDescribingJson object at 0x000001A297BA9BB0>, <snowplow_tracker.self_describing_json.SelfDescribingJson object at 0x000001A29BA5BD10>]}
[0m00:53:37.199660 [debug] [MainThread]: Flushing usage events
[0m00:53:39.432638 [debug] [MainThread]: An error was encountered while trying to flush usage events
[0m00:54:33.794757 [debug] [MainThread]: Sending event: {'category': 'dbt', 'action': 'invocation', 'label': 'start', 'context': [<snowplow_tracker.self_describing_json.SelfDescribingJson object at 0x000001ABC0787620>, <snowplow_tracker.self_describing_json.SelfDescribingJson object at 0x000001ABC0626CC0>, <snowplow_tracker.self_describing_json.SelfDescribingJson object at 0x000001ABC0624530>]}


============================== 00:54:33.805646 | df6e521c-fdb2-42df-b1e2-ede9d136ca23 ==============================
[0m00:54:33.805646 [info ] [MainThread]: Running with dbt=1.12.5
[0m00:54:33.805646 [debug] [MainThread]: running dbt with arguments {'version_check': 'True', 'no_print': 'None', 'maximum_seed_size_mib': '1', 'warn_error_options': 'WarnErrorOptionsV2(error=[], warn=[], silence=[])', 'target_path': 'None', 'static_parser': 'True', 'printer_width': '80', 'write_json': 'True', 'introspect': 'True', 'log_cache_events': 'False', 'empty': 'False', 'cache_selected_only': 'False', 'fail_fast': 'False', 'debug': 'False', 'log_format': 'default', 'profiles_dir': '.', 'send_anonymous_usage_stats': 'True', 'quiet': 'False', 'warn_error': 'None', 'partial_parse': 'True', 'indirect_selection': 'eager', 'hints_enabled': 'True', 'invocation_command': 'dbt build --profiles-dir .', 'use_experimental_parser': 'False', 'use_colors': 'True', 'log_path': 'C:\\Users\\ubedu\\projects\\oss-intel\\logs'}
[0m00:54:34.030246 [debug] [MainThread]: Sending event: {'category': 'dbt', 'action': 'project_id', 'label': 'df6e521c-fdb2-42df-b1e2-ede9d136ca23', 'context': [<snowplow_tracker.self_describing_json.SelfDescribingJson object at 0x000001ABC0B2DE80>]}
[0m00:54:34.081854 [debug] [MainThread]: Sending event: {'category': 'dbt', 'action': 'adapter_info', 'label': 'df6e521c-fdb2-42df-b1e2-ede9d136ca23', 'context': [<snowplow_tracker.self_describing_json.SelfDescribingJson object at 0x000001ABC0A1D400>]}
[0m00:54:34.085369 [info ] [MainThread]: Registered adapter: duckdb=1.11.0
[0m00:54:34.265570 [debug] [MainThread]: checksum: 7df6d4a785be419a82a28629a0a9d1272444ef023b256f90b78bcec6eba9dcfd, vars: {}, profile: oss_intel, target: dev, version: 1.12.5
[0m00:54:34.376740 [debug] [MainThread]: Partial parsing enabled: 0 files deleted, 0 files added, 1 files changed.
[0m00:54:34.376740 [debug] [MainThread]: Partial parsing: updated file: oss_intel://models\staging\stg_issues_prs.sql
[0m00:54:34.883378 [debug] [MainThread]: Sending event: {'category': 'dbt', 'action': 'load_project', 'label': 'df6e521c-fdb2-42df-b1e2-ede9d136ca23', 'context': [<snowplow_tracker.self_describing_json.SelfDescribingJson object at 0x000001ABC11CA750>]}
[0m00:54:34.960252 [debug] [MainThread]: Wrote artifact WritableManifest to C:\Users\ubedu\projects\oss-intel\target\manifest.json
[0m00:54:34.960252 [debug] [MainThread]: Wrote artifact SemanticManifest to C:\Users\ubedu\projects\oss-intel\target\semantic_manifest.json
[0m00:54:34.976151 [debug] [MainThread]: Wrote artifact OsiDocument to C:\Users\ubedu\projects\oss-intel\target\osi_document.json
[0m00:54:35.011780 [debug] [MainThread]: Sending event: {'category': 'dbt', 'action': 'resource_counts', 'label': 'df6e521c-fdb2-42df-b1e2-ede9d136ca23', 'context': [<snowplow_tracker.self_describing_json.SelfDescribingJson object at 0x000001ABC2367530>]}
[0m00:54:35.011780 [info ] [MainThread]: Found 15 models, 20 data tests, 4 seeds, 500 macros
[0m00:54:35.014872 [info ] [MainThread]: 
[0m00:54:35.014872 [info ] [MainThread]: Concurrency: 4 threads (target='dev')
[0m00:54:35.014872 [info ] [MainThread]: 
[0m00:54:35.014872 [debug] [MainThread]: Acquiring new duckdb connection 'master'
[0m00:54:35.025281 [debug] [ThreadPool]: Acquiring new duckdb connection 'list_oss'
[0m00:54:35.105041 [debug] [ThreadPool]: Using duckdb connection "list_oss"
[0m00:54:35.105041 [debug] [ThreadPool]: On list_oss: /* {"app": "dbt", "dbt_version": "1.12.5", "profile_name": "oss_intel", "target_name": "dev", "connection_name": "list_oss"} */

    
    select schema_name
    from system.information_schema.schemata
    
    where lower(catalog_name) = '"oss"'
    
  
  
[0m00:54:35.106042 [debug] [ThreadPool]: Opening a new connection, currently in state init
[0m00:54:35.127687 [debug] [ThreadPool]: SQL status: OK in 0.034 seconds
[0m00:54:35.127687 [debug] [ThreadPool]: On list_oss: Close
[0m00:54:35.127687 [debug] [ThreadPool]: Re-using an available connection from the pool (formerly list_oss, now create_oss_main)
[0m00:54:35.127687 [debug] [ThreadPool]: Creating schema "database: "oss"
schema: "main"
"
[0m00:54:35.145804 [debug] [ThreadPool]: Using duckdb connection "create_oss_main"
[0m00:54:35.145804 [debug] [ThreadPool]: On create_oss_main: /* {"app": "dbt", "dbt_version": "1.12.5", "profile_name": "oss_intel", "target_name": "dev", "connection_name": "create_oss_main"} */

    
        select type from duckdb_databases()
        where lower(database_name)='oss'
        and type != 'duckdb'
    
  
[0m00:54:35.145804 [debug] [ThreadPool]: Opening a new connection, currently in state closed
[0m00:54:35.145804 [debug] [ThreadPool]: SQL status: OK in 0.001 seconds
[0m00:54:35.145804 [debug] [ThreadPool]: Using duckdb connection "create_oss_main"
[0m00:54:35.145804 [debug] [ThreadPool]: On create_oss_main: BEGIN
[0m00:54:35.145804 [debug] [ThreadPool]: SQL status: OK in 0.000 seconds
[0m00:54:35.145804 [debug] [ThreadPool]: Using duckdb connection "create_oss_main"
[0m00:54:35.145804 [debug] [ThreadPool]: On create_oss_main: /* {"app": "dbt", "dbt_version": "1.12.5", "profile_name": "oss_intel", "target_name": "dev", "connection_name": "create_oss_main"} */

    
    
        create schema if not exists "oss"."main"
    
[0m00:54:35.145804 [debug] [ThreadPool]: SQL status: OK in 0.000 seconds
[0m00:54:35.145804 [debug] [ThreadPool]: On create_oss_main: COMMIT
[0m00:54:35.145804 [debug] [ThreadPool]: Using duckdb connection "create_oss_main"
[0m00:54:35.145804 [debug] [ThreadPool]: On create_oss_main: COMMIT
[0m00:54:35.145804 [debug] [ThreadPool]: SQL status: OK in 0.000 seconds
[0m00:54:35.145804 [debug] [ThreadPool]: On create_oss_main: Close
[0m00:54:35.159752 [debug] [ThreadPool]: Acquiring new duckdb connection 'list_oss_main'
[0m00:54:35.162005 [debug] [ThreadPool]: Using duckdb connection "list_oss_main"
[0m00:54:35.162005 [debug] [ThreadPool]: On list_oss_main: BEGIN
[0m00:54:35.162005 [debug] [ThreadPool]: Opening a new connection, currently in state init
[0m00:54:35.162005 [debug] [ThreadPool]: SQL status: OK in 0.001 seconds
[0m00:54:35.162005 [debug] [ThreadPool]: Using duckdb connection "list_oss_main"
[0m00:54:35.162005 [debug] [ThreadPool]: On list_oss_main: /* {"app": "dbt", "dbt_version": "1.12.5", "profile_name": "oss_intel", "target_name": "dev", "connection_name": "list_oss_main"} */
select
      'oss' as database,
      table_name as name,
      table_schema as schema,
      CASE table_type
        WHEN 'BASE TABLE' THEN 'table'
        WHEN 'VIEW' THEN 'view'
        WHEN 'LOCAL TEMPORARY' THEN 'table'
        END as type
    from system.information_schema.tables
    where lower(table_schema) = 'main'
    and lower(table_catalog) = 'oss'
  
[0m00:54:35.162005 [debug] [ThreadPool]: SQL status: OK in 0.003 seconds
[0m00:54:35.162005 [debug] [ThreadPool]: On list_oss_main: ROLLBACK
[0m00:54:35.162005 [debug] [ThreadPool]: On list_oss_main: Close
[0m00:54:35.162005 [debug] [MainThread]: Sending event: {'category': 'dbt', 'action': 'runnable_timing', 'label': 'df6e521c-fdb2-42df-b1e2-ede9d136ca23', 'context': [<snowplow_tracker.self_describing_json.SelfDescribingJson object at 0x000001ABC0BD83B0>]}
[0m00:54:35.162005 [debug] [MainThread]: Using duckdb connection "master"
[0m00:54:35.162005 [debug] [MainThread]: On master: BEGIN
[0m00:54:35.162005 [debug] [MainThread]: Opening a new connection, currently in state init
[0m00:54:35.162005 [debug] [MainThread]: SQL status: OK in 0.000 seconds
[0m00:54:35.162005 [debug] [MainThread]: On master: COMMIT
[0m00:54:35.175597 [debug] [MainThread]: Using duckdb connection "master"
[0m00:54:35.175597 [debug] [MainThread]: On master: COMMIT
[0m00:54:35.175597 [debug] [MainThread]: SQL status: OK in 0.000 seconds
[0m00:54:35.175597 [debug] [MainThread]: On master: Close
[0m00:54:35.179059 [debug] [Thread-1 (]: Began running node model.oss_intel.stg_releases
[0m00:54:35.179059 [debug] [Thread-2 (]: Began running node model.oss_intel.stg_scorecard
[0m00:54:35.179059 [debug] [Thread-3 (]: Began running node seed.oss_intel.bots
[0m00:54:35.179059 [debug] [Thread-4 (]: Began running node seed.oss_intel.label_map
[0m00:54:35.179059 [info ] [Thread-1 (]: 1 of 39 START sql view model main.stg_releases ................................. [RUN]
[0m00:54:35.179059 [info ] [Thread-2 (]: 2 of 39 START sql view model main.stg_scorecard ................................ [RUN]
[0m00:54:35.179059 [info ] [Thread-3 (]: 3 of 39 START seed file main.bots .............................................. [RUN]
[0m00:54:35.179059 [debug] [Thread-1 (]: Acquiring new duckdb connection 'model.oss_intel.stg_releases'
[0m00:54:35.179059 [debug] [Thread-2 (]: Acquiring new duckdb connection 'model.oss_intel.stg_scorecard'
[0m00:54:35.179059 [info ] [Thread-4 (]: 4 of 39 START seed file main.label_map ......................................... [RUN]
[0m00:54:35.179059 [debug] [Thread-3 (]: Acquiring new duckdb connection 'seed.oss_intel.bots'
[0m00:54:35.179059 [debug] [Thread-1 (]: Began compiling node model.oss_intel.stg_releases
[0m00:54:35.179059 [debug] [Thread-2 (]: Began compiling node model.oss_intel.stg_scorecard
[0m00:54:35.179059 [debug] [Thread-4 (]: Acquiring new duckdb connection 'seed.oss_intel.label_map'
[0m00:54:35.179059 [debug] [Thread-3 (]: Began compiling node seed.oss_intel.bots
[0m00:54:35.191353 [debug] [Thread-1 (]: Writing injected SQL for node "model.oss_intel.stg_releases"
[0m00:54:35.192252 [debug] [Thread-2 (]: Writing injected SQL for node "model.oss_intel.stg_scorecard"
[0m00:54:35.192252 [debug] [Thread-4 (]: Began compiling node seed.oss_intel.label_map
[0m00:54:35.193438 [debug] [Thread-3 (]: Began executing node seed.oss_intel.bots
[0m00:54:35.193438 [debug] [Thread-4 (]: Began executing node seed.oss_intel.label_map
[0m00:54:35.216550 [debug] [Thread-4 (]: Using duckdb connection "seed.oss_intel.label_map"
[0m00:54:35.216550 [debug] [Thread-1 (]: Began executing node model.oss_intel.stg_releases
[0m00:54:35.218462 [debug] [Thread-3 (]: Using duckdb connection "seed.oss_intel.bots"
[0m00:54:35.218462 [debug] [Thread-2 (]: Began executing node model.oss_intel.stg_scorecard
[0m00:54:35.218462 [debug] [Thread-4 (]: On seed.oss_intel.label_map: BEGIN
[0m00:54:35.238614 [debug] [Thread-1 (]: Writing runtime sql for node "model.oss_intel.stg_releases"
[0m00:54:35.238614 [debug] [Thread-3 (]: On seed.oss_intel.bots: BEGIN
[0m00:54:35.240620 [debug] [Thread-2 (]: Writing runtime sql for node "model.oss_intel.stg_scorecard"
[0m00:54:35.240620 [debug] [Thread-4 (]: Opening a new connection, currently in state init
[0m00:54:35.240620 [debug] [Thread-3 (]: Opening a new connection, currently in state init
[0m00:54:35.240620 [debug] [Thread-3 (]: SQL status: OK in 0.001 seconds
[0m00:54:35.240620 [debug] [Thread-3 (]: Using duckdb connection "seed.oss_intel.bots"
[0m00:54:35.240620 [debug] [Thread-3 (]: On seed.oss_intel.bots: /* {"app": "dbt", "dbt_version": "1.12.5", "profile_name": "oss_intel", "target_name": "dev", "node_id": "seed.oss_intel.bots"} */
truncate table "oss"."main"."bots"
[0m00:54:35.240620 [debug] [Thread-1 (]: Using duckdb connection "model.oss_intel.stg_releases"
[0m00:54:35.244794 [debug] [Thread-4 (]: SQL status: OK in 0.004 seconds
[0m00:54:35.245342 [debug] [Thread-2 (]: Using duckdb connection "model.oss_intel.stg_scorecard"
[0m00:54:35.245342 [debug] [Thread-3 (]: SQL status: OK in 0.002 seconds
[0m00:54:35.245342 [debug] [Thread-1 (]: On model.oss_intel.stg_releases: BEGIN
[0m00:54:35.245342 [debug] [Thread-4 (]: Using duckdb connection "seed.oss_intel.label_map"
[0m00:54:35.245342 [debug] [Thread-2 (]: On model.oss_intel.stg_scorecard: BEGIN
[0m00:54:35.255395 [debug] [Thread-3 (]: Using duckdb connection "seed.oss_intel.bots"
[0m00:54:35.255395 [debug] [Thread-1 (]: Opening a new connection, currently in state init
[0m00:54:35.255395 [debug] [Thread-4 (]: On seed.oss_intel.label_map: /* {"app": "dbt", "dbt_version": "1.12.5", "profile_name": "oss_intel", "target_name": "dev", "node_id": "seed.oss_intel.label_map"} */
truncate table "oss"."main"."label_map"
[0m00:54:35.255395 [debug] [Thread-2 (]: Opening a new connection, currently in state init
[0m00:54:35.257400 [debug] [Thread-3 (]: On seed.oss_intel.bots: 
          COPY "oss"."main"."bots" FROM 'C:\Users\ubedu\projects\oss-intel\seeds\bots.csv' (FORMAT CSV, HEADER TRUE, DELIMITER ',')
        ...
[0m00:54:35.257400 [debug] [Thread-1 (]: SQL status: OK in 0.001 seconds
[0m00:54:35.257400 [debug] [Thread-2 (]: SQL status: OK in 0.001 seconds
[0m00:54:35.257400 [debug] [Thread-4 (]: SQL status: OK in 0.001 seconds
[0m00:54:35.257400 [debug] [Thread-1 (]: Using duckdb connection "model.oss_intel.stg_releases"
[0m00:54:35.260558 [debug] [Thread-1 (]: On model.oss_intel.stg_releases: /* {"app": "dbt", "dbt_version": "1.12.5", "profile_name": "oss_intel", "target_name": "dev", "node_id": "model.oss_intel.stg_releases"} */

  
  create view "oss"."main"."stg_releases__dbt_tmp" as (
    with src as (

    select * from read_parquet('data/raw/releases/**/*.parquet', union_by_name = true)

)

select distinct
    cast(repo_id as bigint) as repo_id,
    tag_name,
    published_at
from src
where published_at is not null
  );

[0m00:54:35.257400 [debug] [Thread-4 (]: Using duckdb connection "seed.oss_intel.label_map"
[0m00:54:35.257400 [debug] [Thread-2 (]: Using duckdb connection "model.oss_intel.stg_scorecard"
[0m00:54:35.260558 [debug] [Thread-4 (]: On seed.oss_intel.label_map: 
          COPY "oss"."main"."label_map" FROM 'C:\Users\ubedu\projects\oss-intel\seeds\label_map.csv' (FORMAT CSV, HEADER TRUE, DELIMITER ',')
        ...
[0m00:54:35.260558 [debug] [Thread-2 (]: On model.oss_intel.stg_scorecard: /* {"app": "dbt", "dbt_version": "1.12.5", "profile_name": "oss_intel", "target_name": "dev", "node_id": "model.oss_intel.stg_scorecard"} */

  
  create view "oss"."main"."stg_scorecard__dbt_tmp" as (
    -- OpenSSF Scorecard: the one signal in this project computed by someone else.
-- Coverage is partial (26/30) because the REST API only serves projects that
-- opted in with publish_results: true. Missing is null, never zero.
with src as (

    select * from read_parquet('data/raw/scorecard/**/*.parquet', union_by_name = true)

),

ranked as (

    select
        cast(repo_id as bigint) as repo_id,
        scorecard_date,
        scorecard_overall,
        check_maintained,
        check_code_review,
        check_vulnerabilities,
        source,
        row_number() over (partition by repo_id order by scorecard_date desc) as rn
    from src
    where repo_id is not null

)

select * exclude (rn) from ranked where rn = 1
  );

[0m00:54:35.261643 [debug] [Thread-3 (]: SQL status: OK in 0.004 seconds
[0m00:54:35.262150 [debug] [Thread-1 (]: SQL status: OK in 0.002 seconds
[0m00:54:35.264492 [debug] [Thread-3 (]: Writing runtime SQL for node "seed.oss_intel.bots"
[0m00:54:35.266498 [debug] [Thread-4 (]: SQL status: OK in 0.005 seconds
[0m00:54:35.266498 [debug] [Thread-1 (]: Using duckdb connection "model.oss_intel.stg_releases"
[0m00:54:35.266498 [debug] [Thread-2 (]: SQL status: OK in 0.008 seconds
[0m00:54:35.266498 [debug] [Thread-4 (]: Writing runtime SQL for node "seed.oss_intel.label_map"
[0m00:54:35.266498 [debug] [Thread-1 (]: On model.oss_intel.stg_releases: /* {"app": "dbt", "dbt_version": "1.12.5", "profile_name": "oss_intel", "target_name": "dev", "node_id": "model.oss_intel.stg_releases"} */
alter view "oss"."main"."stg_releases" rename to "stg_releases__dbt_backup"
[0m00:54:35.276363 [debug] [Thread-3 (]: On seed.oss_intel.bots: COMMIT
[0m00:54:35.276363 [debug] [Thread-2 (]: Using duckdb connection "model.oss_intel.stg_scorecard"
[0m00:54:35.276363 [debug] [Thread-3 (]: Using duckdb connection "seed.oss_intel.bots"
[0m00:54:35.276363 [debug] [Thread-2 (]: On model.oss_intel.stg_scorecard: /* {"app": "dbt", "dbt_version": "1.12.5", "profile_name": "oss_intel", "target_name": "dev", "node_id": "model.oss_intel.stg_scorecard"} */
alter view "oss"."main"."stg_scorecard" rename to "stg_scorecard__dbt_backup"
[0m00:54:35.276363 [debug] [Thread-1 (]: SQL status: OK in 0.001 seconds
[0m00:54:35.276363 [debug] [Thread-3 (]: On seed.oss_intel.bots: COMMIT
[0m00:54:35.276363 [debug] [Thread-4 (]: On seed.oss_intel.label_map: COMMIT
[0m00:54:35.276363 [debug] [Thread-1 (]: Using duckdb connection "model.oss_intel.stg_releases"
[0m00:54:35.276363 [debug] [Thread-2 (]: SQL status: OK in 0.002 seconds
[0m00:54:35.276363 [debug] [Thread-4 (]: Using duckdb connection "seed.oss_intel.label_map"
[0m00:54:35.276363 [debug] [Thread-1 (]: On model.oss_intel.stg_releases: /* {"app": "dbt", "dbt_version": "1.12.5", "profile_name": "oss_intel", "target_name": "dev", "node_id": "model.oss_intel.stg_releases"} */
alter view "oss"."main"."stg_releases__dbt_tmp" rename to "stg_releases"
[0m00:54:35.276363 [debug] [Thread-2 (]: Using duckdb connection "model.oss_intel.stg_scorecard"
[0m00:54:35.276363 [debug] [Thread-4 (]: On seed.oss_intel.label_map: COMMIT
[0m00:54:35.292353 [debug] [Thread-2 (]: On model.oss_intel.stg_scorecard: /* {"app": "dbt", "dbt_version": "1.12.5", "profile_name": "oss_intel", "target_name": "dev", "node_id": "model.oss_intel.stg_scorecard"} */
alter view "oss"."main"."stg_scorecard__dbt_tmp" rename to "stg_scorecard"
[0m00:54:35.292353 [debug] [Thread-3 (]: SQL status: OK in 0.004 seconds
[0m00:54:35.292353 [debug] [Thread-3 (]: On seed.oss_intel.bots: Close
[0m00:54:35.292353 [debug] [Thread-1 (]: SQL status: OK in 0.004 seconds
[0m00:54:35.296917 [debug] [Thread-1 (]: On model.oss_intel.stg_releases: COMMIT
[0m00:54:35.296917 [debug] [Thread-1 (]: Using duckdb connection "model.oss_intel.stg_releases"
[0m00:54:35.296917 [debug] [Thread-1 (]: On model.oss_intel.stg_releases: COMMIT
[0m00:54:35.296917 [debug] [Thread-4 (]: SQL status: OK in 0.007 seconds
[0m00:54:35.296917 [debug] [Thread-4 (]: On seed.oss_intel.label_map: Close
[0m00:54:35.296917 [debug] [Thread-2 (]: SQL status: OK in 0.008 seconds
[0m00:54:35.296917 [debug] [Thread-2 (]: On model.oss_intel.stg_scorecard: COMMIT
[0m00:54:35.296917 [debug] [Thread-2 (]: Using duckdb connection "model.oss_intel.stg_scorecard"
[0m00:54:35.296917 [debug] [Thread-2 (]: On model.oss_intel.stg_scorecard: COMMIT
[0m00:54:35.296917 [debug] [Thread-1 (]: SQL status: OK in 0.004 seconds
[0m00:54:35.308234 [debug] [Thread-2 (]: SQL status: OK in 0.004 seconds
[0m00:54:35.308234 [debug] [Thread-2 (]: Using duckdb connection "model.oss_intel.stg_scorecard"
[0m00:54:35.308234 [debug] [Thread-1 (]: Using duckdb connection "model.oss_intel.stg_releases"
[0m00:54:35.308234 [debug] [Thread-2 (]: On model.oss_intel.stg_scorecard: /* {"app": "dbt", "dbt_version": "1.12.5", "profile_name": "oss_intel", "target_name": "dev", "node_id": "model.oss_intel.stg_scorecard"} */

      drop view if exists "oss"."main"."stg_scorecard__dbt_backup" cascade
    
[0m00:54:35.308234 [debug] [Thread-1 (]: On model.oss_intel.stg_releases: /* {"app": "dbt", "dbt_version": "1.12.5", "profile_name": "oss_intel", "target_name": "dev", "node_id": "model.oss_intel.stg_releases"} */

      drop view if exists "oss"."main"."stg_releases__dbt_backup" cascade
    
[0m00:54:35.308234 [debug] [Thread-3 (]: Sending event: {'category': 'dbt', 'action': 'run_model', 'label': 'df6e521c-fdb2-42df-b1e2-ede9d136ca23', 'context': [<snowplow_tracker.self_describing_json.SelfDescribingJson object at 0x000001ABC2775430>]}
[0m00:54:35.308234 [debug] [Thread-4 (]: Sending event: {'category': 'dbt', 'action': 'run_model', 'label': 'df6e521c-fdb2-42df-b1e2-ede9d136ca23', 'context': [<snowplow_tracker.self_describing_json.SelfDescribingJson object at 0x000001ABC25C4E00>]}
[0m00:54:35.308234 [debug] [Thread-2 (]: SQL status: OK in 0.002 seconds
[0m00:54:35.308234 [info ] [Thread-3 (]: 3 of 39 OK loaded seed file main.bots .......................................... [[32mINSERT 14[0m in 0.11s]
[0m00:54:35.308234 [debug] [Thread-1 (]: SQL status: OK in 0.002 seconds
[0m00:54:35.308234 [debug] [Thread-2 (]: On model.oss_intel.stg_scorecard: Close
[0m00:54:35.308234 [info ] [Thread-4 (]: 4 of 39 OK loaded seed file main.label_map ..................................... [[32mINSERT 16[0m in 0.12s]
[0m00:54:35.308234 [debug] [Thread-3 (]: Finished running node seed.oss_intel.bots
[0m00:54:35.308234 [debug] [Thread-1 (]: On model.oss_intel.stg_releases: Close
[0m00:54:35.308234 [debug] [Thread-2 (]: Sending event: {'category': 'dbt', 'action': 'run_model', 'label': 'df6e521c-fdb2-42df-b1e2-ede9d136ca23', 'context': [<snowplow_tracker.self_describing_json.SelfDescribingJson object at 0x000001ABC2711F10>]}
[0m00:54:35.308234 [debug] [Thread-4 (]: Finished running node seed.oss_intel.label_map
[0m00:54:35.308234 [debug] [Thread-3 (]: Began running node seed.oss_intel.repos
[0m00:54:35.308234 [debug] [Thread-1 (]: Sending event: {'category': 'dbt', 'action': 'run_model', 'label': 'df6e521c-fdb2-42df-b1e2-ede9d136ca23', 'context': [<snowplow_tracker.self_describing_json.SelfDescribingJson object at 0x000001ABC26B7500>]}
[0m00:54:35.324940 [debug] [Thread-4 (]: Began running node seed.oss_intel.score_weights
[0m00:54:35.324175 [info ] [Thread-2 (]: 2 of 39 OK created sql view model main.stg_scorecard ........................... [[32mOK[0m in 0.13s]
[0m00:54:35.324940 [info ] [Thread-3 (]: 5 of 39 START seed file main.repos ............................................. [RUN]
[0m00:54:35.326964 [debug] [Thread-2 (]: Finished running node model.oss_intel.stg_scorecard
[0m00:54:35.325954 [info ] [Thread-1 (]: 1 of 39 OK created sql view model main.stg_releases ............................ [[32mOK[0m in 0.13s]
[0m00:54:35.327764 [debug] [Thread-3 (]: Re-using an available connection from the pool (formerly seed.oss_intel.bots, now seed.oss_intel.repos)
[0m00:54:35.328790 [debug] [Thread-2 (]: Began running node model.oss_intel.stg_contributions
[0m00:54:35.325954 [info ] [Thread-4 (]: 6 of 39 START seed file main.score_weights ..................................... [RUN]
[0m00:54:35.328790 [debug] [Thread-1 (]: Finished running node model.oss_intel.stg_releases
[0m00:54:35.329995 [debug] [Thread-3 (]: Began compiling node seed.oss_intel.repos
[0m00:54:35.330500 [info ] [Thread-2 (]: 7 of 39 START sql view model main.stg_contributions ............................ [RUN]
[0m00:54:35.330840 [debug] [Thread-4 (]: Re-using an available connection from the pool (formerly seed.oss_intel.label_map, now seed.oss_intel.score_weights)
[0m00:54:35.330840 [debug] [Thread-1 (]: Began running node model.oss_intel.stg_gharchive
[0m00:54:35.330840 [debug] [Thread-3 (]: Began executing node seed.oss_intel.repos
[0m00:54:35.333069 [debug] [Thread-2 (]: Re-using an available connection from the pool (formerly model.oss_intel.stg_scorecard, now model.oss_intel.stg_contributions)
[0m00:54:35.333069 [debug] [Thread-4 (]: Began compiling node seed.oss_intel.score_weights
[0m00:54:35.333069 [info ] [Thread-1 (]: 8 of 39 START sql view model main.stg_gharchive ................................ [RUN]
[0m00:54:35.335869 [debug] [Thread-2 (]: Began compiling node model.oss_intel.stg_contributions
[0m00:54:35.335869 [debug] [Thread-4 (]: Began executing node seed.oss_intel.score_weights
[0m00:54:35.337369 [debug] [Thread-1 (]: Re-using an available connection from the pool (formerly model.oss_intel.stg_releases, now model.oss_intel.stg_gharchive)
[0m00:54:35.338336 [debug] [Thread-2 (]: Writing injected SQL for node "model.oss_intel.stg_contributions"
[0m00:54:35.338336 [debug] [Thread-1 (]: Began compiling node model.oss_intel.stg_gharchive
[0m00:54:35.344603 [debug] [Thread-4 (]: Using duckdb connection "seed.oss_intel.score_weights"
[0m00:54:35.345725 [debug] [Thread-1 (]: Writing injected SQL for node "model.oss_intel.stg_gharchive"
[0m00:54:35.345725 [debug] [Thread-4 (]: On seed.oss_intel.score_weights: BEGIN
[0m00:54:35.345725 [debug] [Thread-4 (]: Opening a new connection, currently in state closed
[0m00:54:35.350226 [debug] [Thread-2 (]: Began executing node model.oss_intel.stg_contributions
[0m00:54:35.354292 [debug] [Thread-3 (]: Using duckdb connection "seed.oss_intel.repos"
[0m00:54:35.354631 [debug] [Thread-1 (]: Began executing node model.oss_intel.stg_gharchive
[0m00:54:35.354631 [debug] [Thread-4 (]: SQL status: OK in 0.006 seconds
[0m00:54:35.354631 [debug] [Thread-2 (]: Writing runtime sql for node "model.oss_intel.stg_contributions"
[0m00:54:35.354631 [debug] [Thread-3 (]: On seed.oss_intel.repos: BEGIN
[0m00:54:35.354631 [debug] [Thread-1 (]: Writing runtime sql for node "model.oss_intel.stg_gharchive"
[0m00:54:35.354631 [debug] [Thread-4 (]: Using duckdb connection "seed.oss_intel.score_weights"
[0m00:54:35.354631 [debug] [Thread-3 (]: Opening a new connection, currently in state closed
[0m00:54:35.354631 [debug] [Thread-4 (]: On seed.oss_intel.score_weights: /* {"app": "dbt", "dbt_version": "1.12.5", "profile_name": "oss_intel", "target_name": "dev", "node_id": "seed.oss_intel.score_weights"} */
truncate table "oss"."main"."score_weights"
[0m00:54:35.354631 [debug] [Thread-2 (]: Using duckdb connection "model.oss_intel.stg_contributions"
[0m00:54:35.362482 [debug] [Thread-1 (]: Using duckdb connection "model.oss_intel.stg_gharchive"
[0m00:54:35.362482 [debug] [Thread-3 (]: SQL status: OK in 0.002 seconds
[0m00:54:35.362482 [debug] [Thread-2 (]: On model.oss_intel.stg_contributions: BEGIN
[0m00:54:35.362482 [debug] [Thread-1 (]: On model.oss_intel.stg_gharchive: BEGIN
[0m00:54:35.362482 [debug] [Thread-4 (]: SQL status: OK in 0.001 seconds
[0m00:54:35.362482 [debug] [Thread-3 (]: Using duckdb connection "seed.oss_intel.repos"
[0m00:54:35.362482 [debug] [Thread-2 (]: Opening a new connection, currently in state closed
[0m00:54:35.362482 [debug] [Thread-1 (]: Opening a new connection, currently in state closed
[0m00:54:35.362482 [debug] [Thread-4 (]: Using duckdb connection "seed.oss_intel.score_weights"
[0m00:54:35.362482 [debug] [Thread-3 (]: On seed.oss_intel.repos: /* {"app": "dbt", "dbt_version": "1.12.5", "profile_name": "oss_intel", "target_name": "dev", "node_id": "seed.oss_intel.repos"} */
truncate table "oss"."main"."repos"
[0m00:54:35.362482 [debug] [Thread-4 (]: On seed.oss_intel.score_weights: 
          COPY "oss"."main"."score_weights" FROM 'C:\Users\ubedu\projects\oss-intel\seeds\score_weights.csv' (FORMAT CSV, HEADER TRUE, DELIMITER ',')
        ...
[0m00:54:35.362482 [debug] [Thread-1 (]: SQL status: OK in 0.002 seconds
[0m00:54:35.362482 [debug] [Thread-2 (]: SQL status: OK in 0.003 seconds
[0m00:54:35.362482 [debug] [Thread-1 (]: Using duckdb connection "model.oss_intel.stg_gharchive"
[0m00:54:35.362482 [debug] [Thread-3 (]: SQL status: OK in 0.001 seconds
[0m00:54:35.362482 [debug] [Thread-2 (]: Using duckdb connection "model.oss_intel.stg_contributions"
[0m00:54:35.362482 [debug] [Thread-1 (]: On model.oss_intel.stg_gharchive: /* {"app": "dbt", "dbt_version": "1.12.5", "profile_name": "oss_intel", "target_name": "dev", "node_id": "model.oss_intel.stg_gharchive"} */

  
  create view "oss"."main"."stg_gharchive__dbt_tmp" as (
    -- GH Archive. HISTORICAL ONLY - event fidelity degraded badly through 2026
-- (see ADR 0002), so this feeds the archived-repo backtest and the fidelity
-- exhibit, and no live metric.
with src as (

    select * from read_parquet('data/raw/gharchive/**/*.parquet', union_by_name = true)

),

deduped as (

    -- a backfill range and a daily run can both cover the same date
    select
        cast(event_date as date)    as event_date,
        cast(repo_id as bigint)     as repo_id,
        actor,
        event_type,
        max(cast(n as integer))     as event_count
    from src
    group by 1, 2, 3, 4

)

select d.*
from deduped d
left join "oss"."main"."bots" b on lower(d.actor) = lower(b.login)
where b.login is null
  and d.actor not like '%[bot]'
  );

[0m00:54:35.362482 [debug] [Thread-3 (]: Using duckdb connection "seed.oss_intel.repos"
[0m00:54:35.362482 [debug] [Thread-2 (]: On model.oss_intel.stg_contributions: /* {"app": "dbt", "dbt_version": "1.12.5", "profile_name": "oss_intel", "target_name": "dev", "node_id": "model.oss_intel.stg_contributions"} */

  
  create view "oss"."main"."stg_contributions__dbt_tmp" as (
    -- Person-actions derived from issues, PRs, comments and reviews.
-- Replaces GH Archive as the cohort input (see ADR 0002).
-- A contribution is work. Stars and forks are interest, and are not here.
with src as (

    select * from read_parquet('data/raw/contributions/**/*.parquet', union_by_name = true)

)

select distinct
    cast(repo_id as bigint)                     as repo_id,
    actor,
    contributed_at,
    contribution_type,
    date_trunc('month', contributed_at)         as contribution_month
from src s
where actor is not null
  and actor not like '%[bot]'
  and not exists (select 1 from "oss"."main"."bots" b where lower(b.login) = lower(s.actor))
  );

[0m00:54:35.370654 [debug] [Thread-3 (]: On seed.oss_intel.repos: 
          COPY "oss"."main"."repos" FROM 'C:\Users\ubedu\projects\oss-intel\seeds\repos.csv' (FORMAT CSV, HEADER TRUE, DELIMITER ',')
        ...
[0m00:54:35.370654 [debug] [Thread-4 (]: SQL status: OK in 0.003 seconds
[0m00:54:35.371734 [debug] [Thread-4 (]: Writing runtime SQL for node "seed.oss_intel.score_weights"
[0m00:54:35.373663 [debug] [Thread-4 (]: On seed.oss_intel.score_weights: COMMIT
[0m00:54:35.373663 [debug] [Thread-1 (]: SQL status: OK in 0.004 seconds
[0m00:54:35.374662 [debug] [Thread-2 (]: SQL status: OK in 0.004 seconds
[0m00:54:35.374662 [debug] [Thread-3 (]: SQL status: OK in 0.004 seconds
[0m00:54:35.374662 [debug] [Thread-4 (]: Using duckdb connection "seed.oss_intel.score_weights"
[0m00:54:35.376743 [debug] [Thread-1 (]: Using duckdb connection "model.oss_intel.stg_gharchive"
[0m00:54:35.378699 [debug] [Thread-2 (]: Using duckdb connection "model.oss_intel.stg_contributions"
[0m00:54:35.378699 [debug] [Thread-3 (]: Writing runtime SQL for node "seed.oss_intel.repos"
[0m00:54:35.378699 [debug] [Thread-4 (]: On seed.oss_intel.score_weights: COMMIT
[0m00:54:35.378699 [debug] [Thread-1 (]: On model.oss_intel.stg_gharchive: /* {"app": "dbt", "dbt_version": "1.12.5", "profile_name": "oss_intel", "target_name": "dev", "node_id": "model.oss_intel.stg_gharchive"} */
alter view "oss"."main"."stg_gharchive" rename to "stg_gharchive__dbt_backup"
[0m00:54:35.379742 [debug] [Thread-2 (]: On model.oss_intel.stg_contributions: /* {"app": "dbt", "dbt_version": "1.12.5", "profile_name": "oss_intel", "target_name": "dev", "node_id": "model.oss_intel.stg_contributions"} */
alter view "oss"."main"."stg_contributions" rename to "stg_contributions__dbt_backup"
[0m00:54:35.379742 [debug] [Thread-1 (]: SQL status: OK in 0.000 seconds
[0m00:54:35.381906 [debug] [Thread-1 (]: Using duckdb connection "model.oss_intel.stg_gharchive"
[0m00:54:35.381906 [debug] [Thread-1 (]: On model.oss_intel.stg_gharchive: /* {"app": "dbt", "dbt_version": "1.12.5", "profile_name": "oss_intel", "target_name": "dev", "node_id": "model.oss_intel.stg_gharchive"} */
alter view "oss"."main"."stg_gharchive__dbt_tmp" rename to "stg_gharchive"
[0m00:54:35.382915 [debug] [Thread-3 (]: On seed.oss_intel.repos: COMMIT
[0m00:54:35.383917 [debug] [Thread-3 (]: Using duckdb connection "seed.oss_intel.repos"
[0m00:54:35.383917 [debug] [Thread-3 (]: On seed.oss_intel.repos: COMMIT
[0m00:54:35.383917 [debug] [Thread-1 (]: SQL status: OK in 0.002 seconds
[0m00:54:35.384809 [debug] [Thread-2 (]: SQL status: OK in 0.004 seconds
[0m00:54:35.384809 [debug] [Thread-4 (]: SQL status: OK in 0.005 seconds
[0m00:54:35.385815 [debug] [Thread-1 (]: On model.oss_intel.stg_gharchive: COMMIT
[0m00:54:35.385815 [debug] [Thread-3 (]: SQL status: OK in 0.002 seconds
[0m00:54:35.387898 [debug] [Thread-2 (]: Using duckdb connection "model.oss_intel.stg_contributions"
[0m00:54:35.387898 [debug] [Thread-4 (]: On seed.oss_intel.score_weights: Close
[0m00:54:35.387898 [debug] [Thread-1 (]: Using duckdb connection "model.oss_intel.stg_gharchive"
[0m00:54:35.387898 [debug] [Thread-3 (]: On seed.oss_intel.repos: Close
[0m00:54:35.387898 [debug] [Thread-2 (]: On model.oss_intel.stg_contributions: /* {"app": "dbt", "dbt_version": "1.12.5", "profile_name": "oss_intel", "target_name": "dev", "node_id": "model.oss_intel.stg_contributions"} */
alter view "oss"."main"."stg_contributions__dbt_tmp" rename to "stg_contributions"
[0m00:54:35.387898 [debug] [Thread-4 (]: Sending event: {'category': 'dbt', 'action': 'run_model', 'label': 'df6e521c-fdb2-42df-b1e2-ede9d136ca23', 'context': [<snowplow_tracker.self_describing_json.SelfDescribingJson object at 0x000001ABC2701F10>]}
[0m00:54:35.387898 [debug] [Thread-1 (]: On model.oss_intel.stg_gharchive: COMMIT
[0m00:54:35.387898 [debug] [Thread-3 (]: Sending event: {'category': 'dbt', 'action': 'run_model', 'label': 'df6e521c-fdb2-42df-b1e2-ede9d136ca23', 'context': [<snowplow_tracker.self_describing_json.SelfDescribingJson object at 0x000001ABC2826900>]}
[0m00:54:35.387898 [debug] [Thread-2 (]: SQL status: OK in 0.001 seconds
[0m00:54:35.387898 [info ] [Thread-4 (]: 6 of 39 OK loaded seed file main.score_weights ................................. [[32mINSERT 6[0m in 0.06s]
[0m00:54:35.387898 [info ] [Thread-3 (]: 5 of 39 OK loaded seed file main.repos ......................................... [[32mINSERT 30[0m in 0.06s]
[0m00:54:35.387898 [debug] [Thread-2 (]: On model.oss_intel.stg_contributions: COMMIT
[0m00:54:35.387898 [debug] [Thread-1 (]: SQL status: OK in 0.003 seconds
[0m00:54:35.396957 [debug] [Thread-4 (]: Finished running node seed.oss_intel.score_weights
[0m00:54:35.396957 [debug] [Thread-3 (]: Finished running node seed.oss_intel.repos
[0m00:54:35.398107 [debug] [Thread-2 (]: Using duckdb connection "model.oss_intel.stg_contributions"
[0m00:54:35.399268 [debug] [Thread-1 (]: Using duckdb connection "model.oss_intel.stg_gharchive"
[0m00:54:35.399268 [debug] [Thread-4 (]: Began running node model.oss_intel.stg_issues_prs
[0m00:54:35.399268 [debug] [Thread-2 (]: On model.oss_intel.stg_contributions: COMMIT
[0m00:54:35.399268 [debug] [Thread-1 (]: On model.oss_intel.stg_gharchive: /* {"app": "dbt", "dbt_version": "1.12.5", "profile_name": "oss_intel", "target_name": "dev", "node_id": "model.oss_intel.stg_gharchive"} */

      drop view if exists "oss"."main"."stg_gharchive__dbt_backup" cascade
    
[0m00:54:35.399268 [debug] [Thread-3 (]: Began running node model.oss_intel.dim_repo
[0m00:54:35.399268 [info ] [Thread-4 (]: 9 of 39 START sql view model main.stg_issues_prs ............................... [RUN]
[0m00:54:35.403532 [debug] [Thread-4 (]: Re-using an available connection from the pool (formerly seed.oss_intel.score_weights, now model.oss_intel.stg_issues_prs)
[0m00:54:35.403532 [debug] [Thread-2 (]: SQL status: OK in 0.002 seconds
[0m00:54:35.399268 [info ] [Thread-3 (]: 10 of 39 START sql table model main.dim_repo ................................... [RUN]
[0m00:54:35.404696 [debug] [Thread-4 (]: Began compiling node model.oss_intel.stg_issues_prs
[0m00:54:35.406788 [debug] [Thread-2 (]: Using duckdb connection "model.oss_intel.stg_contributions"
[0m00:54:35.406788 [debug] [Thread-3 (]: Re-using an available connection from the pool (formerly seed.oss_intel.repos, now model.oss_intel.dim_repo)
[0m00:54:35.407704 [debug] [Thread-1 (]: SQL status: OK in 0.005 seconds
[0m00:54:35.410079 [debug] [Thread-4 (]: Writing injected SQL for node "model.oss_intel.stg_issues_prs"
[0m00:54:35.410079 [debug] [Thread-2 (]: On model.oss_intel.stg_contributions: /* {"app": "dbt", "dbt_version": "1.12.5", "profile_name": "oss_intel", "target_name": "dev", "node_id": "model.oss_intel.stg_contributions"} */

      drop view if exists "oss"."main"."stg_contributions__dbt_backup" cascade
    
[0m00:54:35.410079 [debug] [Thread-3 (]: Began compiling node model.oss_intel.dim_repo
[0m00:54:35.412099 [debug] [Thread-1 (]: On model.oss_intel.stg_gharchive: Close
[0m00:54:35.415108 [debug] [Thread-3 (]: Writing injected SQL for node "model.oss_intel.dim_repo"
[0m00:54:35.416106 [debug] [Thread-1 (]: Sending event: {'category': 'dbt', 'action': 'run_model', 'label': 'df6e521c-fdb2-42df-b1e2-ede9d136ca23', 'context': [<snowplow_tracker.self_describing_json.SelfDescribingJson object at 0x000001ABC281EA80>]}
[0m00:54:35.416106 [debug] [Thread-2 (]: SQL status: OK in 0.003 seconds
[0m00:54:35.417108 [debug] [Thread-4 (]: Began executing node model.oss_intel.stg_issues_prs
[0m00:54:35.417865 [info ] [Thread-1 (]: 8 of 39 OK created sql view model main.stg_gharchive ........................... [[32mOK[0m in 0.08s]
[0m00:54:35.417865 [debug] [Thread-2 (]: On model.oss_intel.stg_contributions: Close
[0m00:54:35.421479 [debug] [Thread-4 (]: Writing runtime sql for node "model.oss_intel.stg_issues_prs"
[0m00:54:35.421479 [debug] [Thread-1 (]: Finished running node model.oss_intel.stg_gharchive
[0m00:54:35.421479 [debug] [Thread-3 (]: Began executing node model.oss_intel.dim_repo
[0m00:54:35.421479 [debug] [Thread-2 (]: Sending event: {'category': 'dbt', 'action': 'run_model', 'label': 'df6e521c-fdb2-42df-b1e2-ede9d136ca23', 'context': [<snowplow_tracker.self_describing_json.SelfDescribingJson object at 0x000001ABC28262D0>]}
[0m00:54:35.446588 [info ] [Thread-2 (]: 7 of 39 OK created sql view model main.stg_contributions ....................... [[32mOK[0m in 0.09s]
[0m00:54:35.461962 [debug] [Thread-3 (]: Writing runtime sql for node "model.oss_intel.dim_repo"
[0m00:54:35.463198 [debug] [Thread-2 (]: Finished running node model.oss_intel.stg_contributions
[0m00:54:35.463790 [debug] [Thread-4 (]: Using duckdb connection "model.oss_intel.stg_issues_prs"
[0m00:54:35.463790 [debug] [Thread-4 (]: On model.oss_intel.stg_issues_prs: BEGIN
[0m00:54:35.463790 [debug] [Thread-4 (]: Opening a new connection, currently in state closed
[0m00:54:35.463790 [debug] [Thread-1 (]: Began running node test.oss_intel.not_null_stg_contributions_actor.afaf937923
[0m00:54:35.463790 [debug] [Thread-4 (]: SQL status: OK in 0.001 seconds
[0m00:54:35.463790 [debug] [Thread-4 (]: Using duckdb connection "model.oss_intel.stg_issues_prs"
[0m00:54:35.463790 [debug] [Thread-4 (]: On model.oss_intel.stg_issues_prs: /* {"app": "dbt", "dbt_version": "1.12.5", "profile_name": "oss_intel", "target_name": "dev", "node_id": "model.oss_intel.stg_issues_prs"} */

  
  create view "oss"."main"."stg_issues_prs__dbt_tmp" as (
    -- Issues and pull requests from the GitHub GraphQL API. PRIMARY SOURCE.
--
-- Two cleaning jobs happen here and nowhere else:
--   1. Deduplication. The same item appears in several run partitions because
--      it kept being updated; keep the newest version per (repo, kind, number).
--   2. Bot removal. On an active repo dependabot can out-post every human, so
--      leaving bots in makes every downstream metric wrong.
with src as (

    select * from read_parquet('data/raw/issues_prs/**/*.parquet', union_by_name = true)

),

ranked as (

    select
        cast(repo_id as bigint)                     as repo_id,
        kind,
        cast(number as integer)                     as number,
        created_at,
        updated_at,
        closed_at,
        merged_at,
        state,
        author,
        author_association,
        coalesce(labels, '')                        as labels,
        first_response_at,
        row_number() over (
            partition by repo_id, kind, number
            order by updated_at desc
        )                                           as rn
    from src
    where author is not null

)

select
    r.* exclude (rn),
    -- A response before creation is not a real response time. It happens when
    -- an issue is transferred between repositories (comments survive, createdAt
    -- is reset) or converted from a discussion. Null it out rather than letting
    -- a negative value drag the median down.
    case
        when r.first_response_at >= r.created_at
        then date_diff('hour', r.created_at, r.first_response_at)
    end       
    r.first_response_at is null
        and date_diff('day', r.created_at, current_timestamp) > 7
                                                                      as is_unresponded,
    r.created_at >= timestamp '2025-10-01'           as in_window
from ranked r
left join "oss"."main"."bots" b on lower(r.author) = lower(b.login)
where r.rn = 1
  and b.login is null
  and r.author not like '%[bot]'
  );

[0m00:54:35.463790 [info ] [Thread-1 (]: 11 of 39 START test not_null_stg_contributions_actor ........................... [RUN]
[0m00:54:35.472856 [debug] [Thread-4 (]: DuckDB adapter: duckdb error: Parser Error: syntax error at or near "."

LINE 52:     r.first_response_at is null
              ^
[0m00:54:35.473912 [debug] [Thread-1 (]: Re-using an available connection from the pool (formerly model.oss_intel.stg_gharchive, now test.oss_intel.not_null_stg_contributions_actor.afaf937923)
[0m00:54:35.474910 [debug] [Thread-4 (]: DuckDB adapter: Error running SQL: /* {"app": "dbt", "dbt_version": "1.12.5", "profile_name": "oss_intel", "target_name": "dev", "node_id": "model.oss_intel.stg_issues_prs"} */

  
  create view "oss"."main"."stg_issues_prs__dbt_tmp" as (
    -- Issues and pull requests from the GitHub GraphQL API. PRIMARY SOURCE.
--
-- Two cleaning jobs happen here and nowhere else:
--   1. Deduplication. The same item appears in several run partitions because
--      it kept being updated; keep the newest version per (repo, kind, number).
--   2. Bot removal. On an active repo dependabot can out-post every human, so
--      leaving bots in makes every downstream metric wrong.
with src as (

    select * from read_parquet('data/raw/issues_prs/**/*.parquet', union_by_name = true)

),

ranked as (

    select
        cast(repo_id as bigint)                     as repo_id,
        kind,
        cast(number as integer)                     as number,
        created_at,
        updated_at,
        closed_at,
        merged_at,
        state,
        author,
        author_association,
        coalesce(labels, '')                        as labels,
        first_response_at,
        row_number() over (
            partition by repo_id, kind, number
            order by updated_at desc
        )                                           as rn
    from src
    where author is not null

)

select
    r.* exclude (rn),
    -- A response before creation is not a real response time. It happens when
    -- an issue is transferred between repositories (comments survive, createdAt
    -- is reset) or converted from a discussion. Null it out rather than letting
    -- a negative value drag the median down.
    case
        when r.first_response_at >= r.created_at
        then date_diff('hour', r.created_at, r.first_response_at)
    end       
    r.first_response_at is null
        and date_diff('day', r.created_at, current_timestamp) > 7
                                                                      as is_unresponded,
    r.created_at >= timestamp '2025-10-01'           as in_window
from ranked r
left join "oss"."main"."bots" b on lower(r.author) = lower(b.login)
where r.rn = 1
  and b.login is null
  and r.author not like '%[bot]'
  );

[0m00:54:35.474910 [debug] [Thread-3 (]: Using duckdb connection "model.oss_intel.dim_repo"
[0m00:54:35.475911 [debug] [Thread-1 (]: Began compiling node test.oss_intel.not_null_stg_contributions_actor.afaf937923
[0m00:54:35.475911 [debug] [Thread-4 (]: DuckDB adapter: Rolling back transaction.
[0m00:54:35.475911 [debug] [Thread-3 (]: On model.oss_intel.dim_repo: BEGIN
[0m00:54:35.488139 [debug] [Thread-1 (]: Writing injected SQL for node "test.oss_intel.not_null_stg_contributions_actor.afaf937923"
[0m00:54:35.488139 [debug] [Thread-4 (]: On model.oss_intel.stg_issues_prs: ROLLBACK
[0m00:54:35.488139 [debug] [Thread-3 (]: Opening a new connection, currently in state closed
[0m00:54:35.491779 [debug] [Thread-4 (]: On model.oss_intel.stg_issues_prs: Close
[0m00:54:35.491779 [debug] [Thread-1 (]: Began executing node test.oss_intel.not_null_stg_contributions_actor.afaf937923
[0m00:54:35.503845 [debug] [Thread-3 (]: SQL status: OK in 0.012 seconds
[0m00:54:35.503845 [debug] [Thread-3 (]: Using duckdb connection "model.oss_intel.dim_repo"
[0m00:54:35.503845 [debug] [Thread-3 (]: On model.oss_intel.dim_repo: /* {"app": "dbt", "dbt_version": "1.12.5", "profile_name": "oss_intel", "target_name": "dev", "node_id": "model.oss_intel.dim_repo"} */

    

    create  table
      "oss"."main"."dim_repo__dbt_tmp"
  
    
    as (
      -- One row per tracked repository. Joined on repo_id everywhere, never on name:
-- three of thirty repos were renamed or transferred during the window.
select
    r.repo_id,
    r.repo_full_name,
    r.package_name,
    r.ecosystem,
    r.category,
    r.criticality_tier,
    s.scorecard_overall,
    s.check_maintained,
    s.check_code_review,
    s.scorecard_date,
    s.repo_id is not null as has_scorecard
from "oss"."main"."repos" r
left join "oss"."main"."stg_scorecard" s using (repo_id)
where r.repo_id is not null
    );
    
  
[0m00:54:35.509031 [debug] [Thread-1 (]: Writing runtime sql for node "test.oss_intel.not_null_stg_contributions_actor.afaf937923"
[0m00:54:35.510077 [debug] [Thread-3 (]: SQL status: OK in 0.006 seconds
[0m00:54:35.513687 [debug] [Thread-3 (]: Using duckdb connection "model.oss_intel.dim_repo"
[0m00:54:35.514742 [debug] [Thread-3 (]: On model.oss_intel.dim_repo: /* {"app": "dbt", "dbt_version": "1.12.5", "profile_name": "oss_intel", "target_name": "dev", "node_id": "model.oss_intel.dim_repo"} */

    SELECT index_name
    FROM duckdb_indexes()
    WHERE database_name = 'oss'
      AND schema_name = 'main'
      AND table_name = 'dim_repo'
  
[0m00:54:35.514742 [debug] [Thread-1 (]: Using duckdb connection "test.oss_intel.not_null_stg_contributions_actor.afaf937923"
[0m00:54:35.514742 [debug] [Thread-1 (]: On test.oss_intel.not_null_stg_contributions_actor.afaf937923: BEGIN
[0m00:54:35.514742 [debug] [Thread-1 (]: Opening a new connection, currently in state closed
[0m00:54:35.514742 [debug] [Thread-3 (]: SQL status: OK in 0.001 seconds
[0m00:54:35.514742 [debug] [Thread-3 (]: Using duckdb connection "model.oss_intel.dim_repo"
[0m00:54:35.514742 [debug] [Thread-1 (]: SQL status: OK in 0.002 seconds
[0m00:54:35.514742 [debug] [Thread-3 (]: On model.oss_intel.dim_repo: /* {"app": "dbt", "dbt_version": "1.12.5", "profile_name": "oss_intel", "target_name": "dev", "node_id": "model.oss_intel.dim_repo"} */
alter table "oss"."main"."dim_repo" rename to "dim_repo__dbt_backup"
[0m00:54:35.514742 [debug] [Thread-1 (]: Using duckdb connection "test.oss_intel.not_null_stg_contributions_actor.afaf937923"
[0m00:54:35.520402 [debug] [Thread-3 (]: SQL status: OK in 0.000 seconds
[0m00:54:35.521432 [debug] [Thread-3 (]: Using duckdb connection "model.oss_intel.dim_repo"
[0m00:54:35.521432 [debug] [Thread-3 (]: On model.oss_intel.dim_repo: /* {"app": "dbt", "dbt_version": "1.12.5", "profile_name": "oss_intel", "target_name": "dev", "node_id": "model.oss_intel.dim_repo"} */
alter table "oss"."main"."dim_repo__dbt_tmp" rename to "dim_repo"
[0m00:54:35.514742 [debug] [Thread-1 (]: On test.oss_intel.not_null_stg_contributions_actor.afaf937923: /* {"app": "dbt", "dbt_version": "1.12.5", "profile_name": "oss_intel", "target_name": "dev", "node_id": "test.oss_intel.not_null_stg_contributions_actor.afaf937923"} */

    
    select
      count(*) as failures,
      count(*) != 0 as should_warn,
      count(*) != 0 as should_error
    from (
      
    
  
    
    



select actor
from "oss"."main"."stg_contributions"
where actor is null



  
  
      
    ) dbt_internal_test
[0m00:54:35.521432 [debug] [Thread-3 (]: SQL status: OK in 0.000 seconds
[0m00:54:35.525004 [debug] [Thread-3 (]: On model.oss_intel.dim_repo: COMMIT
[0m00:54:35.525004 [debug] [Thread-3 (]: Using duckdb connection "model.oss_intel.dim_repo"
[0m00:54:35.528379 [debug] [Thread-3 (]: On model.oss_intel.dim_repo: COMMIT
[0m00:54:35.529797 [debug] [Thread-3 (]: SQL status: OK in 0.001 seconds
[0m00:54:35.530866 [debug] [Thread-3 (]: Using duckdb connection "model.oss_intel.dim_repo"
[0m00:54:35.530866 [debug] [Thread-3 (]: On model.oss_intel.dim_repo: /* {"app": "dbt", "dbt_version": "1.12.5", "profile_name": "oss_intel", "target_name": "dev", "node_id": "model.oss_intel.dim_repo"} */

      drop table if exists "oss"."main"."dim_repo__dbt_backup" cascade
    
[0m00:54:35.531849 [debug] [Thread-1 (]: SQL status: OK in 0.008 seconds
[0m00:54:35.533885 [debug] [Thread-1 (]: On test.oss_intel.not_null_stg_contributions_actor.afaf937923: ROLLBACK
[0m00:54:35.534843 [debug] [Thread-3 (]: SQL status: OK in 0.003 seconds
[0m00:54:35.534843 [debug] [Thread-1 (]: On test.oss_intel.not_null_stg_contributions_actor.afaf937923: Close
[0m00:54:35.535882 [debug] [Thread-3 (]: On model.oss_intel.dim_repo: Close
[0m00:54:35.536797 [info ] [Thread-1 (]: 11 of 39 PASS not_null_stg_contributions_actor ................................. [[32mPASS[0m in 0.06s]
[0m00:54:35.537124 [debug] [Thread-1 (]: Finished running node test.oss_intel.not_null_stg_contributions_actor.afaf937923
[0m00:54:35.538184 [debug] [Thread-3 (]: Sending event: {'category': 'dbt', 'action': 'run_model', 'label': 'df6e521c-fdb2-42df-b1e2-ede9d136ca23', 'context': [<snowplow_tracker.self_describing_json.SelfDescribingJson object at 0x000001ABC2646C00>]}
[0m00:54:35.539182 [debug] [Thread-2 (]: Began running node model.oss_intel.int_first_contribution
[0m00:54:35.538184 [info ] [Thread-3 (]: 10 of 39 OK created sql table model main.dim_repo .............................. [[32mOK[0m in 0.13s]
[0m00:54:35.539182 [info ] [Thread-2 (]: 12 of 39 START sql table model main.int_first_contribution ..................... [RUN]
[0m00:54:35.540183 [debug] [Thread-3 (]: Finished running node model.oss_intel.dim_repo
[0m00:54:35.540183 [debug] [Thread-2 (]: Re-using an available connection from the pool (formerly model.oss_intel.stg_contributions, now model.oss_intel.int_first_contribution)
[0m00:54:35.540183 [debug] [Thread-2 (]: Began compiling node model.oss_intel.int_first_contribution
[0m00:54:35.541687 [debug] [Thread-2 (]: Writing injected SQL for node "model.oss_intel.int_first_contribution"
[0m00:54:35.542699 [debug] [Thread-1 (]: Began running node test.oss_intel.accepted_values_dim_repo_criticality_tier__tier_1__tier_2__tier_3.6d8e0235a5
[0m00:54:35.542699 [debug] [Thread-3 (]: Began running node test.oss_intel.not_null_dim_repo_repo_id.5882758698
[0m00:54:35.542699 [info ] [Thread-1 (]: 13 of 39 START test accepted_values_dim_repo_criticality_tier__tier_1__tier_2__tier_3  [RUN]
[0m00:54:35.543803 [info ] [Thread-3 (]: 14 of 39 START test not_null_dim_repo_repo_id .................................. [RUN]
[0m00:54:35.543803 [debug] [Thread-2 (]: Began executing node model.oss_intel.int_first_contribution
[0m00:54:35.543803 [debug] [Thread-1 (]: Re-using an available connection from the pool (formerly test.oss_intel.not_null_stg_contributions_actor.afaf937923, now test.oss_intel.accepted_values_dim_repo_criticality_tier__tier_1__tier_2__tier_3.6d8e0235a5)
[0m00:54:35.545372 [debug] [Thread-3 (]: Re-using an available connection from the pool (formerly model.oss_intel.dim_repo, now test.oss_intel.not_null_dim_repo_repo_id.5882758698)
[0m00:54:35.548510 [debug] [Thread-2 (]: Writing runtime sql for node "model.oss_intel.int_first_contribution"
[0m00:54:35.549297 [debug] [Thread-1 (]: Began compiling node test.oss_intel.accepted_values_dim_repo_criticality_tier__tier_1__tier_2__tier_3.6d8e0235a5
[0m00:54:35.549297 [debug] [Thread-3 (]: Began compiling node test.oss_intel.not_null_dim_repo_repo_id.5882758698
[0m00:54:35.563480 [debug] [Thread-1 (]: Writing injected SQL for node "test.oss_intel.accepted_values_dim_repo_criticality_tier__tier_1__tier_2__tier_3.6d8e0235a5"
[0m00:54:35.571435 [debug] [Thread-3 (]: Writing injected SQL for node "test.oss_intel.not_null_dim_repo_repo_id.5882758698"
[0m00:54:35.571435 [debug] [Thread-2 (]: Using duckdb connection "model.oss_intel.int_first_contribution"
[0m00:54:35.571435 [debug] [Thread-2 (]: On model.oss_intel.int_first_contribution: BEGIN
[0m00:54:35.571435 [debug] [Thread-2 (]: Opening a new connection, currently in state closed
[0m00:54:35.574275 [debug] [Thread-1 (]: Began executing node test.oss_intel.accepted_values_dim_repo_criticality_tier__tier_1__tier_2__tier_3.6d8e0235a5
[0m00:54:35.574275 [debug] [Thread-1 (]: Writing runtime sql for node "test.oss_intel.accepted_values_dim_repo_criticality_tier__tier_1__tier_2__tier_3.6d8e0235a5"
[0m00:54:35.574275 [debug] [Thread-3 (]: Began executing node test.oss_intel.not_null_dim_repo_repo_id.5882758698
[0m00:54:35.576855 [debug] [Thread-3 (]: Writing runtime sql for node "test.oss_intel.not_null_dim_repo_repo_id.5882758698"
[0m00:54:35.578581 [debug] [Thread-2 (]: SQL status: OK in 0.005 seconds
[0m00:54:35.578581 [debug] [Thread-2 (]: Using duckdb connection "model.oss_intel.int_first_contribution"
[0m00:54:35.579597 [debug] [Thread-2 (]: On model.oss_intel.int_first_contribution: /* {"app": "dbt", "dbt_version": "1.12.5", "profile_name": "oss_intel", "target_name": "dev", "node_id": "model.oss_intel.int_first_contribution"} */

    

    create  table
      "oss"."main"."int_first_contribution__dbt_tmp"
  
    
    as (
      -- First month each person contributed to each repo.
--
-- LEFT-TRUNCATED: "first" means first observed since the analysis start, not
-- first ever. Someone who contributed in 2019 and returned last month looks
-- like a newcomer. Stated in docs/metrics.md and on the dashboard.
select
    repo_id,
    actor,
    min(contribution_month) as cohort_month
from "oss"."main"."stg_contributions"
group by 1, 2
    );
    
  
[0m00:54:35.579597 [debug] [Thread-1 (]: Using duckdb connection "test.oss_intel.accepted_values_dim_repo_criticality_tier__tier_1__tier_2__tier_3.6d8e0235a5"
[0m00:54:35.580588 [debug] [Thread-1 (]: On test.oss_intel.accepted_values_dim_repo_criticality_tier__tier_1__tier_2__tier_3.6d8e0235a5: BEGIN
[0m00:54:35.580588 [debug] [Thread-1 (]: Opening a new connection, currently in state closed
[0m00:54:35.581586 [debug] [Thread-1 (]: SQL status: OK in 0.001 seconds
[0m00:54:35.581586 [debug] [Thread-3 (]: Using duckdb connection "test.oss_intel.not_null_dim_repo_repo_id.5882758698"
[0m00:54:35.581586 [debug] [Thread-1 (]: Using duckdb connection "test.oss_intel.accepted_values_dim_repo_criticality_tier__tier_1__tier_2__tier_3.6d8e0235a5"
[0m00:54:35.582593 [debug] [Thread-3 (]: On test.oss_intel.not_null_dim_repo_repo_id.5882758698: BEGIN
[0m00:54:35.583591 [debug] [Thread-4 (]: Runtime Error in model stg_issues_prs (models\staging\stg_issues_prs.sql)
  Parser Error: syntax error at or near "."
  
  LINE 52:     r.first_response_at is null
                ^
[0m00:54:35.585592 [debug] [Thread-1 (]: On test.oss_intel.accepted_values_dim_repo_criticality_tier__tier_1__tier_2__tier_3.6d8e0235a5: /* {"app": "dbt", "dbt_version": "1.12.5", "profile_name": "oss_intel", "target_name": "dev", "node_id": "test.oss_intel.accepted_values_dim_repo_criticality_tier__tier_1__tier_2__tier_3.6d8e0235a5"} */

    
    select
      count(*) as failures,
      count(*) != 0 as should_warn,
      count(*) != 0 as should_error
    from (
      
    
  
    
    

with all_values as (

    select
        criticality_tier as value_field,
        count(*) as n_records

    from "oss"."main"."dim_repo"
    group by criticality_tier

)

select *
from all_values
where value_field not in (
    'tier_1','tier_2','tier_3'
)



  
  
      
    ) dbt_internal_test
[0m00:54:35.585592 [debug] [Thread-3 (]: Opening a new connection, currently in state closed
[0m00:54:35.586596 [debug] [Thread-4 (]: Sending event: {'category': 'dbt', 'action': 'run_model', 'label': 'df6e521c-fdb2-42df-b1e2-ede9d136ca23', 'context': [<snowplow_tracker.self_describing_json.SelfDescribingJson object at 0x000001ABC27E0710>]}
[0m00:54:35.589220 [debug] [Thread-3 (]: SQL status: OK in 0.003 seconds
[0m00:54:35.588219 [error] [Thread-4 (]: 9 of 39 ERROR creating sql view model main.stg_issues_prs ...................... [[31mERROR[0m in 0.18s]
[0m00:54:35.589220 [debug] [Thread-3 (]: Using duckdb connection "test.oss_intel.not_null_dim_repo_repo_id.5882758698"
[0m00:54:35.590221 [debug] [Thread-1 (]: SQL status: OK in 0.003 seconds
[0m00:54:35.590221 [debug] [Thread-4 (]: Finished running node model.oss_intel.stg_issues_prs
[0m00:54:35.591221 [debug] [Thread-3 (]: On test.oss_intel.not_null_dim_repo_repo_id.5882758698: /* {"app": "dbt", "dbt_version": "1.12.5", "profile_name": "oss_intel", "target_name": "dev", "node_id": "test.oss_intel.not_null_dim_repo_repo_id.5882758698"} */

    
    select
      count(*) as failures,
      count(*) != 0 as should_warn,
      count(*) != 0 as should_error
    from (
      
    
  
    
    



select repo_id
from "oss"."main"."dim_repo"
where repo_id is null



  
  
      
    ) dbt_internal_test
[0m00:54:35.592220 [debug] [Thread-4 (]: Began running node test.oss_intel.unique_dim_repo_repo_id.25d01fb4bd
[0m00:54:35.593222 [debug] [Thread-1 (]: On test.oss_intel.accepted_values_dim_repo_criticality_tier__tier_1__tier_2__tier_3.6d8e0235a5: ROLLBACK
[0m00:54:35.594220 [debug] [Thread-7 (]: Marking all children of 'model.oss_intel.stg_issues_prs' to be skipped because of status 'error'.  Reason: Runtime Error in model stg_issues_prs (models\staging\stg_issues_prs.sql)
  Parser Error: syntax error at or near "."
  
  LINE 52:     r.first_response_at is null
                ^.
[0m00:54:35.595219 [info ] [Thread-4 (]: 15 of 39 START test unique_dim_repo_repo_id .................................... [RUN]
[0m00:54:35.595219 [debug] [Thread-4 (]: Re-using an available connection from the pool (formerly model.oss_intel.stg_issues_prs, now test.oss_intel.unique_dim_repo_repo_id.25d01fb4bd)
[0m00:54:35.595219 [debug] [Thread-4 (]: Began compiling node test.oss_intel.unique_dim_repo_repo_id.25d01fb4bd
[0m00:54:35.605066 [debug] [Thread-4 (]: Writing injected SQL for node "test.oss_intel.unique_dim_repo_repo_id.25d01fb4bd"
[0m00:54:35.605066 [debug] [Thread-1 (]: On test.oss_intel.accepted_values_dim_repo_criticality_tier__tier_1__tier_2__tier_3.6d8e0235a5: Close
[0m00:54:35.608869 [info ] [Thread-1 (]: 13 of 39 PASS accepted_values_dim_repo_criticality_tier__tier_1__tier_2__tier_3  [[32mPASS[0m in 0.06s]
[0m00:54:35.608869 [debug] [Thread-1 (]: Finished running node test.oss_intel.accepted_values_dim_repo_criticality_tier__tier_1__tier_2__tier_3.6d8e0235a5
[0m00:54:35.609864 [debug] [Thread-1 (]: Began running node test.oss_intel.assert_issues_prs_unique
[0m00:54:35.609864 [info ] [Thread-1 (]: 16 of 39 SKIP test assert_issues_prs_unique .................................... [[33mSKIP[0m]
[0m00:54:35.610863 [debug] [Thread-3 (]: SQL status: OK in 0.016 seconds
[0m00:54:35.610863 [debug] [Thread-4 (]: Began executing node test.oss_intel.unique_dim_repo_repo_id.25d01fb4bd
[0m00:54:35.611862 [debug] [Thread-1 (]: Finished running node test.oss_intel.assert_issues_prs_unique
[0m00:54:35.614364 [debug] [Thread-4 (]: Writing runtime sql for node "test.oss_intel.unique_dim_repo_repo_id.25d01fb4bd"
[0m00:54:35.614364 [debug] [Thread-3 (]: On test.oss_intel.not_null_dim_repo_repo_id.5882758698: ROLLBACK
[0m00:54:35.616385 [debug] [Thread-1 (]: Began running node test.oss_intel.assert_merged_prs_only_prs
[0m00:54:35.616385 [debug] [Thread-7 (]: Marking all children of 'test.oss_intel.assert_issues_prs_unique' to be skipped because of status 'skipped'. 
[0m00:54:35.617394 [info ] [Thread-1 (]: 17 of 39 SKIP test assert_merged_prs_only_prs .................................. [[33mSKIP[0m]
[0m00:54:35.617394 [debug] [Thread-3 (]: On test.oss_intel.not_null_dim_repo_repo_id.5882758698: Close
[0m00:54:35.618393 [debug] [Thread-1 (]: Finished running node test.oss_intel.assert_merged_prs_only_prs
[0m00:54:35.618393 [debug] [Thread-4 (]: Using duckdb connection "test.oss_intel.unique_dim_repo_repo_id.25d01fb4bd"
[0m00:54:35.619393 [debug] [Thread-1 (]: Began running node test.oss_intel.assert_no_bots
[0m00:54:35.619393 [debug] [Thread-7 (]: Marking all children of 'test.oss_intel.assert_merged_prs_only_prs' to be skipped because of status 'skipped'. 
[0m00:54:35.620443 [debug] [Thread-4 (]: On test.oss_intel.unique_dim_repo_repo_id.25d01fb4bd: BEGIN
[0m00:54:35.619393 [info ] [Thread-3 (]: 14 of 39 PASS not_null_dim_repo_repo_id ........................................ [[32mPASS[0m in 0.07s]
[0m00:54:35.620443 [info ] [Thread-1 (]: 18 of 39 SKIP test assert_no_bots .............................................. [[33mSKIP[0m]
[0m00:54:35.621484 [debug] [Thread-4 (]: Opening a new connection, currently in state closed
[0m00:54:35.622483 [debug] [Thread-3 (]: Finished running node test.oss_intel.not_null_dim_repo_repo_id.5882758698
[0m00:54:35.622483 [debug] [Thread-1 (]: Finished running node test.oss_intel.assert_no_bots
[0m00:54:35.622483 [debug] [Thread-3 (]: Began running node test.oss_intel.assert_response_time_non_negative
[0m00:54:35.622483 [debug] [Thread-1 (]: Began running node test.oss_intel.not_null_stg_issues_prs_author.3c12ab4fb3
[0m00:54:35.622483 [debug] [Thread-7 (]: Marking all children of 'test.oss_intel.assert_no_bots' to be skipped because of status 'skipped'. 
[0m00:54:35.622483 [debug] [Thread-4 (]: SQL status: OK in 0.004 seconds
[0m00:54:35.622483 [info ] [Thread-3 (]: 19 of 39 SKIP test assert_response_time_non_negative ........................... [[33mSKIP[0m]
[0m00:54:35.622483 [debug] [Thread-4 (]: Using duckdb connection "test.oss_intel.unique_dim_repo_repo_id.25d01fb4bd"
[0m00:54:35.622483 [info ] [Thread-1 (]: 20 of 39 SKIP test not_null_stg_issues_prs_author .............................. [[33mSKIP[0m]
[0m00:54:35.622483 [debug] [Thread-3 (]: Finished running node test.oss_intel.assert_response_time_non_negative
[0m00:54:35.622483 [debug] [Thread-4 (]: On test.oss_intel.unique_dim_repo_repo_id.25d01fb4bd: /* {"app": "dbt", "dbt_version": "1.12.5", "profile_name": "oss_intel", "target_name": "dev", "node_id": "test.oss_intel.unique_dim_repo_repo_id.25d01fb4bd"} */

    
    select
      count(*) as failures,
      count(*) != 0 as should_warn,
      count(*) != 0 as should_error
    from (
      
    
  
    
    

select
    repo_id as unique_field,
    count(*) as n_records

from "oss"."main"."dim_repo"
where repo_id is not null
group by repo_id
having count(*) > 1



  
  
      
    ) dbt_internal_test
[0m00:54:35.622483 [debug] [Thread-1 (]: Finished running node test.oss_intel.not_null_stg_issues_prs_author.3c12ab4fb3
[0m00:54:35.628028 [debug] [Thread-3 (]: Began running node test.oss_intel.not_null_stg_issues_prs_repo_id.e0163b2181
[0m00:54:35.628028 [debug] [Thread-7 (]: Marking all children of 'test.oss_intel.assert_response_time_non_negative' to be skipped because of status 'skipped'. 
[0m00:54:35.629171 [debug] [Thread-7 (]: Marking all children of 'test.oss_intel.not_null_stg_issues_prs_author.3c12ab4fb3' to be skipped because of status 'skipped'. 
[0m00:54:35.628028 [info ] [Thread-3 (]: 21 of 39 SKIP test not_null_stg_issues_prs_repo_id ............................. [[33mSKIP[0m]
[0m00:54:35.629171 [debug] [Thread-3 (]: Finished running node test.oss_intel.not_null_stg_issues_prs_repo_id.e0163b2181
[0m00:54:35.630168 [debug] [Thread-7 (]: Marking all children of 'test.oss_intel.not_null_stg_issues_prs_repo_id.e0163b2181' to be skipped because of status 'skipped'. 
[0m00:54:35.630168 [debug] [Thread-4 (]: SQL status: OK in 0.002 seconds
[0m00:54:35.631104 [debug] [Thread-1 (]: Began running node model.oss_intel.fct_source_fidelity
[0m00:54:35.631104 [debug] [Thread-3 (]: Began running node model.oss_intel.int_labeled_issues
[0m00:54:35.631104 [info ] [Thread-1 (]: 22 of 39 SKIP relation main.fct_source_fidelity ................................ [[33mSKIP[0m]
[0m00:54:35.633145 [debug] [Thread-4 (]: On test.oss_intel.unique_dim_repo_repo_id.25d01fb4bd: ROLLBACK
[0m00:54:35.633145 [debug] [Thread-1 (]: Finished running node model.oss_intel.fct_source_fidelity
[0m00:54:35.632144 [info ] [Thread-3 (]: 23 of 39 SKIP relation main.int_labeled_issues ................................. [[33mSKIP[0m]
[0m00:54:35.633145 [debug] [Thread-1 (]: Began running node model.oss_intel.int_merged_prs
[0m00:54:35.633145 [debug] [Thread-7 (]: Marking all children of 'model.oss_intel.fct_source_fidelity' to be skipped because of status 'skipped'. 
[0m00:54:35.633145 [debug] [Thread-4 (]: On test.oss_intel.unique_dim_repo_repo_id.25d01fb4bd: Close
[0m00:54:35.633145 [debug] [Thread-3 (]: Finished running node model.oss_intel.int_labeled_issues
[0m00:54:35.633145 [info ] [Thread-1 (]: 24 of 39 SKIP relation main.int_merged_prs ..................................... [[33mSKIP[0m]
[0m00:54:35.633145 [debug] [Thread-7 (]: Marking all children of 'model.oss_intel.int_labeled_issues' to be skipped because of status 'skipped'. 
[0m00:54:35.633145 [info ] [Thread-4 (]: 15 of 39 PASS unique_dim_repo_repo_id .......................................... [[32mPASS[0m in 0.04s]
[0m00:54:35.636812 [debug] [Thread-1 (]: Finished running node model.oss_intel.int_merged_prs
[0m00:54:35.636812 [debug] [Thread-3 (]: Began running node model.oss_intel.fct_release_reliability
[0m00:54:35.636812 [debug] [Thread-4 (]: Finished running node test.oss_intel.unique_dim_repo_repo_id.25d01fb4bd
[0m00:54:35.636812 [debug] [Thread-7 (]: Marking all children of 'model.oss_intel.int_merged_prs' to be skipped because of status 'skipped'. 
[0m00:54:35.638084 [info ] [Thread-3 (]: 25 of 39 SKIP relation main.fct_release_reliability ............................ [[33mSKIP[0m]
[0m00:54:35.638084 [debug] [Thread-3 (]: Finished running node model.oss_intel.fct_release_reliability
[0m00:54:35.639085 [debug] [Thread-3 (]: Began running node model.oss_intel.int_bus_factor
[0m00:54:35.640085 [debug] [Thread-7 (]: Marking all children of 'model.oss_intel.fct_release_reliability' to be skipped because of status 'skipped'. 
[0m00:54:35.639085 [info ] [Thread-3 (]: 26 of 39 SKIP relation main.int_bus_factor ..................................... [[33mSKIP[0m]
[0m00:54:35.641399 [debug] [Thread-3 (]: Finished running node model.oss_intel.int_bus_factor
[0m00:54:35.641399 [debug] [Thread-7 (]: Marking all children of 'model.oss_intel.int_bus_factor' to be skipped because of status 'skipped'. 
[0m00:54:35.641399 [debug] [Thread-4 (]: Began running node test.oss_intel.assert_bus_factor_positive
[0m00:54:35.643305 [info ] [Thread-4 (]: 27 of 39 SKIP test assert_bus_factor_positive .................................. [[33mSKIP[0m]
[0m00:54:35.643305 [debug] [Thread-4 (]: Finished running node test.oss_intel.assert_bus_factor_positive
[0m00:54:35.643305 [debug] [Thread-7 (]: Marking all children of 'test.oss_intel.assert_bus_factor_positive' to be skipped because of status 'skipped'. 
[0m00:54:35.643305 [debug] [Thread-1 (]: Began running node model.oss_intel.fct_repo_health_monthly
[0m00:54:35.645150 [info ] [Thread-1 (]: 28 of 39 SKIP relation main.fct_repo_health_monthly ............................ [[33mSKIP[0m]
[0m00:54:35.645150 [debug] [Thread-1 (]: Finished running node model.oss_intel.fct_repo_health_monthly
[0m00:54:35.645150 [debug] [Thread-7 (]: Marking all children of 'model.oss_intel.fct_repo_health_monthly' to be skipped because of status 'skipped'. 
[0m00:54:35.646157 [debug] [Thread-4 (]: Began running node test.oss_intel.not_null_fct_repo_health_monthly_repo_id.db5aecfea4
[0m00:54:35.646157 [debug] [Thread-3 (]: Began running node test.oss_intel.relationships_fct_repo_health_monthly_repo_id__repo_id__ref_dim_repo_.0c80c8c8ec
[0m00:54:35.646157 [info ] [Thread-4 (]: 29 of 39 SKIP test not_null_fct_repo_health_monthly_repo_id .................... [[33mSKIP[0m]
[0m00:54:35.647511 [debug] [Thread-4 (]: Finished running node test.oss_intel.not_null_fct_repo_health_monthly_repo_id.db5aecfea4
[0m00:54:35.647155 [info ] [Thread-3 (]: 30 of 39 SKIP test relationships_fct_repo_health_monthly_repo_id__repo_id__ref_dim_repo_  [[33mSKIP[0m]
[0m00:54:35.647511 [debug] [Thread-7 (]: Marking all children of 'test.oss_intel.not_null_fct_repo_health_monthly_repo_id.db5aecfea4' to be skipped because of status 'skipped'. 
[0m00:54:35.647511 [debug] [Thread-3 (]: Finished running node test.oss_intel.relationships_fct_repo_health_monthly_repo_id__repo_id__ref_dim_repo_.0c80c8c8ec
[0m00:54:35.647511 [debug] [Thread-7 (]: Marking all children of 'test.oss_intel.relationships_fct_repo_health_monthly_repo_id__repo_id__ref_dim_repo_.0c80c8c8ec' to be skipped because of status 'skipped'. 
[0m00:54:35.726896 [debug] [Thread-2 (]: SQL status: OK in 0.162 seconds
[0m00:54:35.742849 [debug] [Thread-2 (]: Using duckdb connection "model.oss_intel.int_first_contribution"
[0m00:54:35.742849 [debug] [Thread-2 (]: On model.oss_intel.int_first_contribution: /* {"app": "dbt", "dbt_version": "1.12.5", "profile_name": "oss_intel", "target_name": "dev", "node_id": "model.oss_intel.int_first_contribution"} */

    SELECT index_name
    FROM duckdb_indexes()
    WHERE database_name = 'oss'
      AND schema_name = 'main'
      AND table_name = 'int_first_contribution'
  
[0m00:54:35.742849 [debug] [Thread-2 (]: SQL status: OK in 0.000 seconds
[0m00:54:35.742849 [debug] [Thread-2 (]: Using duckdb connection "model.oss_intel.int_first_contribution"
[0m00:54:35.742849 [debug] [Thread-2 (]: On model.oss_intel.int_first_contribution: /* {"app": "dbt", "dbt_version": "1.12.5", "profile_name": "oss_intel", "target_name": "dev", "node_id": "model.oss_intel.int_first_contribution"} */
alter table "oss"."main"."int_first_contribution" rename to "int_first_contribution__dbt_backup"
[0m00:54:35.742849 [debug] [Thread-2 (]: SQL status: OK in 0.000 seconds
[0m00:54:35.742849 [debug] [Thread-2 (]: Using duckdb connection "model.oss_intel.int_first_contribution"
[0m00:54:35.742849 [debug] [Thread-2 (]: On model.oss_intel.int_first_contribution: /* {"app": "dbt", "dbt_version": "1.12.5", "profile_name": "oss_intel", "target_name": "dev", "node_id": "model.oss_intel.int_first_contribution"} */
alter table "oss"."main"."int_first_contribution__dbt_tmp" rename to "int_first_contribution"
[0m00:54:35.742849 [debug] [Thread-2 (]: SQL status: OK in 0.000 seconds
[0m00:54:35.742849 [debug] [Thread-2 (]: On model.oss_intel.int_first_contribution: COMMIT
[0m00:54:35.742849 [debug] [Thread-2 (]: Using duckdb connection "model.oss_intel.int_first_contribution"
[0m00:54:35.742849 [debug] [Thread-2 (]: On model.oss_intel.int_first_contribution: COMMIT
[0m00:54:35.742849 [debug] [Thread-2 (]: SQL status: OK in 0.004 seconds
[0m00:54:35.742849 [debug] [Thread-2 (]: Using duckdb connection "model.oss_intel.int_first_contribution"
[0m00:54:35.742849 [debug] [Thread-2 (]: On model.oss_intel.int_first_contribution: /* {"app": "dbt", "dbt_version": "1.12.5", "profile_name": "oss_intel", "target_name": "dev", "node_id": "model.oss_intel.int_first_contribution"} */

      drop table if exists "oss"."main"."int_first_contribution__dbt_backup" cascade
    
[0m00:54:35.742849 [debug] [Thread-2 (]: SQL status: OK in 0.001 seconds
[0m00:54:35.742849 [debug] [Thread-2 (]: On model.oss_intel.int_first_contribution: Close
[0m00:54:35.742849 [debug] [Thread-2 (]: Sending event: {'category': 'dbt', 'action': 'run_model', 'label': 'df6e521c-fdb2-42df-b1e2-ede9d136ca23', 'context': [<snowplow_tracker.self_describing_json.SelfDescribingJson object at 0x000001ABC26C2DE0>]}
[0m00:54:35.742849 [info ] [Thread-2 (]: 12 of 39 OK created sql table model main.int_first_contribution ................ [[32mOK[0m in 0.20s]
[0m00:54:35.759058 [debug] [Thread-2 (]: Finished running node model.oss_intel.int_first_contribution
[0m00:54:35.759509 [debug] [Thread-1 (]: Began running node model.oss_intel.fct_contributor_cohorts
[0m00:54:35.759509 [info ] [Thread-1 (]: 31 of 39 START sql table model main.fct_contributor_cohorts .................... [RUN]
[0m00:54:35.760508 [debug] [Thread-1 (]: Re-using an available connection from the pool (formerly test.oss_intel.accepted_values_dim_repo_criticality_tier__tier_1__tier_2__tier_3.6d8e0235a5, now model.oss_intel.fct_contributor_cohorts)
[0m00:54:35.760508 [debug] [Thread-1 (]: Began compiling node model.oss_intel.fct_contributor_cohorts
[0m00:54:35.762561 [debug] [Thread-1 (]: Writing injected SQL for node "model.oss_intel.fct_contributor_cohorts"
[0m00:54:35.762561 [debug] [Thread-1 (]: Began executing node model.oss_intel.fct_contributor_cohorts
[0m00:54:35.762561 [debug] [Thread-1 (]: Writing runtime sql for node "model.oss_intel.fct_contributor_cohorts"
[0m00:54:35.762561 [debug] [Thread-1 (]: Using duckdb connection "model.oss_intel.fct_contributor_cohorts"
[0m00:54:35.762561 [debug] [Thread-1 (]: On model.oss_intel.fct_contributor_cohorts: BEGIN
[0m00:54:35.762561 [debug] [Thread-1 (]: Opening a new connection, currently in state closed
[0m00:54:35.762561 [debug] [Thread-1 (]: SQL status: OK in 0.000 seconds
[0m00:54:35.762561 [debug] [Thread-1 (]: Using duckdb connection "model.oss_intel.fct_contributor_cohorts"
[0m00:54:35.762561 [debug] [Thread-1 (]: On model.oss_intel.fct_contributor_cohorts: /* {"app": "dbt", "dbt_version": "1.12.5", "profile_name": "oss_intel", "target_name": "dev", "node_id": "model.oss_intel.fct_contributor_cohorts"} */

    

    create  table
      "oss"."main"."fct_contributor_cohorts__dbt_tmp"
  
    
    as (
      -- Retention triangle. Of the people whose first observed contribution to a
-- repo fell in month M, how many were active again N months later?
--
-- Total contributor count is a vanity metric - it rises with any attention.
-- Retention says whether a project turns newcomers into regulars, which is
-- what determines survival past the current maintainers.
with cohort_size as (

    select repo_id, cohort_month, count(distinct actor) as cohort_contributors
    from "oss"."main"."int_first_contribution"
    group by 1, 2

),

activity as (

    select
        f.repo_id,
        f.cohort_month,
        f.actor,
        date_diff('month', f.cohort_month, c.contribution_month) as months_since
    from "oss"."main"."int_first_contribution" f
    join "oss"."main"."stg_contributions" c
      on f.repo_id = c.repo_id and f.actor = c.actor
    where c.contribution_month > f.cohort_month

)

select
    a.repo_id,
    a.cohort_month,
    a.months_since,
    s.cohort_contributors,
    count(distinct a.actor)                                           as retained_contributors,
    count(distinct a.actor) * 1.0 / nullif(s.cohort_contributors, 0)  as retention_rate
from activity a
join cohort_size s
  on a.repo_id = s.repo_id and a.cohort_month = s.cohort_month
where a.months_since between 1 and 12
group by 1, 2, 3, 4
    );
    
  
[0m00:54:38.063290 [debug] [Thread-1 (]: SQL status: OK in 2.305 seconds
[0m00:54:38.063290 [debug] [Thread-1 (]: Using duckdb connection "model.oss_intel.fct_contributor_cohorts"
[0m00:54:38.063290 [debug] [Thread-1 (]: On model.oss_intel.fct_contributor_cohorts: /* {"app": "dbt", "dbt_version": "1.12.5", "profile_name": "oss_intel", "target_name": "dev", "node_id": "model.oss_intel.fct_contributor_cohorts"} */

    SELECT index_name
    FROM duckdb_indexes()
    WHERE database_name = 'oss'
      AND schema_name = 'main'
      AND table_name = 'fct_contributor_cohorts'
  
[0m00:54:38.063290 [debug] [Thread-1 (]: SQL status: OK in 0.001 seconds
[0m00:54:38.063290 [debug] [Thread-1 (]: Using duckdb connection "model.oss_intel.fct_contributor_cohorts"
[0m00:54:38.063290 [debug] [Thread-1 (]: On model.oss_intel.fct_contributor_cohorts: /* {"app": "dbt", "dbt_version": "1.12.5", "profile_name": "oss_intel", "target_name": "dev", "node_id": "model.oss_intel.fct_contributor_cohorts"} */
alter table "oss"."main"."fct_contributor_cohorts" rename to "fct_contributor_cohorts__dbt_backup"
[0m00:54:38.063290 [debug] [Thread-1 (]: SQL status: OK in 0.000 seconds
[0m00:54:38.078941 [debug] [Thread-1 (]: Using duckdb connection "model.oss_intel.fct_contributor_cohorts"
[0m00:54:38.078941 [debug] [Thread-1 (]: On model.oss_intel.fct_contributor_cohorts: /* {"app": "dbt", "dbt_version": "1.12.5", "profile_name": "oss_intel", "target_name": "dev", "node_id": "model.oss_intel.fct_contributor_cohorts"} */
alter table "oss"."main"."fct_contributor_cohorts__dbt_tmp" rename to "fct_contributor_cohorts"
[0m00:54:38.078941 [debug] [Thread-1 (]: SQL status: OK in 0.000 seconds
[0m00:54:38.078941 [debug] [Thread-1 (]: On model.oss_intel.fct_contributor_cohorts: COMMIT
[0m00:54:38.078941 [debug] [Thread-1 (]: Using duckdb connection "model.oss_intel.fct_contributor_cohorts"
[0m00:54:38.078941 [debug] [Thread-1 (]: On model.oss_intel.fct_contributor_cohorts: COMMIT
[0m00:54:38.078941 [debug] [Thread-1 (]: SQL status: OK in 0.003 seconds
[0m00:54:38.078941 [debug] [Thread-1 (]: Using duckdb connection "model.oss_intel.fct_contributor_cohorts"
[0m00:54:38.078941 [debug] [Thread-1 (]: On model.oss_intel.fct_contributor_cohorts: /* {"app": "dbt", "dbt_version": "1.12.5", "profile_name": "oss_intel", "target_name": "dev", "node_id": "model.oss_intel.fct_contributor_cohorts"} */

      drop table if exists "oss"."main"."fct_contributor_cohorts__dbt_backup" cascade
    
[0m00:54:38.078941 [debug] [Thread-1 (]: SQL status: OK in 0.001 seconds
[0m00:54:38.078941 [debug] [Thread-1 (]: On model.oss_intel.fct_contributor_cohorts: Close
[0m00:54:38.078941 [debug] [Thread-1 (]: Sending event: {'category': 'dbt', 'action': 'run_model', 'label': 'df6e521c-fdb2-42df-b1e2-ede9d136ca23', 'context': [<snowplow_tracker.self_describing_json.SelfDescribingJson object at 0x000001ABC26608C0>]}
[0m00:54:38.078941 [info ] [Thread-1 (]: 31 of 39 OK created sql table model main.fct_contributor_cohorts ............... [[32mOK[0m in 2.32s]
[0m00:54:38.078941 [debug] [Thread-1 (]: Finished running node model.oss_intel.fct_contributor_cohorts
[0m00:54:38.078941 [debug] [Thread-3 (]: Began running node test.oss_intel.assert_retention_rate_in_bounds
[0m00:54:38.078941 [debug] [Thread-2 (]: Began running node test.oss_intel.not_null_fct_contributor_cohorts_retention_rate.88e22f68cf
[0m00:54:38.078941 [info ] [Thread-3 (]: 32 of 39 START test assert_retention_rate_in_bounds ............................ [RUN]
[0m00:54:38.078941 [info ] [Thread-2 (]: 33 of 39 START test not_null_fct_contributor_cohorts_retention_rate ............ [RUN]
[0m00:54:38.078941 [debug] [Thread-3 (]: Re-using an available connection from the pool (formerly test.oss_intel.not_null_dim_repo_repo_id.5882758698, now test.oss_intel.assert_retention_rate_in_bounds)
[0m00:54:38.078941 [debug] [Thread-2 (]: Re-using an available connection from the pool (formerly model.oss_intel.int_first_contribution, now test.oss_intel.not_null_fct_contributor_cohorts_retention_rate.88e22f68cf)
[0m00:54:38.078941 [debug] [Thread-3 (]: Began compiling node test.oss_intel.assert_retention_rate_in_bounds
[0m00:54:38.078941 [debug] [Thread-2 (]: Began compiling node test.oss_intel.not_null_fct_contributor_cohorts_retention_rate.88e22f68cf
[0m00:54:38.078941 [debug] [Thread-3 (]: Writing injected SQL for node "test.oss_intel.assert_retention_rate_in_bounds"
[0m00:54:38.099679 [debug] [Thread-2 (]: Writing injected SQL for node "test.oss_intel.not_null_fct_contributor_cohorts_retention_rate.88e22f68cf"
[0m00:54:38.100687 [debug] [Thread-2 (]: Began executing node test.oss_intel.not_null_fct_contributor_cohorts_retention_rate.88e22f68cf
[0m00:54:38.102081 [debug] [Thread-2 (]: Writing runtime sql for node "test.oss_intel.not_null_fct_contributor_cohorts_retention_rate.88e22f68cf"
[0m00:54:38.102587 [debug] [Thread-3 (]: Began executing node test.oss_intel.assert_retention_rate_in_bounds
[0m00:54:38.103594 [debug] [Thread-3 (]: Writing runtime sql for node "test.oss_intel.assert_retention_rate_in_bounds"
[0m00:54:38.103594 [debug] [Thread-2 (]: Using duckdb connection "test.oss_intel.not_null_fct_contributor_cohorts_retention_rate.88e22f68cf"
[0m00:54:38.103594 [debug] [Thread-2 (]: On test.oss_intel.not_null_fct_contributor_cohorts_retention_rate.88e22f68cf: BEGIN
[0m00:54:38.103594 [debug] [Thread-2 (]: Opening a new connection, currently in state closed
[0m00:54:38.103594 [debug] [Thread-3 (]: Using duckdb connection "test.oss_intel.assert_retention_rate_in_bounds"
[0m00:54:38.103594 [debug] [Thread-3 (]: On test.oss_intel.assert_retention_rate_in_bounds: BEGIN
[0m00:54:38.103594 [debug] [Thread-2 (]: SQL status: OK in 0.001 seconds
[0m00:54:38.103594 [debug] [Thread-3 (]: Opening a new connection, currently in state closed
[0m00:54:38.103594 [debug] [Thread-2 (]: Using duckdb connection "test.oss_intel.not_null_fct_contributor_cohorts_retention_rate.88e22f68cf"
[0m00:54:38.103594 [debug] [Thread-2 (]: On test.oss_intel.not_null_fct_contributor_cohorts_retention_rate.88e22f68cf: /* {"app": "dbt", "dbt_version": "1.12.5", "profile_name": "oss_intel", "target_name": "dev", "node_id": "test.oss_intel.not_null_fct_contributor_cohorts_retention_rate.88e22f68cf"} */

    
    select
      count(*) as failures,
      count(*) != 0 as should_warn,
      count(*) != 0 as should_error
    from (
      
    
  
    
    



select retention_rate
from "oss"."main"."fct_contributor_cohorts"
where retention_rate is null



  
  
      
    ) dbt_internal_test
[0m00:54:38.103594 [debug] [Thread-3 (]: SQL status: OK in 0.001 seconds
[0m00:54:38.103594 [debug] [Thread-3 (]: Using duckdb connection "test.oss_intel.assert_retention_rate_in_bounds"
[0m00:54:38.103594 [debug] [Thread-3 (]: On test.oss_intel.assert_retention_rate_in_bounds: /* {"app": "dbt", "dbt_version": "1.12.5", "profile_name": "oss_intel", "target_name": "dev", "node_id": "test.oss_intel.assert_retention_rate_in_bounds"} */

    
    select
      count(*) as failures,
      count(*) != 0 as should_warn,
      count(*) != 0 as should_error
    from (
      
    
  select * from "oss"."main"."fct_contributor_cohorts"
where retention_rate < 0 or retention_rate > 1
  
  
      
    ) dbt_internal_test
[0m00:54:38.103594 [debug] [Thread-2 (]: SQL status: OK in 0.001 seconds
[0m00:54:38.103594 [debug] [Thread-2 (]: On test.oss_intel.not_null_fct_contributor_cohorts_retention_rate.88e22f68cf: ROLLBACK
[0m00:54:38.103594 [debug] [Thread-3 (]: SQL status: OK in 0.001 seconds
[0m00:54:38.103594 [debug] [Thread-2 (]: On test.oss_intel.not_null_fct_contributor_cohorts_retention_rate.88e22f68cf: Close
[0m00:54:38.103594 [debug] [Thread-3 (]: On test.oss_intel.assert_retention_rate_in_bounds: ROLLBACK
[0m00:54:38.103594 [info ] [Thread-2 (]: 33 of 39 PASS not_null_fct_contributor_cohorts_retention_rate .................. [[32mPASS[0m in 0.02s]
[0m00:54:38.111831 [debug] [Thread-3 (]: On test.oss_intel.assert_retention_rate_in_bounds: Close
[0m00:54:38.112947 [debug] [Thread-2 (]: Finished running node test.oss_intel.not_null_fct_contributor_cohorts_retention_rate.88e22f68cf
[0m00:54:38.112947 [info ] [Thread-3 (]: 32 of 39 PASS assert_retention_rate_in_bounds .................................. [[32mPASS[0m in 0.03s]
[0m00:54:38.113946 [debug] [Thread-3 (]: Finished running node test.oss_intel.assert_retention_rate_in_bounds
[0m00:54:38.114947 [debug] [Thread-1 (]: Began running node model.oss_intel.fct_repo_health_current
[0m00:54:38.114947 [info ] [Thread-1 (]: 34 of 39 SKIP relation main.fct_repo_health_current ............................ [[33mSKIP[0m]
[0m00:54:38.114947 [debug] [Thread-1 (]: Finished running node model.oss_intel.fct_repo_health_current
[0m00:54:38.115946 [debug] [Thread-7 (]: Marking all children of 'model.oss_intel.fct_repo_health_current' to be skipped because of status 'skipped'. 
[0m00:54:38.116437 [debug] [Thread-2 (]: Began running node test.oss_intel.accepted_values_fct_repo_health_current_health_tier__critical__at_risk__stable__healthy.9a342e5ed4
[0m00:54:38.116437 [debug] [Thread-3 (]: Began running node test.oss_intel.assert_health_score_in_bounds
[0m00:54:38.117502 [info ] [Thread-2 (]: 35 of 39 SKIP test accepted_values_fct_repo_health_current_health_tier__critical__at_risk__stable__healthy  [[33mSKIP[0m]
[0m00:54:38.117502 [debug] [Thread-4 (]: Began running node test.oss_intel.not_null_fct_repo_health_current_health_score.c591e59468
[0m00:54:38.118120 [debug] [Thread-1 (]: Began running node test.oss_intel.not_null_fct_repo_health_current_repo_id.d840f5a59f
[0m00:54:38.118120 [debug] [Thread-2 (]: Finished running node test.oss_intel.accepted_values_fct_repo_health_current_health_tier__critical__at_risk__stable__healthy.9a342e5ed4
[0m00:54:38.118120 [info ] [Thread-3 (]: 36 of 39 SKIP test assert_health_score_in_bounds ............................... [[33mSKIP[0m]
[0m00:54:38.118120 [info ] [Thread-4 (]: 37 of 39 SKIP test not_null_fct_repo_health_current_health_score ............... [[33mSKIP[0m]
[0m00:54:38.119500 [debug] [Thread-2 (]: Began running node test.oss_intel.unique_fct_repo_health_current_repo_id.e11f11429d
[0m00:54:38.119500 [debug] [Thread-7 (]: Marking all children of 'test.oss_intel.accepted_values_fct_repo_health_current_health_tier__critical__at_risk__stable__healthy.9a342e5ed4' to be skipped because of status 'skipped'. 
[0m00:54:38.119500 [info ] [Thread-1 (]: 38 of 39 SKIP test not_null_fct_repo_health_current_repo_id .................... [[33mSKIP[0m]
[0m00:54:38.120505 [debug] [Thread-3 (]: Finished running node test.oss_intel.assert_health_score_in_bounds
[0m00:54:38.120505 [debug] [Thread-4 (]: Finished running node test.oss_intel.not_null_fct_repo_health_current_health_score.c591e59468
[0m00:54:38.120505 [info ] [Thread-2 (]: 39 of 39 SKIP test unique_fct_repo_health_current_repo_id ...................... [[33mSKIP[0m]
[0m00:54:38.121505 [debug] [Thread-1 (]: Finished running node test.oss_intel.not_null_fct_repo_health_current_repo_id.d840f5a59f
[0m00:54:38.121866 [debug] [Thread-7 (]: Marking all children of 'test.oss_intel.assert_health_score_in_bounds' to be skipped because of status 'skipped'. 
[0m00:54:38.121866 [debug] [Thread-2 (]: Finished running node test.oss_intel.unique_fct_repo_health_current_repo_id.e11f11429d
[0m00:54:38.121866 [debug] [Thread-7 (]: Marking all children of 'test.oss_intel.not_null_fct_repo_health_current_health_score.c591e59468' to be skipped because of status 'skipped'. 
[0m00:54:38.121866 [debug] [Thread-7 (]: Marking all children of 'test.oss_intel.not_null_fct_repo_health_current_repo_id.d840f5a59f' to be skipped because of status 'skipped'. 
[0m00:54:38.121866 [debug] [Thread-7 (]: Marking all children of 'test.oss_intel.unique_fct_repo_health_current_repo_id.e11f11429d' to be skipped because of status 'skipped'. 
[0m00:54:38.121866 [debug] [MainThread]: Using duckdb connection "master"
[0m00:54:38.121866 [debug] [MainThread]: On master: BEGIN
[0m00:54:38.121866 [debug] [MainThread]: Opening a new connection, currently in state closed
[0m00:54:38.121866 [debug] [MainThread]: SQL status: OK in 0.000 seconds
[0m00:54:38.121866 [debug] [MainThread]: On master: COMMIT
[0m00:54:38.121866 [debug] [MainThread]: Using duckdb connection "master"
[0m00:54:38.121866 [debug] [MainThread]: On master: COMMIT
[0m00:54:38.121866 [debug] [MainThread]: SQL status: OK in 0.000 seconds
[0m00:54:38.121866 [debug] [MainThread]: On master: Close
[0m00:54:38.121866 [debug] [MainThread]: Connection 'master' was properly closed.
[0m00:54:38.121866 [debug] [MainThread]: Connection 'create_oss_main' was properly closed.
[0m00:54:38.121866 [debug] [MainThread]: Connection 'list_oss_main' was properly closed.
[0m00:54:38.121866 [debug] [MainThread]: Connection 'model.oss_intel.fct_contributor_cohorts' was properly closed.
[0m00:54:38.121866 [debug] [MainThread]: Connection 'test.oss_intel.not_null_fct_contributor_cohorts_retention_rate.88e22f68cf' was properly closed.
[0m00:54:38.121866 [debug] [MainThread]: Connection 'test.oss_intel.assert_retention_rate_in_bounds' was properly closed.
[0m00:54:38.121866 [debug] [MainThread]: Connection 'test.oss_intel.unique_dim_repo_repo_id.25d01fb4bd' was properly closed.
[0m00:54:38.128306 [info ] [MainThread]: 
[0m00:54:38.128775 [info ] [MainThread]: Finished running 4 seeds, 10 table models, 20 data tests, 5 view models in 0 hours 0 minutes and 3.11 seconds (3.11s).
[0m00:54:38.128775 [debug] [MainThread]: Command end result
[0m00:54:38.157433 [debug] [MainThread]: Wrote artifact WritableManifest to C:\Users\ubedu\projects\oss-intel\target\manifest.json
[0m00:54:38.157433 [debug] [MainThread]: Wrote artifact SemanticManifest to C:\Users\ubedu\projects\oss-intel\target\semantic_manifest.json
[0m00:54:38.163619 [debug] [MainThread]: Wrote artifact OsiDocument to C:\Users\ubedu\projects\oss-intel\target\osi_document.json
[0m00:54:38.172709 [debug] [MainThread]: Wrote artifact RunExecutionResult to C:\Users\ubedu\projects\oss-intel\target\run_results.json
[0m00:54:38.172709 [info ] [MainThread]: 
[0m00:54:38.172709 [info ] [MainThread]: [31mCompleted with 1 error, 0 partial successes, and 0 warnings:[0m
[0m00:54:38.172709 [info ] [MainThread]: 
[0m00:54:38.172709 [error] [MainThread]: [[31mERROR[0m]: in model stg_issues_prs (models\staging\stg_issues_prs.sql)
[0m00:54:38.172709 [error] [MainThread]:   Runtime Error in model stg_issues_prs (models\staging\stg_issues_prs.sql)
  Parser Error: syntax error at or near "."
  
  LINE 52:     r.first_response_at is null
                ^
[0m00:54:38.172709 [info ] [MainThread]: 
[0m00:54:38.172709 [info ] [MainThread]:   compiled code at target\compiled\oss_intel\models\staging\stg_issues_prs.sql
[0m00:54:38.172709 [info ] [MainThread]: 
[0m00:54:38.172709 [info ] [MainThread]: Done. PASS=17 WARN=0 ERROR=1 SKIP=21 NO-OP=0 REUSED=0 TOTAL=39
[0m00:54:38.178103 [debug] [MainThread]: Command `dbt build` failed at 00:54:38.178103 after 4.54 seconds
[0m00:54:38.178103 [debug] [MainThread]: Sending event: {'category': 'dbt', 'action': 'invocation', 'label': 'end', 'context': [<snowplow_tracker.self_describing_json.SelfDescribingJson object at 0x000001ABBE3D9790>, <snowplow_tracker.self_describing_json.SelfDescribingJson object at 0x000001ABC279FC80>, <snowplow_tracker.self_describing_json.SelfDescribingJson object at 0x000001ABC279DE80>]}
[0m00:54:38.178893 [debug] [MainThread]: Flushing usage events
[0m00:54:40.506484 [debug] [MainThread]: An error was encountered while trying to flush usage events
[0m00:55:58.245080 [debug] [MainThread]: Sending event: {'category': 'dbt', 'action': 'invocation', 'label': 'start', 'context': [<snowplow_tracker.self_describing_json.SelfDescribingJson object at 0x00000223F7162C30>, <snowplow_tracker.self_describing_json.SelfDescribingJson object at 0x00000223F9F33320>, <snowplow_tracker.self_describing_json.SelfDescribingJson object at 0x00000223F9C3A840>]}


============================== 00:55:58.245080 | fa3af696-a60e-4348-ae78-945b3e666608 ==============================
[0m00:55:58.245080 [info ] [MainThread]: Running with dbt=1.12.5
[0m00:55:58.245080 [debug] [MainThread]: running dbt with arguments {'static_parser': 'True', 'no_print': 'None', 'version_check': 'True', 'warn_error_options': 'WarnErrorOptionsV2(error=[], warn=[], silence=[])', 'target_path': 'None', 'maximum_seed_size_mib': '1', 'printer_width': '80', 'write_json': 'True', 'introspect': 'True', 'log_cache_events': 'False', 'empty': 'False', 'cache_selected_only': 'False', 'log_format': 'default', 'debug': 'False', 'fail_fast': 'False', 'partial_parse': 'True', 'send_anonymous_usage_stats': 'True', 'quiet': 'False', 'warn_error': 'None', 'profiles_dir': '.', 'invocation_command': 'dbt build --profiles-dir .', 'hints_enabled': 'True', 'use_colors': 'True', 'use_experimental_parser': 'False', 'indirect_selection': 'eager', 'log_path': 'C:\\Users\\ubedu\\projects\\oss-intel\\logs'}
[0m00:55:58.442425 [debug] [MainThread]: Sending event: {'category': 'dbt', 'action': 'project_id', 'label': 'fa3af696-a60e-4348-ae78-945b3e666608', 'context': [<snowplow_tracker.self_describing_json.SelfDescribingJson object at 0x00000223FB88E030>]}
[0m00:55:58.490190 [debug] [MainThread]: Sending event: {'category': 'dbt', 'action': 'adapter_info', 'label': 'fa3af696-a60e-4348-ae78-945b3e666608', 'context': [<snowplow_tracker.self_describing_json.SelfDescribingJson object at 0x00000223F9CB4F20>]}
[0m00:55:58.490190 [info ] [MainThread]: Registered adapter: duckdb=1.11.0
[0m00:55:58.692353 [debug] [MainThread]: checksum: 7df6d4a785be419a82a28629a0a9d1272444ef023b256f90b78bcec6eba9dcfd, vars: {}, profile: oss_intel, target: dev, version: 1.12.5
[0m00:55:58.851613 [debug] [MainThread]: Partial parsing enabled: 0 files deleted, 0 files added, 1 files changed.
[0m00:55:58.851613 [debug] [MainThread]: Partial parsing: updated file: oss_intel://models\staging\stg_issues_prs.sql
[0m00:55:59.320192 [debug] [MainThread]: Sending event: {'category': 'dbt', 'action': 'load_project', 'label': 'fa3af696-a60e-4348-ae78-945b3e666608', 'context': [<snowplow_tracker.self_describing_json.SelfDescribingJson object at 0x00000223FBF39A60>]}
[0m00:55:59.383694 [debug] [MainThread]: Wrote artifact WritableManifest to C:\Users\ubedu\projects\oss-intel\target\manifest.json
[0m00:55:59.383694 [debug] [MainThread]: Wrote artifact SemanticManifest to C:\Users\ubedu\projects\oss-intel\target\semantic_manifest.json
[0m00:55:59.431791 [debug] [MainThread]: Wrote artifact OsiDocument to C:\Users\ubedu\projects\oss-intel\target\osi_document.json
[0m00:55:59.447667 [debug] [MainThread]: Sending event: {'category': 'dbt', 'action': 'resource_counts', 'label': 'fa3af696-a60e-4348-ae78-945b3e666608', 'context': [<snowplow_tracker.self_describing_json.SelfDescribingJson object at 0x00000223FBF1D6A0>]}
[0m00:55:59.447667 [info ] [MainThread]: Found 15 models, 20 data tests, 4 seeds, 500 macros
[0m00:55:59.447667 [info ] [MainThread]: 
[0m00:55:59.463419 [info ] [MainThread]: Concurrency: 4 threads (target='dev')
[0m00:55:59.463419 [info ] [MainThread]: 
[0m00:55:59.463419 [debug] [MainThread]: Acquiring new duckdb connection 'master'
[0m00:55:59.468503 [debug] [ThreadPool]: Acquiring new duckdb connection 'list_oss'
[0m00:55:59.524199 [debug] [ThreadPool]: Using duckdb connection "list_oss"
[0m00:55:59.524199 [debug] [ThreadPool]: On list_oss: /* {"app": "dbt", "dbt_version": "1.12.5", "profile_name": "oss_intel", "target_name": "dev", "connection_name": "list_oss"} */

    
    select schema_name
    from system.information_schema.schemata
    
    where lower(catalog_name) = '"oss"'
    
  
  
[0m00:55:59.524199 [debug] [ThreadPool]: Opening a new connection, currently in state init
[0m00:55:59.543779 [debug] [ThreadPool]: SQL status: OK in 0.022 seconds
[0m00:55:59.543779 [debug] [ThreadPool]: On list_oss: Close
[0m00:55:59.543779 [debug] [ThreadPool]: Re-using an available connection from the pool (formerly list_oss, now create_oss_main)
[0m00:55:59.543779 [debug] [ThreadPool]: Creating schema "database: "oss"
schema: "main"
"
[0m00:55:59.557099 [debug] [ThreadPool]: Using duckdb connection "create_oss_main"
[0m00:55:59.557099 [debug] [ThreadPool]: On create_oss_main: /* {"app": "dbt", "dbt_version": "1.12.5", "profile_name": "oss_intel", "target_name": "dev", "connection_name": "create_oss_main"} */

    
        select type from duckdb_databases()
        where lower(database_name)='oss'
        and type != 'duckdb'
    
  
[0m00:55:59.557099 [debug] [ThreadPool]: Opening a new connection, currently in state closed
[0m00:55:59.557099 [debug] [ThreadPool]: SQL status: OK in 0.001 seconds
[0m00:55:59.557099 [debug] [ThreadPool]: Using duckdb connection "create_oss_main"
[0m00:55:59.557099 [debug] [ThreadPool]: On create_oss_main: BEGIN
[0m00:55:59.557099 [debug] [ThreadPool]: SQL status: OK in 0.000 seconds
[0m00:55:59.557099 [debug] [ThreadPool]: Using duckdb connection "create_oss_main"
[0m00:55:59.557099 [debug] [ThreadPool]: On create_oss_main: /* {"app": "dbt", "dbt_version": "1.12.5", "profile_name": "oss_intel", "target_name": "dev", "connection_name": "create_oss_main"} */

    
    
        create schema if not exists "oss"."main"
    
[0m00:55:59.557099 [debug] [ThreadPool]: SQL status: OK in 0.000 seconds
[0m00:55:59.557099 [debug] [ThreadPool]: On create_oss_main: COMMIT
[0m00:55:59.557099 [debug] [ThreadPool]: Using duckdb connection "create_oss_main"
[0m00:55:59.557099 [debug] [ThreadPool]: On create_oss_main: COMMIT
[0m00:55:59.557099 [debug] [ThreadPool]: SQL status: OK in 0.000 seconds
[0m00:55:59.557099 [debug] [ThreadPool]: On create_oss_main: Close
[0m00:55:59.557099 [debug] [ThreadPool]: Acquiring new duckdb connection 'list_oss_main'
[0m00:55:59.557099 [debug] [ThreadPool]: Using duckdb connection "list_oss_main"
[0m00:55:59.557099 [debug] [ThreadPool]: On list_oss_main: BEGIN
[0m00:55:59.557099 [debug] [ThreadPool]: Opening a new connection, currently in state init
[0m00:55:59.557099 [debug] [ThreadPool]: SQL status: OK in 0.000 seconds
[0m00:55:59.557099 [debug] [ThreadPool]: Using duckdb connection "list_oss_main"
[0m00:55:59.557099 [debug] [ThreadPool]: On list_oss_main: /* {"app": "dbt", "dbt_version": "1.12.5", "profile_name": "oss_intel", "target_name": "dev", "connection_name": "list_oss_main"} */
select
      'oss' as database,
      table_name as name,
      table_schema as schema,
      CASE table_type
        WHEN 'BASE TABLE' THEN 'table'
        WHEN 'VIEW' THEN 'view'
        WHEN 'LOCAL TEMPORARY' THEN 'table'
        END as type
    from system.information_schema.tables
    where lower(table_schema) = 'main'
    and lower(table_catalog) = 'oss'
  
[0m00:55:59.572020 [debug] [ThreadPool]: SQL status: OK in 0.002 seconds
[0m00:55:59.572020 [debug] [ThreadPool]: On list_oss_main: ROLLBACK
[0m00:55:59.572020 [debug] [ThreadPool]: On list_oss_main: Close
[0m00:55:59.572020 [debug] [MainThread]: Sending event: {'category': 'dbt', 'action': 'runnable_timing', 'label': 'fa3af696-a60e-4348-ae78-945b3e666608', 'context': [<snowplow_tracker.self_describing_json.SelfDescribingJson object at 0x00000223FB849B50>]}
[0m00:55:59.572020 [debug] [MainThread]: Using duckdb connection "master"
[0m00:55:59.572020 [debug] [MainThread]: On master: BEGIN
[0m00:55:59.572020 [debug] [MainThread]: Opening a new connection, currently in state init
[0m00:55:59.572020 [debug] [MainThread]: SQL status: OK in 0.000 seconds
[0m00:55:59.572020 [debug] [MainThread]: On master: COMMIT
[0m00:55:59.572020 [debug] [MainThread]: Using duckdb connection "master"
[0m00:55:59.572020 [debug] [MainThread]: On master: COMMIT
[0m00:55:59.572020 [debug] [MainThread]: SQL status: OK in 0.000 seconds
[0m00:55:59.572020 [debug] [MainThread]: On master: Close
[0m00:55:59.572020 [debug] [Thread-1 (]: Began running node model.oss_intel.stg_releases
[0m00:55:59.572020 [debug] [Thread-2 (]: Began running node model.oss_intel.stg_scorecard
[0m00:55:59.572020 [debug] [Thread-3 (]: Began running node seed.oss_intel.bots
[0m00:55:59.572020 [info ] [Thread-1 (]: 1 of 39 START sql view model main.stg_releases ................................. [RUN]
[0m00:55:59.572020 [debug] [Thread-4 (]: Began running node seed.oss_intel.label_map
[0m00:55:59.572020 [debug] [Thread-1 (]: Acquiring new duckdb connection 'model.oss_intel.stg_releases'
[0m00:55:59.572020 [info ] [Thread-2 (]: 2 of 39 START sql view model main.stg_scorecard ................................ [RUN]
[0m00:55:59.572020 [debug] [Thread-1 (]: Began compiling node model.oss_intel.stg_releases
[0m00:55:59.572020 [debug] [Thread-2 (]: Acquiring new duckdb connection 'model.oss_intel.stg_scorecard'
[0m00:55:59.588418 [debug] [Thread-2 (]: Began compiling node model.oss_intel.stg_scorecard
[0m00:55:59.590833 [debug] [Thread-1 (]: Writing injected SQL for node "model.oss_intel.stg_releases"
[0m00:55:59.572020 [info ] [Thread-3 (]: 3 of 39 START seed file main.bots .............................................. [RUN]
[0m00:55:59.592846 [debug] [Thread-3 (]: Acquiring new duckdb connection 'seed.oss_intel.bots'
[0m00:55:59.572020 [info ] [Thread-4 (]: 4 of 39 START seed file main.label_map ......................................... [RUN]
[0m00:55:59.591729 [debug] [Thread-2 (]: Writing injected SQL for node "model.oss_intel.stg_scorecard"
[0m00:55:59.593695 [debug] [Thread-3 (]: Began compiling node seed.oss_intel.bots
[0m00:55:59.593695 [debug] [Thread-1 (]: Began executing node model.oss_intel.stg_releases
[0m00:55:59.594498 [debug] [Thread-4 (]: Acquiring new duckdb connection 'seed.oss_intel.label_map'
[0m00:55:59.594498 [debug] [Thread-3 (]: Began executing node seed.oss_intel.bots
[0m00:55:59.618498 [debug] [Thread-1 (]: Writing runtime sql for node "model.oss_intel.stg_releases"
[0m00:55:59.618498 [debug] [Thread-4 (]: Began compiling node seed.oss_intel.label_map
[0m00:55:59.629512 [debug] [Thread-2 (]: Began executing node model.oss_intel.stg_scorecard
[0m00:55:59.636526 [debug] [Thread-3 (]: Using duckdb connection "seed.oss_intel.bots"
[0m00:55:59.636526 [debug] [Thread-4 (]: Began executing node seed.oss_intel.label_map
[0m00:55:59.637539 [debug] [Thread-2 (]: Writing runtime sql for node "model.oss_intel.stg_scorecard"
[0m00:55:59.640750 [debug] [Thread-3 (]: On seed.oss_intel.bots: BEGIN
[0m00:55:59.641757 [debug] [Thread-1 (]: Using duckdb connection "model.oss_intel.stg_releases"
[0m00:55:59.641757 [debug] [Thread-3 (]: Opening a new connection, currently in state init
[0m00:55:59.641757 [debug] [Thread-4 (]: Using duckdb connection "seed.oss_intel.label_map"
[0m00:55:59.641757 [debug] [Thread-1 (]: On model.oss_intel.stg_releases: BEGIN
[0m00:55:59.641757 [debug] [Thread-2 (]: Using duckdb connection "model.oss_intel.stg_scorecard"
[0m00:55:59.641757 [debug] [Thread-4 (]: On seed.oss_intel.label_map: BEGIN
[0m00:55:59.641757 [debug] [Thread-1 (]: Opening a new connection, currently in state init
[0m00:55:59.641757 [debug] [Thread-2 (]: On model.oss_intel.stg_scorecard: BEGIN
[0m00:55:59.641757 [debug] [Thread-4 (]: Opening a new connection, currently in state init
[0m00:55:59.641757 [debug] [Thread-2 (]: Opening a new connection, currently in state init
[0m00:55:59.641757 [debug] [Thread-3 (]: SQL status: OK in 0.005 seconds
[0m00:55:59.641757 [debug] [Thread-4 (]: SQL status: OK in 0.001 seconds
[0m00:55:59.641757 [debug] [Thread-3 (]: Using duckdb connection "seed.oss_intel.bots"
[0m00:55:59.649082 [debug] [Thread-2 (]: SQL status: OK in 0.001 seconds
[0m00:55:59.649082 [debug] [Thread-1 (]: SQL status: OK in 0.002 seconds
[0m00:55:59.649082 [debug] [Thread-4 (]: Using duckdb connection "seed.oss_intel.label_map"
[0m00:55:59.649881 [debug] [Thread-3 (]: On seed.oss_intel.bots: /* {"app": "dbt", "dbt_version": "1.12.5", "profile_name": "oss_intel", "target_name": "dev", "node_id": "seed.oss_intel.bots"} */
truncate table "oss"."main"."bots"
[0m00:55:59.649881 [debug] [Thread-2 (]: Using duckdb connection "model.oss_intel.stg_scorecard"
[0m00:55:59.650386 [debug] [Thread-1 (]: Using duckdb connection "model.oss_intel.stg_releases"
[0m00:55:59.650386 [debug] [Thread-4 (]: On seed.oss_intel.label_map: /* {"app": "dbt", "dbt_version": "1.12.5", "profile_name": "oss_intel", "target_name": "dev", "node_id": "seed.oss_intel.label_map"} */
truncate table "oss"."main"."label_map"
[0m00:55:59.650386 [debug] [Thread-2 (]: On model.oss_intel.stg_scorecard: /* {"app": "dbt", "dbt_version": "1.12.5", "profile_name": "oss_intel", "target_name": "dev", "node_id": "model.oss_intel.stg_scorecard"} */

  
  create view "oss"."main"."stg_scorecard__dbt_tmp" as (
    -- OpenSSF Scorecard: the one signal in this project computed by someone else.
-- Coverage is partial (26/30) because the REST API only serves projects that
-- opted in with publish_results: true. Missing is null, never zero.
with src as (

    select * from read_parquet('data/raw/scorecard/**/*.parquet', union_by_name = true)

),

ranked as (

    select
        cast(repo_id as bigint) as repo_id,
        scorecard_date,
        scorecard_overall,
        check_maintained,
        check_code_review,
        check_vulnerabilities,
        source,
        row_number() over (partition by repo_id order by scorecard_date desc) as rn
    from src
    where repo_id is not null

)

select * exclude (rn) from ranked where rn = 1
  );

[0m00:55:59.650386 [debug] [Thread-1 (]: On model.oss_intel.stg_releases: /* {"app": "dbt", "dbt_version": "1.12.5", "profile_name": "oss_intel", "target_name": "dev", "node_id": "model.oss_intel.stg_releases"} */

  
  create view "oss"."main"."stg_releases__dbt_tmp" as (
    with src as (

    select * from read_parquet('data/raw/releases/**/*.parquet', union_by_name = true)

)

select distinct
    cast(repo_id as bigint) as repo_id,
    tag_name,
    published_at
from src
where published_at is not null
  );

[0m00:55:59.651393 [debug] [Thread-4 (]: SQL status: OK in 0.000 seconds
[0m00:55:59.658573 [debug] [Thread-4 (]: Using duckdb connection "seed.oss_intel.label_map"
[0m00:55:59.658573 [debug] [Thread-4 (]: On seed.oss_intel.label_map: 
          COPY "oss"."main"."label_map" FROM 'C:\Users\ubedu\projects\oss-intel\seeds\label_map.csv' (FORMAT CSV, HEADER TRUE, DELIMITER ',')
        ...
[0m00:55:59.659564 [debug] [Thread-3 (]: SQL status: OK in 0.009 seconds
[0m00:55:59.659564 [debug] [Thread-2 (]: SQL status: OK in 0.009 seconds
[0m00:55:59.660567 [debug] [Thread-1 (]: SQL status: OK in 0.009 seconds
[0m00:55:59.661566 [debug] [Thread-3 (]: Using duckdb connection "seed.oss_intel.bots"
[0m00:55:59.664564 [debug] [Thread-2 (]: Using duckdb connection "model.oss_intel.stg_scorecard"
[0m00:55:59.666567 [debug] [Thread-1 (]: Using duckdb connection "model.oss_intel.stg_releases"
[0m00:55:59.666567 [debug] [Thread-3 (]: On seed.oss_intel.bots: 
          COPY "oss"."main"."bots" FROM 'C:\Users\ubedu\projects\oss-intel\seeds\bots.csv' (FORMAT CSV, HEADER TRUE, DELIMITER ',')
        ...
[0m00:55:59.666567 [debug] [Thread-4 (]: SQL status: OK in 0.007 seconds
[0m00:55:59.666567 [debug] [Thread-2 (]: On model.oss_intel.stg_scorecard: /* {"app": "dbt", "dbt_version": "1.12.5", "profile_name": "oss_intel", "target_name": "dev", "node_id": "model.oss_intel.stg_scorecard"} */
alter view "oss"."main"."stg_scorecard" rename to "stg_scorecard__dbt_backup"
[0m00:55:59.666567 [debug] [Thread-1 (]: On model.oss_intel.stg_releases: /* {"app": "dbt", "dbt_version": "1.12.5", "profile_name": "oss_intel", "target_name": "dev", "node_id": "model.oss_intel.stg_releases"} */
alter view "oss"."main"."stg_releases" rename to "stg_releases__dbt_backup"
[0m00:55:59.670265 [debug] [Thread-4 (]: Writing runtime SQL for node "seed.oss_intel.label_map"
[0m00:55:59.670265 [debug] [Thread-3 (]: SQL status: OK in 0.004 seconds
[0m00:55:59.670265 [debug] [Thread-3 (]: Writing runtime SQL for node "seed.oss_intel.bots"
[0m00:55:59.670265 [debug] [Thread-2 (]: SQL status: OK in 0.001 seconds
[0m00:55:59.670265 [debug] [Thread-1 (]: SQL status: OK in 0.002 seconds
[0m00:55:59.670265 [debug] [Thread-2 (]: Using duckdb connection "model.oss_intel.stg_scorecard"
[0m00:55:59.676015 [debug] [Thread-1 (]: Using duckdb connection "model.oss_intel.stg_releases"
[0m00:55:59.685034 [debug] [Thread-4 (]: On seed.oss_intel.label_map: COMMIT
[0m00:55:59.685034 [debug] [Thread-2 (]: On model.oss_intel.stg_scorecard: /* {"app": "dbt", "dbt_version": "1.12.5", "profile_name": "oss_intel", "target_name": "dev", "node_id": "model.oss_intel.stg_scorecard"} */
alter view "oss"."main"."stg_scorecard__dbt_tmp" rename to "stg_scorecard"
[0m00:55:59.685034 [debug] [Thread-3 (]: On seed.oss_intel.bots: COMMIT
[0m00:55:59.685034 [debug] [Thread-1 (]: On model.oss_intel.stg_releases: /* {"app": "dbt", "dbt_version": "1.12.5", "profile_name": "oss_intel", "target_name": "dev", "node_id": "model.oss_intel.stg_releases"} */
alter view "oss"."main"."stg_releases__dbt_tmp" rename to "stg_releases"
[0m00:55:59.685034 [debug] [Thread-4 (]: Using duckdb connection "seed.oss_intel.label_map"
[0m00:55:59.688862 [debug] [Thread-3 (]: Using duckdb connection "seed.oss_intel.bots"
[0m00:55:59.688862 [debug] [Thread-2 (]: SQL status: OK in 0.000 seconds
[0m00:55:59.688862 [debug] [Thread-4 (]: On seed.oss_intel.label_map: COMMIT
[0m00:55:59.688862 [debug] [Thread-1 (]: SQL status: OK in 0.000 seconds
[0m00:55:59.688862 [debug] [Thread-3 (]: On seed.oss_intel.bots: COMMIT
[0m00:55:59.688862 [debug] [Thread-2 (]: On model.oss_intel.stg_scorecard: COMMIT
[0m00:55:59.688862 [debug] [Thread-1 (]: On model.oss_intel.stg_releases: COMMIT
[0m00:55:59.688862 [debug] [Thread-2 (]: Using duckdb connection "model.oss_intel.stg_scorecard"
[0m00:55:59.688862 [debug] [Thread-1 (]: Using duckdb connection "model.oss_intel.stg_releases"
[0m00:55:59.688862 [debug] [Thread-2 (]: On model.oss_intel.stg_scorecard: COMMIT
[0m00:55:59.688862 [debug] [Thread-4 (]: SQL status: OK in 0.003 seconds
[0m00:55:59.688862 [debug] [Thread-3 (]: SQL status: OK in 0.002 seconds
[0m00:55:59.688862 [debug] [Thread-1 (]: On model.oss_intel.stg_releases: COMMIT
[0m00:55:59.688862 [debug] [Thread-4 (]: On seed.oss_intel.label_map: Close
[0m00:55:59.688862 [debug] [Thread-3 (]: On seed.oss_intel.bots: Close
[0m00:55:59.688862 [debug] [Thread-2 (]: SQL status: OK in 0.002 seconds
[0m00:55:59.701345 [debug] [Thread-2 (]: Using duckdb connection "model.oss_intel.stg_scorecard"
[0m00:55:59.701345 [debug] [Thread-2 (]: On model.oss_intel.stg_scorecard: /* {"app": "dbt", "dbt_version": "1.12.5", "profile_name": "oss_intel", "target_name": "dev", "node_id": "model.oss_intel.stg_scorecard"} */

      drop view if exists "oss"."main"."stg_scorecard__dbt_backup" cascade
    
[0m00:55:59.701345 [debug] [Thread-1 (]: SQL status: OK in 0.005 seconds
[0m00:55:59.701345 [debug] [Thread-1 (]: Using duckdb connection "model.oss_intel.stg_releases"
[0m00:55:59.701345 [debug] [Thread-1 (]: On model.oss_intel.stg_releases: /* {"app": "dbt", "dbt_version": "1.12.5", "profile_name": "oss_intel", "target_name": "dev", "node_id": "model.oss_intel.stg_releases"} */

      drop view if exists "oss"."main"."stg_releases__dbt_backup" cascade
    
[0m00:55:59.701345 [debug] [Thread-4 (]: Sending event: {'category': 'dbt', 'action': 'run_model', 'label': 'fa3af696-a60e-4348-ae78-945b3e666608', 'context': [<snowplow_tracker.self_describing_json.SelfDescribingJson object at 0x00000223FD7A43B0>]}
[0m00:55:59.701345 [debug] [Thread-2 (]: SQL status: OK in 0.002 seconds
[0m00:55:59.701345 [debug] [Thread-3 (]: Sending event: {'category': 'dbt', 'action': 'run_model', 'label': 'fa3af696-a60e-4348-ae78-945b3e666608', 'context': [<snowplow_tracker.self_describing_json.SelfDescribingJson object at 0x00000223FD7326F0>]}
[0m00:55:59.701345 [debug] [Thread-2 (]: On model.oss_intel.stg_scorecard: Close
[0m00:55:59.701345 [info ] [Thread-4 (]: 4 of 39 OK loaded seed file main.label_map ..................................... [[32mINSERT 16[0m in 0.10s]
[0m00:55:59.701345 [debug] [Thread-1 (]: SQL status: OK in 0.003 seconds
[0m00:55:59.701345 [debug] [Thread-2 (]: Sending event: {'category': 'dbt', 'action': 'run_model', 'label': 'fa3af696-a60e-4348-ae78-945b3e666608', 'context': [<snowplow_tracker.self_describing_json.SelfDescribingJson object at 0x00000223FD7A6F60>]}
[0m00:55:59.701345 [info ] [Thread-3 (]: 3 of 39 OK loaded seed file main.bots .......................................... [[32mINSERT 14[0m in 0.11s]
[0m00:55:59.701345 [debug] [Thread-4 (]: Finished running node seed.oss_intel.label_map
[0m00:55:59.701345 [debug] [Thread-1 (]: On model.oss_intel.stg_releases: Close
[0m00:55:59.701345 [info ] [Thread-2 (]: 2 of 39 OK created sql view model main.stg_scorecard ........................... [[32mOK[0m in 0.13s]
[0m00:55:59.701345 [debug] [Thread-3 (]: Finished running node seed.oss_intel.bots
[0m00:55:59.701345 [debug] [Thread-4 (]: Began running node seed.oss_intel.repos
[0m00:55:59.701345 [debug] [Thread-2 (]: Finished running node model.oss_intel.stg_scorecard
[0m00:55:59.701345 [debug] [Thread-1 (]: Sending event: {'category': 'dbt', 'action': 'run_model', 'label': 'fa3af696-a60e-4348-ae78-945b3e666608', 'context': [<snowplow_tracker.self_describing_json.SelfDescribingJson object at 0x00000223FD683440>]}
[0m00:55:59.701345 [debug] [Thread-3 (]: Began running node seed.oss_intel.score_weights
[0m00:55:59.701345 [info ] [Thread-4 (]: 5 of 39 START seed file main.repos ............................................. [RUN]
[0m00:55:59.701345 [debug] [Thread-2 (]: Began running node model.oss_intel.stg_contributions
[0m00:55:59.714084 [debug] [Thread-4 (]: Re-using an available connection from the pool (formerly seed.oss_intel.label_map, now seed.oss_intel.repos)
[0m00:55:59.701345 [info ] [Thread-1 (]: 1 of 39 OK created sql view model main.stg_releases ............................ [[32mOK[0m in 0.13s]
[0m00:55:59.701345 [info ] [Thread-3 (]: 6 of 39 START seed file main.score_weights ..................................... [RUN]
[0m00:55:59.714084 [debug] [Thread-4 (]: Began compiling node seed.oss_intel.repos
[0m00:55:59.714084 [info ] [Thread-2 (]: 7 of 39 START sql view model main.stg_contributions ............................ [RUN]
[0m00:55:59.715190 [debug] [Thread-1 (]: Finished running node model.oss_intel.stg_releases
[0m00:55:59.715694 [debug] [Thread-3 (]: Re-using an available connection from the pool (formerly seed.oss_intel.bots, now seed.oss_intel.score_weights)
[0m00:55:59.715694 [debug] [Thread-4 (]: Began executing node seed.oss_intel.repos
[0m00:55:59.715694 [debug] [Thread-2 (]: Re-using an available connection from the pool (formerly model.oss_intel.stg_scorecard, now model.oss_intel.stg_contributions)
[0m00:55:59.715694 [debug] [Thread-1 (]: Began running node model.oss_intel.stg_gharchive
[0m00:55:59.716823 [debug] [Thread-3 (]: Began compiling node seed.oss_intel.score_weights
[0m00:55:59.718533 [debug] [Thread-2 (]: Began compiling node model.oss_intel.stg_contributions
[0m00:55:59.718533 [debug] [Thread-3 (]: Began executing node seed.oss_intel.score_weights
[0m00:55:59.718533 [info ] [Thread-1 (]: 8 of 39 START sql view model main.stg_gharchive ................................ [RUN]
[0m00:55:59.720693 [debug] [Thread-2 (]: Writing injected SQL for node "model.oss_intel.stg_contributions"
[0m00:55:59.720693 [debug] [Thread-1 (]: Re-using an available connection from the pool (formerly model.oss_intel.stg_releases, now model.oss_intel.stg_gharchive)
[0m00:55:59.724098 [debug] [Thread-3 (]: Using duckdb connection "seed.oss_intel.score_weights"
[0m00:55:59.724098 [debug] [Thread-1 (]: Began compiling node model.oss_intel.stg_gharchive
[0m00:55:59.724098 [debug] [Thread-2 (]: Began executing node model.oss_intel.stg_contributions
[0m00:55:59.726285 [debug] [Thread-3 (]: On seed.oss_intel.score_weights: BEGIN
[0m00:55:59.728166 [debug] [Thread-1 (]: Writing injected SQL for node "model.oss_intel.stg_gharchive"
[0m00:55:59.731253 [debug] [Thread-2 (]: Writing runtime sql for node "model.oss_intel.stg_contributions"
[0m00:55:59.732817 [debug] [Thread-4 (]: Using duckdb connection "seed.oss_intel.repos"
[0m00:55:59.732817 [debug] [Thread-3 (]: Opening a new connection, currently in state closed
[0m00:55:59.732817 [debug] [Thread-4 (]: On seed.oss_intel.repos: BEGIN
[0m00:55:59.732817 [debug] [Thread-4 (]: Opening a new connection, currently in state closed
[0m00:55:59.732817 [debug] [Thread-4 (]: SQL status: OK in 0.000 seconds
[0m00:55:59.732817 [debug] [Thread-3 (]: SQL status: OK in 0.002 seconds
[0m00:55:59.732817 [debug] [Thread-1 (]: Began executing node model.oss_intel.stg_gharchive
[0m00:55:59.732817 [debug] [Thread-2 (]: Using duckdb connection "model.oss_intel.stg_contributions"
[0m00:55:59.732817 [debug] [Thread-4 (]: Using duckdb connection "seed.oss_intel.repos"
[0m00:55:59.732817 [debug] [Thread-3 (]: Using duckdb connection "seed.oss_intel.score_weights"
[0m00:55:59.732817 [debug] [Thread-1 (]: Writing runtime sql for node "model.oss_intel.stg_gharchive"
[0m00:55:59.732817 [debug] [Thread-2 (]: On model.oss_intel.stg_contributions: BEGIN
[0m00:55:59.732817 [debug] [Thread-4 (]: On seed.oss_intel.repos: /* {"app": "dbt", "dbt_version": "1.12.5", "profile_name": "oss_intel", "target_name": "dev", "node_id": "seed.oss_intel.repos"} */
truncate table "oss"."main"."repos"
[0m00:55:59.732817 [debug] [Thread-3 (]: On seed.oss_intel.score_weights: /* {"app": "dbt", "dbt_version": "1.12.5", "profile_name": "oss_intel", "target_name": "dev", "node_id": "seed.oss_intel.score_weights"} */
truncate table "oss"."main"."score_weights"
[0m00:55:59.732817 [debug] [Thread-2 (]: Opening a new connection, currently in state closed
[0m00:55:59.740605 [debug] [Thread-2 (]: SQL status: OK in 0.001 seconds
[0m00:55:59.740605 [debug] [Thread-2 (]: Using duckdb connection "model.oss_intel.stg_contributions"
[0m00:55:59.740605 [debug] [Thread-3 (]: SQL status: OK in 0.001 seconds
[0m00:55:59.740605 [debug] [Thread-2 (]: On model.oss_intel.stg_contributions: /* {"app": "dbt", "dbt_version": "1.12.5", "profile_name": "oss_intel", "target_name": "dev", "node_id": "model.oss_intel.stg_contributions"} */

  
  create view "oss"."main"."stg_contributions__dbt_tmp" as (
    -- Person-actions derived from issues, PRs, comments and reviews.
-- Replaces GH Archive as the cohort input (see ADR 0002).
-- A contribution is work. Stars and forks are interest, and are not here.
with src as (

    select * from read_parquet('data/raw/contributions/**/*.parquet', union_by_name = true)

)

select distinct
    cast(repo_id as bigint)                     as repo_id,
    actor,
    contributed_at,
    contribution_type,
    date_trunc('month', contributed_at)         as contribution_month
from src s
where actor is not null
  and actor not like '%[bot]'
  and not exists (select 1 from "oss"."main"."bots" b where lower(b.login) = lower(s.actor))
  );

[0m00:55:59.740605 [debug] [Thread-1 (]: Using duckdb connection "model.oss_intel.stg_gharchive"
[0m00:55:59.740605 [debug] [Thread-4 (]: SQL status: OK in 0.003 seconds
[0m00:55:59.742809 [debug] [Thread-3 (]: Using duckdb connection "seed.oss_intel.score_weights"
[0m00:55:59.743920 [debug] [Thread-1 (]: On model.oss_intel.stg_gharchive: BEGIN
[0m00:55:59.744860 [debug] [Thread-4 (]: Using duckdb connection "seed.oss_intel.repos"
[0m00:55:59.744860 [debug] [Thread-3 (]: On seed.oss_intel.score_weights: 
          COPY "oss"."main"."score_weights" FROM 'C:\Users\ubedu\projects\oss-intel\seeds\score_weights.csv' (FORMAT CSV, HEADER TRUE, DELIMITER ',')
        ...
[0m00:55:59.744860 [debug] [Thread-1 (]: Opening a new connection, currently in state closed
[0m00:55:59.745818 [debug] [Thread-4 (]: On seed.oss_intel.repos: 
          COPY "oss"."main"."repos" FROM 'C:\Users\ubedu\projects\oss-intel\seeds\repos.csv' (FORMAT CSV, HEADER TRUE, DELIMITER ',')
        ...
[0m00:55:59.745818 [debug] [Thread-2 (]: SQL status: OK in 0.002 seconds
[0m00:55:59.745818 [debug] [Thread-1 (]: SQL status: OK in 0.001 seconds
[0m00:55:59.747819 [debug] [Thread-2 (]: Using duckdb connection "model.oss_intel.stg_contributions"
[0m00:55:59.747819 [debug] [Thread-1 (]: Using duckdb connection "model.oss_intel.stg_gharchive"
[0m00:55:59.748913 [debug] [Thread-3 (]: SQL status: OK in 0.002 seconds
[0m00:55:59.748913 [debug] [Thread-2 (]: On model.oss_intel.stg_contributions: /* {"app": "dbt", "dbt_version": "1.12.5", "profile_name": "oss_intel", "target_name": "dev", "node_id": "model.oss_intel.stg_contributions"} */
alter view "oss"."main"."stg_contributions" rename to "stg_contributions__dbt_backup"
[0m00:55:59.749265 [debug] [Thread-4 (]: SQL status: OK in 0.003 seconds
[0m00:55:59.749265 [debug] [Thread-1 (]: On model.oss_intel.stg_gharchive: /* {"app": "dbt", "dbt_version": "1.12.5", "profile_name": "oss_intel", "target_name": "dev", "node_id": "model.oss_intel.stg_gharchive"} */

  
  create view "oss"."main"."stg_gharchive__dbt_tmp" as (
    -- GH Archive. HISTORICAL ONLY - event fidelity degraded badly through 2026
-- (see ADR 0002), so this feeds the archived-repo backtest and the fidelity
-- exhibit, and no live metric.
with src as (

    select * from read_parquet('data/raw/gharchive/**/*.parquet', union_by_name = true)

),

deduped as (

    -- a backfill range and a daily run can both cover the same date
    select
        cast(event_date as date)    as event_date,
        cast(repo_id as bigint)     as repo_id,
        actor,
        event_type,
        max(cast(n as integer))     as event_count
    from src
    group by 1, 2, 3, 4

)

select d.*
from deduped d
left join "oss"."main"."bots" b on lower(d.actor) = lower(b.login)
where b.login is null
  and d.actor not like '%[bot]'
  );

[0m00:55:59.749265 [debug] [Thread-3 (]: Writing runtime SQL for node "seed.oss_intel.score_weights"
[0m00:55:59.749265 [debug] [Thread-4 (]: Writing runtime SQL for node "seed.oss_intel.repos"
[0m00:55:59.749265 [debug] [Thread-2 (]: SQL status: OK in 0.001 seconds
[0m00:55:59.749265 [debug] [Thread-2 (]: Using duckdb connection "model.oss_intel.stg_contributions"
[0m00:55:59.749265 [debug] [Thread-2 (]: On model.oss_intel.stg_contributions: /* {"app": "dbt", "dbt_version": "1.12.5", "profile_name": "oss_intel", "target_name": "dev", "node_id": "model.oss_intel.stg_contributions"} */
alter view "oss"."main"."stg_contributions__dbt_tmp" rename to "stg_contributions"
[0m00:55:59.753396 [debug] [Thread-3 (]: On seed.oss_intel.score_weights: COMMIT
[0m00:55:59.753396 [debug] [Thread-4 (]: On seed.oss_intel.repos: COMMIT
[0m00:55:59.753396 [debug] [Thread-3 (]: Using duckdb connection "seed.oss_intel.score_weights"
[0m00:55:59.753396 [debug] [Thread-2 (]: SQL status: OK in 0.003 seconds
[0m00:55:59.753396 [debug] [Thread-1 (]: SQL status: OK in 0.005 seconds
[0m00:55:59.753396 [debug] [Thread-4 (]: Using duckdb connection "seed.oss_intel.repos"
[0m00:55:59.753396 [debug] [Thread-3 (]: On seed.oss_intel.score_weights: COMMIT
[0m00:55:59.757581 [debug] [Thread-2 (]: On model.oss_intel.stg_contributions: COMMIT
[0m00:55:59.757581 [debug] [Thread-1 (]: Using duckdb connection "model.oss_intel.stg_gharchive"
[0m00:55:59.757581 [debug] [Thread-4 (]: On seed.oss_intel.repos: COMMIT
[0m00:55:59.757581 [debug] [Thread-2 (]: Using duckdb connection "model.oss_intel.stg_contributions"
[0m00:55:59.757581 [debug] [Thread-1 (]: On model.oss_intel.stg_gharchive: /* {"app": "dbt", "dbt_version": "1.12.5", "profile_name": "oss_intel", "target_name": "dev", "node_id": "model.oss_intel.stg_gharchive"} */
alter view "oss"."main"."stg_gharchive" rename to "stg_gharchive__dbt_backup"
[0m00:55:59.757581 [debug] [Thread-2 (]: On model.oss_intel.stg_contributions: COMMIT
[0m00:55:59.757581 [debug] [Thread-1 (]: SQL status: OK in 0.000 seconds
[0m00:55:59.757581 [debug] [Thread-1 (]: Using duckdb connection "model.oss_intel.stg_gharchive"
[0m00:55:59.765652 [debug] [Thread-1 (]: On model.oss_intel.stg_gharchive: /* {"app": "dbt", "dbt_version": "1.12.5", "profile_name": "oss_intel", "target_name": "dev", "node_id": "model.oss_intel.stg_gharchive"} */
alter view "oss"."main"."stg_gharchive__dbt_tmp" rename to "stg_gharchive"
[0m00:55:59.765652 [debug] [Thread-4 (]: SQL status: OK in 0.004 seconds
[0m00:55:59.765652 [debug] [Thread-3 (]: SQL status: OK in 0.005 seconds
[0m00:55:59.765652 [debug] [Thread-2 (]: SQL status: OK in 0.004 seconds
[0m00:55:59.765652 [debug] [Thread-4 (]: On seed.oss_intel.repos: Close
[0m00:55:59.765652 [debug] [Thread-1 (]: SQL status: OK in 0.001 seconds
[0m00:55:59.765652 [debug] [Thread-3 (]: On seed.oss_intel.score_weights: Close
[0m00:55:59.765652 [debug] [Thread-2 (]: Using duckdb connection "model.oss_intel.stg_contributions"
[0m00:55:59.765652 [debug] [Thread-4 (]: Sending event: {'category': 'dbt', 'action': 'run_model', 'label': 'fa3af696-a60e-4348-ae78-945b3e666608', 'context': [<snowplow_tracker.self_describing_json.SelfDescribingJson object at 0x00000223FD8462A0>]}
[0m00:55:59.765652 [debug] [Thread-1 (]: On model.oss_intel.stg_gharchive: COMMIT
[0m00:55:59.765652 [debug] [Thread-3 (]: Sending event: {'category': 'dbt', 'action': 'run_model', 'label': 'fa3af696-a60e-4348-ae78-945b3e666608', 'context': [<snowplow_tracker.self_describing_json.SelfDescribingJson object at 0x00000223FD83FF20>]}
[0m00:55:59.765652 [debug] [Thread-2 (]: On model.oss_intel.stg_contributions: /* {"app": "dbt", "dbt_version": "1.12.5", "profile_name": "oss_intel", "target_name": "dev", "node_id": "model.oss_intel.stg_contributions"} */

      drop view if exists "oss"."main"."stg_contributions__dbt_backup" cascade
    
[0m00:55:59.765652 [debug] [Thread-1 (]: Using duckdb connection "model.oss_intel.stg_gharchive"
[0m00:55:59.765652 [info ] [Thread-4 (]: 5 of 39 OK loaded seed file main.repos ......................................... [[32mINSERT 30[0m in 0.05s]
[0m00:55:59.765652 [info ] [Thread-3 (]: 6 of 39 OK loaded seed file main.score_weights ................................. [[32mINSERT 6[0m in 0.05s]
[0m00:55:59.765652 [debug] [Thread-1 (]: On model.oss_intel.stg_gharchive: COMMIT
[0m00:55:59.765652 [debug] [Thread-4 (]: Finished running node seed.oss_intel.repos
[0m00:55:59.765652 [debug] [Thread-3 (]: Finished running node seed.oss_intel.score_weights
[0m00:55:59.765652 [debug] [Thread-2 (]: SQL status: OK in 0.001 seconds
[0m00:55:59.773964 [debug] [Thread-4 (]: Began running node model.oss_intel.stg_issues_prs
[0m00:55:59.773964 [debug] [Thread-3 (]: Began running node model.oss_intel.dim_repo
[0m00:55:59.774970 [debug] [Thread-1 (]: SQL status: OK in 0.001 seconds
[0m00:55:59.775976 [debug] [Thread-2 (]: On model.oss_intel.stg_contributions: Close
[0m00:55:59.775976 [info ] [Thread-4 (]: 9 of 39 START sql view model main.stg_issues_prs ............................... [RUN]
[0m00:55:59.777974 [debug] [Thread-1 (]: Using duckdb connection "model.oss_intel.stg_gharchive"
[0m00:55:59.775976 [info ] [Thread-3 (]: 10 of 39 START sql table model main.dim_repo ................................... [RUN]
[0m00:55:59.778969 [debug] [Thread-2 (]: Sending event: {'category': 'dbt', 'action': 'run_model', 'label': 'fa3af696-a60e-4348-ae78-945b3e666608', 'context': [<snowplow_tracker.self_describing_json.SelfDescribingJson object at 0x00000223FD83E0F0>]}
[0m00:55:59.778969 [debug] [Thread-4 (]: Re-using an available connection from the pool (formerly seed.oss_intel.repos, now model.oss_intel.stg_issues_prs)
[0m00:55:59.778969 [debug] [Thread-1 (]: On model.oss_intel.stg_gharchive: /* {"app": "dbt", "dbt_version": "1.12.5", "profile_name": "oss_intel", "target_name": "dev", "node_id": "model.oss_intel.stg_gharchive"} */

      drop view if exists "oss"."main"."stg_gharchive__dbt_backup" cascade
    
[0m00:55:59.779981 [debug] [Thread-3 (]: Re-using an available connection from the pool (formerly seed.oss_intel.score_weights, now model.oss_intel.dim_repo)
[0m00:55:59.779981 [debug] [Thread-4 (]: Began compiling node model.oss_intel.stg_issues_prs
[0m00:55:59.779981 [info ] [Thread-2 (]: 7 of 39 OK created sql view model main.stg_contributions ....................... [[32mOK[0m in 0.06s]
[0m00:55:59.780969 [debug] [Thread-3 (]: Began compiling node model.oss_intel.dim_repo
[0m00:55:59.783307 [debug] [Thread-4 (]: Writing injected SQL for node "model.oss_intel.stg_issues_prs"
[0m00:55:59.783307 [debug] [Thread-1 (]: SQL status: OK in 0.002 seconds
[0m00:55:59.783307 [debug] [Thread-2 (]: Finished running node model.oss_intel.stg_contributions
[0m00:55:59.784554 [debug] [Thread-3 (]: Writing injected SQL for node "model.oss_intel.dim_repo"
[0m00:55:59.784554 [debug] [Thread-1 (]: On model.oss_intel.stg_gharchive: Close
[0m00:55:59.784554 [debug] [Thread-2 (]: Began running node test.oss_intel.not_null_stg_contributions_actor.afaf937923
[0m00:55:59.784554 [debug] [Thread-1 (]: Sending event: {'category': 'dbt', 'action': 'run_model', 'label': 'fa3af696-a60e-4348-ae78-945b3e666608', 'context': [<snowplow_tracker.self_describing_json.SelfDescribingJson object at 0x00000223FD83F020>]}
[0m00:55:59.784554 [info ] [Thread-2 (]: 11 of 39 START test not_null_stg_contributions_actor ........................... [RUN]
[0m00:55:59.784554 [debug] [Thread-4 (]: Began executing node model.oss_intel.stg_issues_prs
[0m00:55:59.784554 [debug] [Thread-2 (]: Re-using an available connection from the pool (formerly model.oss_intel.stg_contributions, now test.oss_intel.not_null_stg_contributions_actor.afaf937923)
[0m00:55:59.784554 [info ] [Thread-1 (]: 8 of 39 OK created sql view model main.stg_gharchive ........................... [[32mOK[0m in 0.06s]
[0m00:55:59.784554 [debug] [Thread-3 (]: Began executing node model.oss_intel.dim_repo
[0m00:55:59.791308 [debug] [Thread-4 (]: Writing runtime sql for node "model.oss_intel.stg_issues_prs"
[0m00:55:59.791308 [debug] [Thread-2 (]: Began compiling node test.oss_intel.not_null_stg_contributions_actor.afaf937923
[0m00:55:59.791308 [debug] [Thread-1 (]: Finished running node model.oss_intel.stg_gharchive
[0m00:55:59.815761 [debug] [Thread-3 (]: Writing runtime sql for node "model.oss_intel.dim_repo"
[0m00:55:59.824108 [debug] [Thread-2 (]: Writing injected SQL for node "test.oss_intel.not_null_stg_contributions_actor.afaf937923"
[0m00:55:59.824108 [debug] [Thread-4 (]: Using duckdb connection "model.oss_intel.stg_issues_prs"
[0m00:55:59.824108 [debug] [Thread-4 (]: On model.oss_intel.stg_issues_prs: BEGIN
[0m00:55:59.824108 [debug] [Thread-4 (]: Opening a new connection, currently in state closed
[0m00:55:59.824108 [debug] [Thread-3 (]: Using duckdb connection "model.oss_intel.dim_repo"
[0m00:55:59.832373 [debug] [Thread-3 (]: On model.oss_intel.dim_repo: BEGIN
[0m00:55:59.832373 [debug] [Thread-4 (]: SQL status: OK in 0.001 seconds
[0m00:55:59.832373 [debug] [Thread-2 (]: Began executing node test.oss_intel.not_null_stg_contributions_actor.afaf937923
[0m00:55:59.833622 [debug] [Thread-3 (]: Opening a new connection, currently in state closed
[0m00:55:59.833622 [debug] [Thread-4 (]: Using duckdb connection "model.oss_intel.stg_issues_prs"
[0m00:55:59.845660 [debug] [Thread-2 (]: Writing runtime sql for node "test.oss_intel.not_null_stg_contributions_actor.afaf937923"
[0m00:55:59.846661 [debug] [Thread-4 (]: On model.oss_intel.stg_issues_prs: /* {"app": "dbt", "dbt_version": "1.12.5", "profile_name": "oss_intel", "target_name": "dev", "node_id": "model.oss_intel.stg_issues_prs"} */

  
  create view "oss"."main"."stg_issues_prs__dbt_tmp" as (
    -- Issues and pull requests from the GitHub GraphQL API. PRIMARY SOURCE.
--
-- Two cleaning jobs happen here and nowhere else:
--   1. Deduplication. The same item appears in several run partitions because
--      it kept being updated; keep the newest version per (repo, kind, number).
--   2. Bot removal. On an active repo dependabot can out-post every human, so
--      leaving bots in makes every downstream metric wrong.
with src as (

    select * from read_parquet('data/raw/issues_prs/**/*.parquet', union_by_name = true)

),

ranked as (

    select
        cast(repo_id as bigint)                     as repo_id,
        kind,
        cast(number as integer)                     as number,
        created_at,
        updated_at,
        closed_at,
        merged_at,
        state,
        author,
        author_association,
        coalesce(labels, '')                        as labels,
        first_response_at,
        row_number() over (
            partition by repo_id, kind, number
            order by updated_at desc
        )                                           as rn
    from src
    where author is not null

)

select
    r.* exclude (rn),
    -- A response before creation is not a real response time. It happens when
    -- an issue is transferred between repositories (comments survive, createdAt
    -- is reset) or converted from a discussion. Null it out rather than letting
    -- a negative value drag the median down.
    case
        when r.first_response_at >= r.created_at
        then date_diff('hour', r.created_at, r.first_response_at)
    end                                                               as response_hours,
    r.first_response_at is null
        and date_diff('day', r.created_at, current_timestamp) > 7
                                                                      as is_unresponded,
    r.created_at >= timestamp '2025-10-01'           as in_window
from ranked r
left join "oss"."main"."bots" b on lower(r.author) = lower(b.login)
where r.rn = 1
  and b.login is null
  and r.author not like '%[bot]'
  );

[0m00:55:59.846661 [debug] [Thread-3 (]: SQL status: OK in 0.014 seconds
[0m00:55:59.847580 [debug] [Thread-3 (]: Using duckdb connection "model.oss_intel.dim_repo"
[0m00:55:59.848581 [debug] [Thread-3 (]: On model.oss_intel.dim_repo: /* {"app": "dbt", "dbt_version": "1.12.5", "profile_name": "oss_intel", "target_name": "dev", "node_id": "model.oss_intel.dim_repo"} */

    

    create  table
      "oss"."main"."dim_repo__dbt_tmp"
  
    
    as (
      -- One row per tracked repository. Joined on repo_id everywhere, never on name:
-- three of thirty repos were renamed or transferred during the window.
select
    r.repo_id,
    r.repo_full_name,
    r.package_name,
    r.ecosystem,
    r.category,
    r.criticality_tier,
    s.scorecard_overall,
    s.check_maintained,
    s.check_code_review,
    s.scorecard_date,
    s.repo_id is not null as has_scorecard
from "oss"."main"."repos" r
left join "oss"."main"."stg_scorecard" s using (repo_id)
where r.repo_id is not null
    );
    
  
[0m00:55:59.848581 [debug] [Thread-2 (]: Using duckdb connection "test.oss_intel.not_null_stg_contributions_actor.afaf937923"
[0m00:55:59.848581 [debug] [Thread-2 (]: On test.oss_intel.not_null_stg_contributions_actor.afaf937923: BEGIN
[0m00:55:59.849922 [debug] [Thread-2 (]: Opening a new connection, currently in state closed
[0m00:55:59.849922 [debug] [Thread-2 (]: SQL status: OK in 0.000 seconds
[0m00:55:59.849922 [debug] [Thread-2 (]: Using duckdb connection "test.oss_intel.not_null_stg_contributions_actor.afaf937923"
[0m00:55:59.849922 [debug] [Thread-2 (]: On test.oss_intel.not_null_stg_contributions_actor.afaf937923: /* {"app": "dbt", "dbt_version": "1.12.5", "profile_name": "oss_intel", "target_name": "dev", "node_id": "test.oss_intel.not_null_stg_contributions_actor.afaf937923"} */

    
    select
      count(*) as failures,
      count(*) != 0 as should_warn,
      count(*) != 0 as should_error
    from (
      
    
  
    
    



select actor
from "oss"."main"."stg_contributions"
where actor is null



  
  
      
    ) dbt_internal_test
[0m00:55:59.853084 [debug] [Thread-4 (]: SQL status: OK in 0.006 seconds
[0m00:55:59.855089 [debug] [Thread-4 (]: Using duckdb connection "model.oss_intel.stg_issues_prs"
[0m00:55:59.855089 [debug] [Thread-4 (]: On model.oss_intel.stg_issues_prs: /* {"app": "dbt", "dbt_version": "1.12.5", "profile_name": "oss_intel", "target_name": "dev", "node_id": "model.oss_intel.stg_issues_prs"} */
alter view "oss"."main"."stg_issues_prs" rename to "stg_issues_prs__dbt_backup"
[0m00:55:59.857094 [debug] [Thread-3 (]: SQL status: OK in 0.008 seconds
[0m00:55:59.858500 [debug] [Thread-3 (]: Using duckdb connection "model.oss_intel.dim_repo"
[0m00:55:59.858500 [debug] [Thread-3 (]: On model.oss_intel.dim_repo: /* {"app": "dbt", "dbt_version": "1.12.5", "profile_name": "oss_intel", "target_name": "dev", "node_id": "model.oss_intel.dim_repo"} */

    SELECT index_name
    FROM duckdb_indexes()
    WHERE database_name = 'oss'
      AND schema_name = 'main'
      AND table_name = 'dim_repo'
  
[0m00:55:59.858500 [debug] [Thread-2 (]: SQL status: OK in 0.010 seconds
[0m00:55:59.858500 [debug] [Thread-4 (]: SQL status: OK in 0.005 seconds
[0m00:55:59.858500 [debug] [Thread-4 (]: Using duckdb connection "model.oss_intel.stg_issues_prs"
[0m00:55:59.858500 [debug] [Thread-2 (]: On test.oss_intel.not_null_stg_contributions_actor.afaf937923: ROLLBACK
[0m00:55:59.858500 [debug] [Thread-4 (]: On model.oss_intel.stg_issues_prs: /* {"app": "dbt", "dbt_version": "1.12.5", "profile_name": "oss_intel", "target_name": "dev", "node_id": "model.oss_intel.stg_issues_prs"} */
alter view "oss"."main"."stg_issues_prs__dbt_tmp" rename to "stg_issues_prs"
[0m00:55:59.866008 [debug] [Thread-3 (]: SQL status: OK in 0.004 seconds
[0m00:55:59.866008 [debug] [Thread-2 (]: On test.oss_intel.not_null_stg_contributions_actor.afaf937923: Close
[0m00:55:59.866008 [debug] [Thread-4 (]: SQL status: OK in 0.000 seconds
[0m00:55:59.866008 [info ] [Thread-2 (]: 11 of 39 PASS not_null_stg_contributions_actor ................................. [[32mPASS[0m in 0.08s]
[0m00:55:59.866008 [debug] [Thread-4 (]: On model.oss_intel.stg_issues_prs: COMMIT
[0m00:55:59.866008 [debug] [Thread-3 (]: Using duckdb connection "model.oss_intel.dim_repo"
[0m00:55:59.866008 [debug] [Thread-2 (]: Finished running node test.oss_intel.not_null_stg_contributions_actor.afaf937923
[0m00:55:59.866008 [debug] [Thread-4 (]: Using duckdb connection "model.oss_intel.stg_issues_prs"
[0m00:55:59.866008 [debug] [Thread-3 (]: On model.oss_intel.dim_repo: /* {"app": "dbt", "dbt_version": "1.12.5", "profile_name": "oss_intel", "target_name": "dev", "node_id": "model.oss_intel.dim_repo"} */
alter table "oss"."main"."dim_repo" rename to "dim_repo__dbt_backup"
[0m00:55:59.866008 [debug] [Thread-1 (]: Began running node model.oss_intel.int_first_contribution
[0m00:55:59.866008 [debug] [Thread-4 (]: On model.oss_intel.stg_issues_prs: COMMIT
[0m00:55:59.866008 [info ] [Thread-1 (]: 12 of 39 START sql table model main.int_first_contribution ..................... [RUN]
[0m00:55:59.866008 [debug] [Thread-3 (]: SQL status: OK in 0.001 seconds
[0m00:55:59.866008 [debug] [Thread-1 (]: Re-using an available connection from the pool (formerly model.oss_intel.stg_gharchive, now model.oss_intel.int_first_contribution)
[0m00:55:59.873828 [debug] [Thread-3 (]: Using duckdb connection "model.oss_intel.dim_repo"
[0m00:55:59.874835 [debug] [Thread-1 (]: Began compiling node model.oss_intel.int_first_contribution
[0m00:55:59.874835 [debug] [Thread-4 (]: SQL status: OK in 0.003 seconds
[0m00:55:59.874835 [debug] [Thread-3 (]: On model.oss_intel.dim_repo: /* {"app": "dbt", "dbt_version": "1.12.5", "profile_name": "oss_intel", "target_name": "dev", "node_id": "model.oss_intel.dim_repo"} */
alter table "oss"."main"."dim_repo__dbt_tmp" rename to "dim_repo"
[0m00:55:59.875909 [debug] [Thread-1 (]: Writing injected SQL for node "model.oss_intel.int_first_contribution"
[0m00:55:59.877919 [debug] [Thread-4 (]: Using duckdb connection "model.oss_intel.stg_issues_prs"
[0m00:55:59.877919 [debug] [Thread-4 (]: On model.oss_intel.stg_issues_prs: /* {"app": "dbt", "dbt_version": "1.12.5", "profile_name": "oss_intel", "target_name": "dev", "node_id": "model.oss_intel.stg_issues_prs"} */

      drop view if exists "oss"."main"."stg_issues_prs__dbt_backup" cascade
    
[0m00:55:59.877919 [debug] [Thread-3 (]: SQL status: OK in 0.001 seconds
[0m00:55:59.881918 [debug] [Thread-3 (]: On model.oss_intel.dim_repo: COMMIT
[0m00:55:59.881918 [debug] [Thread-4 (]: SQL status: OK in 0.004 seconds
[0m00:55:59.882543 [debug] [Thread-3 (]: Using duckdb connection "model.oss_intel.dim_repo"
[0m00:55:59.883090 [debug] [Thread-4 (]: On model.oss_intel.stg_issues_prs: Close
[0m00:55:59.883090 [debug] [Thread-3 (]: On model.oss_intel.dim_repo: COMMIT
[0m00:55:59.883090 [debug] [Thread-1 (]: Began executing node model.oss_intel.int_first_contribution
[0m00:55:59.883090 [debug] [Thread-4 (]: Sending event: {'category': 'dbt', 'action': 'run_model', 'label': 'fa3af696-a60e-4348-ae78-945b3e666608', 'context': [<snowplow_tracker.self_describing_json.SelfDescribingJson object at 0x00000223FD8453A0>]}
[0m00:55:59.887098 [debug] [Thread-1 (]: Writing runtime sql for node "model.oss_intel.int_first_contribution"
[0m00:55:59.887098 [debug] [Thread-3 (]: SQL status: OK in 0.003 seconds
[0m00:55:59.887098 [info ] [Thread-4 (]: 9 of 39 OK created sql view model main.stg_issues_prs .......................... [[32mOK[0m in 0.10s]
[0m00:55:59.887098 [debug] [Thread-3 (]: Using duckdb connection "model.oss_intel.dim_repo"
[0m00:55:59.889700 [debug] [Thread-4 (]: Finished running node model.oss_intel.stg_issues_prs
[0m00:55:59.889700 [debug] [Thread-3 (]: On model.oss_intel.dim_repo: /* {"app": "dbt", "dbt_version": "1.12.5", "profile_name": "oss_intel", "target_name": "dev", "node_id": "model.oss_intel.dim_repo"} */

      drop table if exists "oss"."main"."dim_repo__dbt_backup" cascade
    
[0m00:55:59.890706 [debug] [Thread-1 (]: Using duckdb connection "model.oss_intel.int_first_contribution"
[0m00:55:59.890706 [debug] [Thread-1 (]: On model.oss_intel.int_first_contribution: BEGIN
[0m00:55:59.890706 [debug] [Thread-2 (]: Began running node test.oss_intel.assert_issues_prs_unique
[0m00:55:59.890706 [debug] [Thread-3 (]: SQL status: OK in 0.002 seconds
[0m00:55:59.890706 [debug] [Thread-1 (]: Opening a new connection, currently in state closed
[0m00:55:59.890706 [debug] [Thread-3 (]: On model.oss_intel.dim_repo: Close
[0m00:55:59.895716 [debug] [Thread-4 (]: Began running node test.oss_intel.assert_merged_prs_only_prs
[0m00:55:59.890706 [info ] [Thread-2 (]: 13 of 39 START test assert_issues_prs_unique ................................... [RUN]
[0m00:55:59.895716 [debug] [Thread-3 (]: Sending event: {'category': 'dbt', 'action': 'run_model', 'label': 'fa3af696-a60e-4348-ae78-945b3e666608', 'context': [<snowplow_tracker.self_describing_json.SelfDescribingJson object at 0x00000223FD801EB0>]}
[0m00:55:59.895716 [debug] [Thread-1 (]: SQL status: OK in 0.003 seconds
[0m00:55:59.895716 [info ] [Thread-4 (]: 14 of 39 START test assert_merged_prs_only_prs ................................. [RUN]
[0m00:55:59.895716 [debug] [Thread-2 (]: Re-using an available connection from the pool (formerly test.oss_intel.not_null_stg_contributions_actor.afaf937923, now test.oss_intel.assert_issues_prs_unique)
[0m00:55:59.895716 [debug] [Thread-1 (]: Using duckdb connection "model.oss_intel.int_first_contribution"
[0m00:55:59.895716 [info ] [Thread-3 (]: 10 of 39 OK created sql table model main.dim_repo .............................. [[32mOK[0m in 0.12s]
[0m00:55:59.895716 [debug] [Thread-4 (]: Re-using an available connection from the pool (formerly model.oss_intel.stg_issues_prs, now test.oss_intel.assert_merged_prs_only_prs)
[0m00:55:59.895716 [debug] [Thread-2 (]: Began compiling node test.oss_intel.assert_issues_prs_unique
[0m00:55:59.899050 [debug] [Thread-1 (]: On model.oss_intel.int_first_contribution: /* {"app": "dbt", "dbt_version": "1.12.5", "profile_name": "oss_intel", "target_name": "dev", "node_id": "model.oss_intel.int_first_contribution"} */

    

    create  table
      "oss"."main"."int_first_contribution__dbt_tmp"
  
    
    as (
      -- First month each person contributed to each repo.
--
-- LEFT-TRUNCATED: "first" means first observed since the analysis start, not
-- first ever. Someone who contributed in 2019 and returned last month looks
-- like a newcomer. Stated in docs/metrics.md and on the dashboard.
select
    repo_id,
    actor,
    min(contribution_month) as cohort_month
from "oss"."main"."stg_contributions"
group by 1, 2
    );
    
  
[0m00:55:59.899050 [debug] [Thread-3 (]: Finished running node model.oss_intel.dim_repo
[0m00:55:59.899050 [debug] [Thread-4 (]: Began compiling node test.oss_intel.assert_merged_prs_only_prs
[0m00:55:59.901299 [debug] [Thread-2 (]: Writing injected SQL for node "test.oss_intel.assert_issues_prs_unique"
[0m00:55:59.902257 [debug] [Thread-3 (]: Began running node test.oss_intel.assert_no_bots
[0m00:55:59.904257 [debug] [Thread-4 (]: Writing injected SQL for node "test.oss_intel.assert_merged_prs_only_prs"
[0m00:55:59.904257 [info ] [Thread-3 (]: 15 of 39 START test assert_no_bots ............................................. [RUN]
[0m00:55:59.904257 [debug] [Thread-3 (]: Re-using an available connection from the pool (formerly model.oss_intel.dim_repo, now test.oss_intel.assert_no_bots)
[0m00:55:59.907289 [debug] [Thread-3 (]: Began compiling node test.oss_intel.assert_no_bots
[0m00:55:59.909618 [debug] [Thread-3 (]: Writing injected SQL for node "test.oss_intel.assert_no_bots"
[0m00:55:59.910549 [debug] [Thread-4 (]: Began executing node test.oss_intel.assert_merged_prs_only_prs
[0m00:55:59.911556 [debug] [Thread-4 (]: Writing runtime sql for node "test.oss_intel.assert_merged_prs_only_prs"
[0m00:55:59.912556 [debug] [Thread-2 (]: Began executing node test.oss_intel.assert_issues_prs_unique
[0m00:55:59.913555 [debug] [Thread-2 (]: Writing runtime sql for node "test.oss_intel.assert_issues_prs_unique"
[0m00:55:59.914554 [debug] [Thread-4 (]: Using duckdb connection "test.oss_intel.assert_merged_prs_only_prs"
[0m00:55:59.914554 [debug] [Thread-3 (]: Began executing node test.oss_intel.assert_no_bots
[0m00:55:59.915623 [debug] [Thread-4 (]: On test.oss_intel.assert_merged_prs_only_prs: BEGIN
[0m00:55:59.918626 [debug] [Thread-3 (]: Writing runtime sql for node "test.oss_intel.assert_no_bots"
[0m00:55:59.918626 [debug] [Thread-4 (]: Opening a new connection, currently in state closed
[0m00:55:59.918626 [debug] [Thread-2 (]: Using duckdb connection "test.oss_intel.assert_issues_prs_unique"
[0m00:55:59.918626 [debug] [Thread-2 (]: On test.oss_intel.assert_issues_prs_unique: BEGIN
[0m00:55:59.918626 [debug] [Thread-2 (]: Opening a new connection, currently in state closed
[0m00:55:59.918626 [debug] [Thread-3 (]: Using duckdb connection "test.oss_intel.assert_no_bots"
[0m00:55:59.918626 [debug] [Thread-3 (]: On test.oss_intel.assert_no_bots: BEGIN
[0m00:55:59.918626 [debug] [Thread-3 (]: Opening a new connection, currently in state closed
[0m00:55:59.918626 [debug] [Thread-4 (]: SQL status: OK in 0.003 seconds
[0m00:55:59.918626 [debug] [Thread-4 (]: Using duckdb connection "test.oss_intel.assert_merged_prs_only_prs"
[0m00:55:59.918626 [debug] [Thread-4 (]: On test.oss_intel.assert_merged_prs_only_prs: /* {"app": "dbt", "dbt_version": "1.12.5", "profile_name": "oss_intel", "target_name": "dev", "node_id": "test.oss_intel.assert_merged_prs_only_prs"} */

    
    select
      count(*) as failures,
      count(*) != 0 as should_warn,
      count(*) != 0 as should_error
    from (
      
    
  -- merged_at on an issue means the GraphQL flattening leaked a field.
select repo_id, number from "oss"."main"."stg_issues_prs"
where kind = 'issue' and merged_at is not null
  
  
      
    ) dbt_internal_test
[0m00:55:59.918626 [debug] [Thread-2 (]: SQL status: OK in 0.002 seconds
[0m00:55:59.918626 [debug] [Thread-2 (]: Using duckdb connection "test.oss_intel.assert_issues_prs_unique"
[0m00:55:59.924302 [debug] [Thread-2 (]: On test.oss_intel.assert_issues_prs_unique: /* {"app": "dbt", "dbt_version": "1.12.5", "profile_name": "oss_intel", "target_name": "dev", "node_id": "test.oss_intel.assert_issues_prs_unique"} */

    
    select
      count(*) as failures,
      count(*) != 0 as should_warn,
      count(*) != 0 as should_error
    from (
      
    
  -- The deduplication in stg_issues_prs is the single most likely place for a
-- silent bug: a broken window function doubles every count downstream.
select repo_id, kind, number, count(*) as n
from "oss"."main"."stg_issues_prs"
group by 1, 2, 3
having count(*) > 1
  
  
      
    ) dbt_internal_test
[0m00:55:59.918626 [debug] [Thread-3 (]: SQL status: OK in 0.002 seconds
[0m00:55:59.926310 [debug] [Thread-3 (]: Using duckdb connection "test.oss_intel.assert_no_bots"
[0m00:55:59.928369 [debug] [Thread-3 (]: On test.oss_intel.assert_no_bots: /* {"app": "dbt", "dbt_version": "1.12.5", "profile_name": "oss_intel", "target_name": "dev", "node_id": "test.oss_intel.assert_no_bots"} */

    
    select
      count(*) as failures,
      count(*) != 0 as should_warn,
      count(*) != 0 as should_error
    from (
      
    
  -- One bot left in makes every contributor metric wrong.
select actor from "oss"."main"."stg_contributions" where actor like '%[bot]%'
union all
select author from "oss"."main"."stg_issues_prs" where author like '%[bot]%'
  
  
      
    ) dbt_internal_test
[0m00:55:59.979215 [debug] [Thread-4 (]: SQL status: OK in 0.057 seconds
[0m00:55:59.983567 [debug] [Thread-4 (]: On test.oss_intel.assert_merged_prs_only_prs: ROLLBACK
[0m00:55:59.983567 [debug] [Thread-4 (]: On test.oss_intel.assert_merged_prs_only_prs: Close
[0m00:55:59.983567 [info ] [Thread-4 (]: 14 of 39 PASS assert_merged_prs_only_prs ....................................... [[32mPASS[0m in 0.09s]
[0m00:55:59.983567 [debug] [Thread-4 (]: Finished running node test.oss_intel.assert_merged_prs_only_prs
[0m00:55:59.983567 [debug] [Thread-4 (]: Began running node test.oss_intel.assert_response_time_non_negative
[0m00:55:59.983567 [info ] [Thread-4 (]: 16 of 39 START test assert_response_time_non_negative .......................... [RUN]
[0m00:55:59.983567 [debug] [Thread-4 (]: Re-using an available connection from the pool (formerly test.oss_intel.assert_merged_prs_only_prs, now test.oss_intel.assert_response_time_non_negative)
[0m00:55:59.983567 [debug] [Thread-4 (]: Began compiling node test.oss_intel.assert_response_time_non_negative
[0m00:55:59.983567 [debug] [Thread-4 (]: Writing injected SQL for node "test.oss_intel.assert_response_time_non_negative"
[0m00:55:59.983567 [debug] [Thread-2 (]: SQL status: OK in 0.070 seconds
[0m00:55:59.983567 [debug] [Thread-3 (]: SQL status: OK in 0.068 seconds
[0m00:55:59.997498 [debug] [Thread-2 (]: On test.oss_intel.assert_issues_prs_unique: ROLLBACK
[0m00:55:59.999319 [debug] [Thread-3 (]: On test.oss_intel.assert_no_bots: ROLLBACK
[0m00:56:00.000034 [debug] [Thread-4 (]: Began executing node test.oss_intel.assert_response_time_non_negative
[0m00:56:00.000342 [debug] [Thread-2 (]: On test.oss_intel.assert_issues_prs_unique: Close
[0m00:56:00.000342 [debug] [Thread-3 (]: On test.oss_intel.assert_no_bots: Close
[0m00:56:00.002080 [debug] [Thread-4 (]: Writing runtime sql for node "test.oss_intel.assert_response_time_non_negative"
[0m00:56:00.003057 [info ] [Thread-2 (]: 13 of 39 PASS assert_issues_prs_unique ......................................... [[32mPASS[0m in 0.11s]
[0m00:56:00.004059 [debug] [Thread-2 (]: Finished running node test.oss_intel.assert_issues_prs_unique
[0m00:56:00.003057 [info ] [Thread-3 (]: 15 of 39 PASS assert_no_bots ................................................... [[32mPASS[0m in 0.10s]
[0m00:56:00.004059 [debug] [Thread-2 (]: Began running node test.oss_intel.not_null_stg_issues_prs_author.3c12ab4fb3
[0m00:56:00.004059 [debug] [Thread-3 (]: Finished running node test.oss_intel.assert_no_bots
[0m00:56:00.004059 [debug] [Thread-4 (]: Using duckdb connection "test.oss_intel.assert_response_time_non_negative"
[0m00:56:00.004059 [debug] [Thread-3 (]: Began running node test.oss_intel.not_null_stg_issues_prs_repo_id.e0163b2181
[0m00:56:00.004059 [info ] [Thread-2 (]: 17 of 39 START test not_null_stg_issues_prs_author ............................. [RUN]
[0m00:56:00.004059 [debug] [Thread-4 (]: On test.oss_intel.assert_response_time_non_negative: BEGIN
[0m00:56:00.007306 [debug] [Thread-2 (]: Re-using an available connection from the pool (formerly test.oss_intel.assert_issues_prs_unique, now test.oss_intel.not_null_stg_issues_prs_author.3c12ab4fb3)
[0m00:56:00.004059 [info ] [Thread-3 (]: 18 of 39 START test not_null_stg_issues_prs_repo_id ............................ [RUN]
[0m00:56:00.007306 [debug] [Thread-4 (]: Opening a new connection, currently in state closed
[0m00:56:00.007306 [debug] [Thread-2 (]: Began compiling node test.oss_intel.not_null_stg_issues_prs_author.3c12ab4fb3
[0m00:56:00.008313 [debug] [Thread-3 (]: Re-using an available connection from the pool (formerly test.oss_intel.assert_no_bots, now test.oss_intel.not_null_stg_issues_prs_repo_id.e0163b2181)
[0m00:56:00.014205 [debug] [Thread-2 (]: Writing injected SQL for node "test.oss_intel.not_null_stg_issues_prs_author.3c12ab4fb3"
[0m00:56:00.015611 [debug] [Thread-3 (]: Began compiling node test.oss_intel.not_null_stg_issues_prs_repo_id.e0163b2181
[0m00:56:00.016498 [debug] [Thread-4 (]: SQL status: OK in 0.009 seconds
[0m00:56:00.016498 [debug] [Thread-3 (]: Writing injected SQL for node "test.oss_intel.not_null_stg_issues_prs_repo_id.e0163b2181"
[0m00:56:00.016498 [debug] [Thread-4 (]: Using duckdb connection "test.oss_intel.assert_response_time_non_negative"
[0m00:56:00.016498 [debug] [Thread-4 (]: On test.oss_intel.assert_response_time_non_negative: /* {"app": "dbt", "dbt_version": "1.12.5", "profile_name": "oss_intel", "target_name": "dev", "node_id": "test.oss_intel.assert_response_time_non_negative"} */

    
    select
      count(*) as failures,
      count(*) != 0 as should_warn,
      count(*) != 0 as should_error
    from (
      
    
  -- A negative response time means a reply landed before the issue was opened -
-- always a timezone or join bug.
select repo_id, kind, number, response_hours
from "oss"."main"."stg_issues_prs" where response_hours < 0
  
  
      
    ) dbt_internal_test
[0m00:56:00.016498 [debug] [Thread-2 (]: Began executing node test.oss_intel.not_null_stg_issues_prs_author.3c12ab4fb3
[0m00:56:00.023942 [debug] [Thread-2 (]: Writing runtime sql for node "test.oss_intel.not_null_stg_issues_prs_author.3c12ab4fb3"
[0m00:56:00.024954 [debug] [Thread-3 (]: Began executing node test.oss_intel.not_null_stg_issues_prs_repo_id.e0163b2181
[0m00:56:00.026954 [debug] [Thread-3 (]: Writing runtime sql for node "test.oss_intel.not_null_stg_issues_prs_repo_id.e0163b2181"
[0m00:56:00.026954 [debug] [Thread-2 (]: Using duckdb connection "test.oss_intel.not_null_stg_issues_prs_author.3c12ab4fb3"
[0m00:56:00.027948 [debug] [Thread-2 (]: On test.oss_intel.not_null_stg_issues_prs_author.3c12ab4fb3: BEGIN
[0m00:56:00.027948 [debug] [Thread-2 (]: Opening a new connection, currently in state closed
[0m00:56:00.028947 [debug] [Thread-3 (]: Using duckdb connection "test.oss_intel.not_null_stg_issues_prs_repo_id.e0163b2181"
[0m00:56:00.028947 [debug] [Thread-2 (]: SQL status: OK in 0.001 seconds
[0m00:56:00.029949 [debug] [Thread-3 (]: On test.oss_intel.not_null_stg_issues_prs_repo_id.e0163b2181: BEGIN
[0m00:56:00.029949 [debug] [Thread-2 (]: Using duckdb connection "test.oss_intel.not_null_stg_issues_prs_author.3c12ab4fb3"
[0m00:56:00.030948 [debug] [Thread-3 (]: Opening a new connection, currently in state closed
[0m00:56:00.030948 [debug] [Thread-2 (]: On test.oss_intel.not_null_stg_issues_prs_author.3c12ab4fb3: /* {"app": "dbt", "dbt_version": "1.12.5", "profile_name": "oss_intel", "target_name": "dev", "node_id": "test.oss_intel.not_null_stg_issues_prs_author.3c12ab4fb3"} */

    
    select
      count(*) as failures,
      count(*) != 0 as should_warn,
      count(*) != 0 as should_error
    from (
      
    
  
    
    



select author
from "oss"."main"."stg_issues_prs"
where author is null



  
  
      
    ) dbt_internal_test
[0m00:56:00.032100 [debug] [Thread-3 (]: SQL status: OK in 0.001 seconds
[0m00:56:00.033100 [debug] [Thread-3 (]: Using duckdb connection "test.oss_intel.not_null_stg_issues_prs_repo_id.e0163b2181"
[0m00:56:00.033100 [debug] [Thread-3 (]: On test.oss_intel.not_null_stg_issues_prs_repo_id.e0163b2181: /* {"app": "dbt", "dbt_version": "1.12.5", "profile_name": "oss_intel", "target_name": "dev", "node_id": "test.oss_intel.not_null_stg_issues_prs_repo_id.e0163b2181"} */

    
    select
      count(*) as failures,
      count(*) != 0 as should_warn,
      count(*) != 0 as should_error
    from (
      
    
  
    
    



select repo_id
from "oss"."main"."stg_issues_prs"
where repo_id is null



  
  
      
    ) dbt_internal_test
[0m00:56:00.033938 [debug] [Thread-3 (]: SQL status: OK in 0.005 seconds
[0m00:56:00.040644 [debug] [Thread-3 (]: On test.oss_intel.not_null_stg_issues_prs_repo_id.e0163b2181: ROLLBACK
[0m00:56:00.042939 [debug] [Thread-3 (]: On test.oss_intel.not_null_stg_issues_prs_repo_id.e0163b2181: Close
[0m00:56:00.045944 [info ] [Thread-3 (]: 18 of 39 PASS not_null_stg_issues_prs_repo_id .................................. [[32mPASS[0m in 0.04s]
[0m00:56:00.046940 [debug] [Thread-3 (]: Finished running node test.oss_intel.not_null_stg_issues_prs_repo_id.e0163b2181
[0m00:56:00.047938 [debug] [Thread-3 (]: Began running node test.oss_intel.accepted_values_dim_repo_criticality_tier__tier_1__tier_2__tier_3.6d8e0235a5
[0m00:56:00.047938 [info ] [Thread-3 (]: 19 of 39 START test accepted_values_dim_repo_criticality_tier__tier_1__tier_2__tier_3  [RUN]
[0m00:56:00.050400 [debug] [Thread-3 (]: Re-using an available connection from the pool (formerly test.oss_intel.not_null_stg_issues_prs_repo_id.e0163b2181, now test.oss_intel.accepted_values_dim_repo_criticality_tier__tier_1__tier_2__tier_3.6d8e0235a5)
[0m00:56:00.051399 [debug] [Thread-3 (]: Began compiling node test.oss_intel.accepted_values_dim_repo_criticality_tier__tier_1__tier_2__tier_3.6d8e0235a5
[0m00:56:00.091276 [debug] [Thread-4 (]: SQL status: OK in 0.068 seconds
[0m00:56:00.097470 [debug] [Thread-3 (]: Writing injected SQL for node "test.oss_intel.accepted_values_dim_repo_criticality_tier__tier_1__tier_2__tier_3.6d8e0235a5"
[0m00:56:00.097470 [debug] [Thread-2 (]: SQL status: OK in 0.066 seconds
[0m00:56:00.098471 [debug] [Thread-3 (]: Began executing node test.oss_intel.accepted_values_dim_repo_criticality_tier__tier_1__tier_2__tier_3.6d8e0235a5
[0m00:56:00.099470 [debug] [Thread-3 (]: Writing runtime sql for node "test.oss_intel.accepted_values_dim_repo_criticality_tier__tier_1__tier_2__tier_3.6d8e0235a5"
[0m00:56:00.099470 [debug] [Thread-2 (]: On test.oss_intel.not_null_stg_issues_prs_author.3c12ab4fb3: ROLLBACK
[0m00:56:00.099470 [debug] [Thread-4 (]: On test.oss_intel.assert_response_time_non_negative: ROLLBACK
[0m00:56:00.099470 [debug] [Thread-2 (]: On test.oss_intel.not_null_stg_issues_prs_author.3c12ab4fb3: Close
[0m00:56:00.099470 [debug] [Thread-4 (]: On test.oss_intel.assert_response_time_non_negative: Close
[0m00:56:00.099470 [debug] [Thread-3 (]: Using duckdb connection "test.oss_intel.accepted_values_dim_repo_criticality_tier__tier_1__tier_2__tier_3.6d8e0235a5"
[0m00:56:00.099470 [debug] [Thread-3 (]: On test.oss_intel.accepted_values_dim_repo_criticality_tier__tier_1__tier_2__tier_3.6d8e0235a5: BEGIN
[0m00:56:00.099470 [info ] [Thread-2 (]: 17 of 39 PASS not_null_stg_issues_prs_author ................................... [[32mPASS[0m in 0.10s]
[0m00:56:00.099470 [debug] [Thread-3 (]: Opening a new connection, currently in state closed
[0m00:56:00.099470 [debug] [Thread-2 (]: Finished running node test.oss_intel.not_null_stg_issues_prs_author.3c12ab4fb3
[0m00:56:00.099470 [info ] [Thread-4 (]: 16 of 39 PASS assert_response_time_non_negative ................................ [[32mPASS[0m in 0.12s]
[0m00:56:00.099470 [debug] [Thread-2 (]: Began running node test.oss_intel.not_null_dim_repo_repo_id.5882758698
[0m00:56:00.099470 [debug] [Thread-4 (]: Finished running node test.oss_intel.assert_response_time_non_negative
[0m00:56:00.099470 [debug] [Thread-3 (]: SQL status: OK in 0.003 seconds
[0m00:56:00.099470 [debug] [Thread-4 (]: Began running node test.oss_intel.unique_dim_repo_repo_id.25d01fb4bd
[0m00:56:00.099470 [info ] [Thread-2 (]: 20 of 39 START test not_null_dim_repo_repo_id .................................. [RUN]
[0m00:56:00.099470 [debug] [Thread-3 (]: Using duckdb connection "test.oss_intel.accepted_values_dim_repo_criticality_tier__tier_1__tier_2__tier_3.6d8e0235a5"
[0m00:56:00.099470 [debug] [Thread-2 (]: Re-using an available connection from the pool (formerly test.oss_intel.not_null_stg_issues_prs_author.3c12ab4fb3, now test.oss_intel.not_null_dim_repo_repo_id.5882758698)
[0m00:56:00.099470 [info ] [Thread-4 (]: 21 of 39 START test unique_dim_repo_repo_id .................................... [RUN]
[0m00:56:00.099470 [debug] [Thread-3 (]: On test.oss_intel.accepted_values_dim_repo_criticality_tier__tier_1__tier_2__tier_3.6d8e0235a5: /* {"app": "dbt", "dbt_version": "1.12.5", "profile_name": "oss_intel", "target_name": "dev", "node_id": "test.oss_intel.accepted_values_dim_repo_criticality_tier__tier_1__tier_2__tier_3.6d8e0235a5"} */

    
    select
      count(*) as failures,
      count(*) != 0 as should_warn,
      count(*) != 0 as should_error
    from (
      
    
  
    
    

with all_values as (

    select
        criticality_tier as value_field,
        count(*) as n_records

    from "oss"."main"."dim_repo"
    group by criticality_tier

)

select *
from all_values
where value_field not in (
    'tier_1','tier_2','tier_3'
)



  
  
      
    ) dbt_internal_test
[0m00:56:00.113394 [debug] [Thread-2 (]: Began compiling node test.oss_intel.not_null_dim_repo_repo_id.5882758698
[0m00:56:00.113394 [debug] [Thread-4 (]: Re-using an available connection from the pool (formerly test.oss_intel.assert_response_time_non_negative, now test.oss_intel.unique_dim_repo_repo_id.25d01fb4bd)
[0m00:56:00.121111 [debug] [Thread-2 (]: Writing injected SQL for node "test.oss_intel.not_null_dim_repo_repo_id.5882758698"
[0m00:56:00.121111 [debug] [Thread-1 (]: SQL status: OK in 0.220 seconds
[0m00:56:00.121111 [debug] [Thread-4 (]: Began compiling node test.oss_intel.unique_dim_repo_repo_id.25d01fb4bd
[0m00:56:00.121111 [debug] [Thread-3 (]: SQL status: OK in 0.008 seconds
[0m00:56:00.121111 [debug] [Thread-1 (]: Using duckdb connection "model.oss_intel.int_first_contribution"
[0m00:56:00.128946 [debug] [Thread-4 (]: Writing injected SQL for node "test.oss_intel.unique_dim_repo_repo_id.25d01fb4bd"
[0m00:56:00.129946 [debug] [Thread-1 (]: On model.oss_intel.int_first_contribution: /* {"app": "dbt", "dbt_version": "1.12.5", "profile_name": "oss_intel", "target_name": "dev", "node_id": "model.oss_intel.int_first_contribution"} */

    SELECT index_name
    FROM duckdb_indexes()
    WHERE database_name = 'oss'
      AND schema_name = 'main'
      AND table_name = 'int_first_contribution'
  
[0m00:56:00.130943 [debug] [Thread-3 (]: On test.oss_intel.accepted_values_dim_repo_criticality_tier__tier_1__tier_2__tier_3.6d8e0235a5: ROLLBACK
[0m00:56:00.130943 [debug] [Thread-2 (]: Began executing node test.oss_intel.not_null_dim_repo_repo_id.5882758698
[0m00:56:00.133222 [debug] [Thread-2 (]: Writing runtime sql for node "test.oss_intel.not_null_dim_repo_repo_id.5882758698"
[0m00:56:00.134133 [debug] [Thread-3 (]: On test.oss_intel.accepted_values_dim_repo_criticality_tier__tier_1__tier_2__tier_3.6d8e0235a5: Close
[0m00:56:00.134133 [debug] [Thread-1 (]: SQL status: OK in 0.002 seconds
[0m00:56:00.134133 [debug] [Thread-4 (]: Began executing node test.oss_intel.unique_dim_repo_repo_id.25d01fb4bd
[0m00:56:00.137317 [debug] [Thread-1 (]: Using duckdb connection "model.oss_intel.int_first_contribution"
[0m00:56:00.137317 [debug] [Thread-4 (]: Writing runtime sql for node "test.oss_intel.unique_dim_repo_repo_id.25d01fb4bd"
[0m00:56:00.134133 [info ] [Thread-3 (]: 19 of 39 PASS accepted_values_dim_repo_criticality_tier__tier_1__tier_2__tier_3  [[32mPASS[0m in 0.08s]
[0m00:56:00.137317 [debug] [Thread-1 (]: On model.oss_intel.int_first_contribution: /* {"app": "dbt", "dbt_version": "1.12.5", "profile_name": "oss_intel", "target_name": "dev", "node_id": "model.oss_intel.int_first_contribution"} */
alter table "oss"."main"."int_first_contribution" rename to "int_first_contribution__dbt_backup"
[0m00:56:00.140594 [debug] [Thread-2 (]: Using duckdb connection "test.oss_intel.not_null_dim_repo_repo_id.5882758698"
[0m00:56:00.140594 [debug] [Thread-3 (]: Finished running node test.oss_intel.accepted_values_dim_repo_criticality_tier__tier_1__tier_2__tier_3.6d8e0235a5
[0m00:56:00.141607 [debug] [Thread-2 (]: On test.oss_intel.not_null_dim_repo_repo_id.5882758698: BEGIN
[0m00:56:00.141607 [debug] [Thread-3 (]: Began running node model.oss_intel.fct_source_fidelity
[0m00:56:00.141607 [debug] [Thread-1 (]: SQL status: OK in 0.001 seconds
[0m00:56:00.141607 [debug] [Thread-2 (]: Opening a new connection, currently in state closed
[0m00:56:00.141607 [debug] [Thread-4 (]: Using duckdb connection "test.oss_intel.unique_dim_repo_repo_id.25d01fb4bd"
[0m00:56:00.144730 [debug] [Thread-1 (]: Using duckdb connection "model.oss_intel.int_first_contribution"
[0m00:56:00.141607 [info ] [Thread-3 (]: 22 of 39 START sql table model main.fct_source_fidelity ........................ [RUN]
[0m00:56:00.144730 [debug] [Thread-4 (]: On test.oss_intel.unique_dim_repo_repo_id.25d01fb4bd: BEGIN
[0m00:56:00.145739 [debug] [Thread-1 (]: On model.oss_intel.int_first_contribution: /* {"app": "dbt", "dbt_version": "1.12.5", "profile_name": "oss_intel", "target_name": "dev", "node_id": "model.oss_intel.int_first_contribution"} */
alter table "oss"."main"."int_first_contribution__dbt_tmp" rename to "int_first_contribution"
[0m00:56:00.145739 [debug] [Thread-2 (]: SQL status: OK in 0.004 seconds
[0m00:56:00.145739 [debug] [Thread-3 (]: Re-using an available connection from the pool (formerly test.oss_intel.accepted_values_dim_repo_criticality_tier__tier_1__tier_2__tier_3.6d8e0235a5, now model.oss_intel.fct_source_fidelity)
[0m00:56:00.146737 [debug] [Thread-4 (]: Opening a new connection, currently in state closed
[0m00:56:00.146737 [debug] [Thread-2 (]: Using duckdb connection "test.oss_intel.not_null_dim_repo_repo_id.5882758698"
[0m00:56:00.146737 [debug] [Thread-3 (]: Began compiling node model.oss_intel.fct_source_fidelity
[0m00:56:00.147737 [debug] [Thread-1 (]: SQL status: OK in 0.001 seconds
[0m00:56:00.147737 [debug] [Thread-2 (]: On test.oss_intel.not_null_dim_repo_repo_id.5882758698: /* {"app": "dbt", "dbt_version": "1.12.5", "profile_name": "oss_intel", "target_name": "dev", "node_id": "test.oss_intel.not_null_dim_repo_repo_id.5882758698"} */

    
    select
      count(*) as failures,
      count(*) != 0 as should_warn,
      count(*) != 0 as should_error
    from (
      
    
  
    
    



select repo_id
from "oss"."main"."dim_repo"
where repo_id is null



  
  
      
    ) dbt_internal_test
[0m00:56:00.149746 [debug] [Thread-3 (]: Writing injected SQL for node "model.oss_intel.fct_source_fidelity"
[0m00:56:00.150271 [debug] [Thread-4 (]: SQL status: OK in 0.003 seconds
[0m00:56:00.150271 [debug] [Thread-1 (]: On model.oss_intel.int_first_contribution: COMMIT
[0m00:56:00.150271 [debug] [Thread-4 (]: Using duckdb connection "test.oss_intel.unique_dim_repo_repo_id.25d01fb4bd"
[0m00:56:00.150271 [debug] [Thread-1 (]: Using duckdb connection "model.oss_intel.int_first_contribution"
[0m00:56:00.150271 [debug] [Thread-4 (]: On test.oss_intel.unique_dim_repo_repo_id.25d01fb4bd: /* {"app": "dbt", "dbt_version": "1.12.5", "profile_name": "oss_intel", "target_name": "dev", "node_id": "test.oss_intel.unique_dim_repo_repo_id.25d01fb4bd"} */

    
    select
      count(*) as failures,
      count(*) != 0 as should_warn,
      count(*) != 0 as should_error
    from (
      
    
  
    
    

select
    repo_id as unique_field,
    count(*) as n_records

from "oss"."main"."dim_repo"
where repo_id is not null
group by repo_id
having count(*) > 1



  
  
      
    ) dbt_internal_test
[0m00:56:00.150271 [debug] [Thread-2 (]: SQL status: OK in 0.001 seconds
[0m00:56:00.150271 [debug] [Thread-1 (]: On model.oss_intel.int_first_contribution: COMMIT
[0m00:56:00.150271 [debug] [Thread-3 (]: Began executing node model.oss_intel.fct_source_fidelity
[0m00:56:00.150271 [debug] [Thread-2 (]: On test.oss_intel.not_null_dim_repo_repo_id.5882758698: ROLLBACK
[0m00:56:00.157241 [debug] [Thread-3 (]: Writing runtime sql for node "model.oss_intel.fct_source_fidelity"
[0m00:56:00.158031 [debug] [Thread-4 (]: SQL status: OK in 0.004 seconds
[0m00:56:00.158031 [debug] [Thread-2 (]: On test.oss_intel.not_null_dim_repo_repo_id.5882758698: Close
[0m00:56:00.159586 [debug] [Thread-4 (]: On test.oss_intel.unique_dim_repo_repo_id.25d01fb4bd: ROLLBACK
[0m00:56:00.160591 [debug] [Thread-1 (]: SQL status: OK in 0.005 seconds
[0m00:56:00.160591 [info ] [Thread-2 (]: 20 of 39 PASS not_null_dim_repo_repo_id ........................................ [[32mPASS[0m in 0.06s]
[0m00:56:00.161591 [debug] [Thread-1 (]: Using duckdb connection "model.oss_intel.int_first_contribution"
[0m00:56:00.162589 [debug] [Thread-4 (]: On test.oss_intel.unique_dim_repo_repo_id.25d01fb4bd: Close
[0m00:56:00.162589 [debug] [Thread-2 (]: Finished running node test.oss_intel.not_null_dim_repo_repo_id.5882758698
[0m00:56:00.162589 [debug] [Thread-1 (]: On model.oss_intel.int_first_contribution: /* {"app": "dbt", "dbt_version": "1.12.5", "profile_name": "oss_intel", "target_name": "dev", "node_id": "model.oss_intel.int_first_contribution"} */

      drop table if exists "oss"."main"."int_first_contribution__dbt_backup" cascade
    
[0m00:56:00.163590 [debug] [Thread-3 (]: Using duckdb connection "model.oss_intel.fct_source_fidelity"
[0m00:56:00.163590 [debug] [Thread-2 (]: Began running node model.oss_intel.int_labeled_issues
[0m00:56:00.163590 [info ] [Thread-4 (]: 21 of 39 PASS unique_dim_repo_repo_id .......................................... [[32mPASS[0m in 0.05s]
[0m00:56:00.164607 [debug] [Thread-3 (]: On model.oss_intel.fct_source_fidelity: BEGIN
[0m00:56:00.165524 [debug] [Thread-4 (]: Finished running node test.oss_intel.unique_dim_repo_repo_id.25d01fb4bd
[0m00:56:00.164607 [info ] [Thread-2 (]: 23 of 39 START sql table model main.int_labeled_issues ......................... [RUN]
[0m00:56:00.165524 [debug] [Thread-1 (]: SQL status: OK in 0.001 seconds
[0m00:56:00.166529 [debug] [Thread-3 (]: Opening a new connection, currently in state closed
[0m00:56:00.166529 [debug] [Thread-4 (]: Began running node model.oss_intel.int_merged_prs
[0m00:56:00.167249 [debug] [Thread-2 (]: Re-using an available connection from the pool (formerly test.oss_intel.not_null_dim_repo_repo_id.5882758698, now model.oss_intel.int_labeled_issues)
[0m00:56:00.167249 [debug] [Thread-1 (]: On model.oss_intel.int_first_contribution: Close
[0m00:56:00.170264 [debug] [Thread-2 (]: Began compiling node model.oss_intel.int_labeled_issues
[0m00:56:00.170786 [debug] [Thread-3 (]: SQL status: OK in 0.004 seconds
[0m00:56:00.170264 [info ] [Thread-4 (]: 24 of 39 START sql table model main.int_merged_prs ............................. [RUN]
[0m00:56:00.170786 [debug] [Thread-1 (]: Sending event: {'category': 'dbt', 'action': 'run_model', 'label': 'fa3af696-a60e-4348-ae78-945b3e666608', 'context': [<snowplow_tracker.self_describing_json.SelfDescribingJson object at 0x00000223FD856F30>]}
[0m00:56:00.172931 [debug] [Thread-2 (]: Writing injected SQL for node "model.oss_intel.int_labeled_issues"
[0m00:56:00.172931 [debug] [Thread-3 (]: Using duckdb connection "model.oss_intel.fct_source_fidelity"
[0m00:56:00.173919 [debug] [Thread-4 (]: Re-using an available connection from the pool (formerly test.oss_intel.unique_dim_repo_repo_id.25d01fb4bd, now model.oss_intel.int_merged_prs)
[0m00:56:00.173919 [info ] [Thread-1 (]: 12 of 39 OK created sql table model main.int_first_contribution ................ [[32mOK[0m in 0.30s]
[0m00:56:00.174921 [debug] [Thread-3 (]: On model.oss_intel.fct_source_fidelity: /* {"app": "dbt", "dbt_version": "1.12.5", "profile_name": "oss_intel", "target_name": "dev", "node_id": "model.oss_intel.fct_source_fidelity"} */

    

    create  table
      "oss"."main"."fct_source_fidelity__dbt_tmp"
  
    
    as (
      -- Dashboard exhibit, not a metric: GH Archive against the authoritative API,
-- month by month. This is the evidence behind ADR 0002 and it belongs on the
-- methodology dashboard rather than in a footnote.
with archive as (

    select
        date_trunc('month', event_date) as month_start,
        sum(event_count)                as archive_events
    from "oss"."main"."stg_gharchive"
    group by 1

),

api as (

    select
        date_trunc('month', created_at) as month_start,
        count(*)                        as api_items_created
    from "oss"."main"."stg_issues_prs"
    where in_window
    group by 1

)

select
    coalesce(a.month_start, b.month_start) as month_start,
    a.archive_events,
    b.api_items_created,
    a.archive_events * 1.0 / nullif(b.api_items_created, 0) as archive_to_api_ratio
from archive a
full outer join api b on a.month_start = b.month_start
order by 1
    );
    
  
[0m00:56:00.174921 [debug] [Thread-4 (]: Began compiling node model.oss_intel.int_merged_prs
[0m00:56:00.175565 [debug] [Thread-1 (]: Finished running node model.oss_intel.int_first_contribution
[0m00:56:00.177887 [debug] [Thread-4 (]: Writing injected SQL for node "model.oss_intel.int_merged_prs"
[0m00:56:00.178893 [debug] [Thread-2 (]: Began executing node model.oss_intel.int_labeled_issues
[0m00:56:00.178893 [debug] [Thread-1 (]: Began running node model.oss_intel.fct_contributor_cohorts
[0m00:56:00.181899 [debug] [Thread-2 (]: Writing runtime sql for node "model.oss_intel.int_labeled_issues"
[0m00:56:00.181899 [info ] [Thread-1 (]: 25 of 39 START sql table model main.fct_contributor_cohorts .................... [RUN]
[0m00:56:00.182893 [debug] [Thread-1 (]: Re-using an available connection from the pool (formerly model.oss_intel.int_first_contribution, now model.oss_intel.fct_contributor_cohorts)
[0m00:56:00.182893 [debug] [Thread-1 (]: Began compiling node model.oss_intel.fct_contributor_cohorts
[0m00:56:00.185861 [debug] [Thread-1 (]: Writing injected SQL for node "model.oss_intel.fct_contributor_cohorts"
[0m00:56:00.185861 [debug] [Thread-2 (]: Using duckdb connection "model.oss_intel.int_labeled_issues"
[0m00:56:00.187871 [debug] [Thread-2 (]: On model.oss_intel.int_labeled_issues: BEGIN
[0m00:56:00.187871 [debug] [Thread-2 (]: Opening a new connection, currently in state closed
[0m00:56:00.189880 [debug] [Thread-4 (]: Began executing node model.oss_intel.int_merged_prs
[0m00:56:00.194606 [debug] [Thread-4 (]: Writing runtime sql for node "model.oss_intel.int_merged_prs"
[0m00:56:00.195949 [debug] [Thread-2 (]: SQL status: OK in 0.007 seconds
[0m00:56:00.195949 [debug] [Thread-2 (]: Using duckdb connection "model.oss_intel.int_labeled_issues"
[0m00:56:00.197039 [debug] [Thread-2 (]: On model.oss_intel.int_labeled_issues: /* {"app": "dbt", "dbt_version": "1.12.5", "profile_name": "oss_intel", "target_name": "dev", "node_id": "model.oss_intel.int_labeled_issues"} */

    

    create  table
      "oss"."main"."int_labeled_issues__dbt_tmp"
  
    
    as (
      -- Labels are a per-project vocabulary: "bug", "type: bug", "kind/bug",
-- "defect". seeds/label_map.csv normalises them. Unmapped labels are dropped
-- rather than guessed - a project that does not label bugs shows zero, which
-- is why the dashboard pairs bug counts with total open issues.
with exploded as (

    select
        i.repo_id,
        i.number,
        i.kind,
        i.created_at,
        i.closed_at,
        i.state,
        trim(lower(label)) as raw_label
    from "oss"."main"."stg_issues_prs" i,
         unnest(string_split(i.labels, '|')) as t(label)
    where i.labels <> ''

)

select distinct
    e.repo_id,
    e.number,
    e.kind,
    e.created_at,
    e.closed_at,
    e.state,
    m.normalized_label
from exploded e
join "oss"."main"."label_map" m
  on e.raw_label = lower(m.raw_label_pattern)
    );
    
  
[0m00:56:00.197039 [debug] [Thread-1 (]: Began executing node model.oss_intel.fct_contributor_cohorts
[0m00:56:00.200305 [debug] [Thread-1 (]: Writing runtime sql for node "model.oss_intel.fct_contributor_cohorts"
[0m00:56:00.203709 [debug] [Thread-1 (]: Using duckdb connection "model.oss_intel.fct_contributor_cohorts"
[0m00:56:00.203709 [debug] [Thread-1 (]: On model.oss_intel.fct_contributor_cohorts: BEGIN
[0m00:56:00.203709 [debug] [Thread-1 (]: Opening a new connection, currently in state closed
[0m00:56:00.205717 [debug] [Thread-1 (]: SQL status: OK in 0.001 seconds
[0m00:56:00.205717 [debug] [Thread-1 (]: Using duckdb connection "model.oss_intel.fct_contributor_cohorts"
[0m00:56:00.205717 [debug] [Thread-1 (]: On model.oss_intel.fct_contributor_cohorts: /* {"app": "dbt", "dbt_version": "1.12.5", "profile_name": "oss_intel", "target_name": "dev", "node_id": "model.oss_intel.fct_contributor_cohorts"} */

    

    create  table
      "oss"."main"."fct_contributor_cohorts__dbt_tmp"
  
    
    as (
      -- Retention triangle. Of the people whose first observed contribution to a
-- repo fell in month M, how many were active again N months later?
--
-- Total contributor count is a vanity metric - it rises with any attention.
-- Retention says whether a project turns newcomers into regulars, which is
-- what determines survival past the current maintainers.
with cohort_size as (

    select repo_id, cohort_month, count(distinct actor) as cohort_contributors
    from "oss"."main"."int_first_contribution"
    group by 1, 2

),

activity as (

    select
        f.repo_id,
        f.cohort_month,
        f.actor,
        date_diff('month', f.cohort_month, c.contribution_month) as months_since
    from "oss"."main"."int_first_contribution" f
    join "oss"."main"."stg_contributions" c
      on f.repo_id = c.repo_id and f.actor = c.actor
    where c.contribution_month > f.cohort_month

)

select
    a.repo_id,
    a.cohort_month,
    a.months_since,
    s.cohort_contributors,
    count(distinct a.actor)                                           as retained_contributors,
    count(distinct a.actor) * 1.0 / nullif(s.cohort_contributors, 0)  as retention_rate
from activity a
join cohort_size s
  on a.repo_id = s.repo_id and a.cohort_month = s.cohort_month
where a.months_since between 1 and 12
group by 1, 2, 3, 4
    );
    
  
[0m00:56:00.210271 [debug] [Thread-4 (]: Using duckdb connection "model.oss_intel.int_merged_prs"
[0m00:56:00.210271 [debug] [Thread-4 (]: On model.oss_intel.int_merged_prs: BEGIN
[0m00:56:00.211328 [debug] [Thread-4 (]: Opening a new connection, currently in state closed
[0m00:56:00.213270 [debug] [Thread-4 (]: SQL status: OK in 0.002 seconds
[0m00:56:00.214269 [debug] [Thread-4 (]: Using duckdb connection "model.oss_intel.int_merged_prs"
[0m00:56:00.214269 [debug] [Thread-4 (]: On model.oss_intel.int_merged_prs: /* {"app": "dbt", "dbt_version": "1.12.5", "profile_name": "oss_intel", "target_name": "dev", "node_id": "model.oss_intel.int_merged_prs"} */

    

    create  table
      "oss"."main"."int_merged_prs__dbt_tmp"
  
    
    as (
      -- Merged PRs only, inside the analysis window.
-- The window filter matters: pagination was by updated_at, so pre-window items
-- present in the raw data are only those touched recently - a biased sample.
select
    repo_id,
    author,
    number,
    created_at,
    merged_at,
    date_trunc('month', merged_at)            as merged_month,
    date_diff('hour', created_at, merged_at)  as time_to_merge_hours
from "oss"."main"."stg_issues_prs"
where kind = 'pr'
  and merged_at is not null
  and merged_at >= timestamp '2025-10-01'
    );
    
  
[0m00:56:00.235864 [debug] [Thread-3 (]: SQL status: OK in 0.060 seconds
[0m00:56:00.241640 [debug] [Thread-3 (]: Using duckdb connection "model.oss_intel.fct_source_fidelity"
[0m00:56:00.242317 [debug] [Thread-3 (]: On model.oss_intel.fct_source_fidelity: /* {"app": "dbt", "dbt_version": "1.12.5", "profile_name": "oss_intel", "target_name": "dev", "node_id": "model.oss_intel.fct_source_fidelity"} */
alter table "oss"."main"."fct_source_fidelity__dbt_tmp" rename to "fct_source_fidelity"
[0m00:56:00.244329 [debug] [Thread-3 (]: SQL status: OK in 0.001 seconds
[0m00:56:00.244329 [debug] [Thread-3 (]: On model.oss_intel.fct_source_fidelity: COMMIT
[0m00:56:00.244329 [debug] [Thread-3 (]: Using duckdb connection "model.oss_intel.fct_source_fidelity"
[0m00:56:00.244329 [debug] [Thread-3 (]: On model.oss_intel.fct_source_fidelity: COMMIT
[0m00:56:00.249771 [debug] [Thread-3 (]: SQL status: OK in 0.002 seconds
[0m00:56:00.252268 [debug] [Thread-3 (]: Using duckdb connection "model.oss_intel.fct_source_fidelity"
[0m00:56:00.252268 [debug] [Thread-3 (]: On model.oss_intel.fct_source_fidelity: /* {"app": "dbt", "dbt_version": "1.12.5", "profile_name": "oss_intel", "target_name": "dev", "node_id": "model.oss_intel.fct_source_fidelity"} */

      drop table if exists "oss"."main"."fct_source_fidelity__dbt_backup" cascade
    
[0m00:56:00.255485 [debug] [Thread-3 (]: SQL status: OK in 0.001 seconds
[0m00:56:00.257951 [debug] [Thread-3 (]: On model.oss_intel.fct_source_fidelity: Close
[0m00:56:00.257951 [debug] [Thread-3 (]: Sending event: {'category': 'dbt', 'action': 'run_model', 'label': 'fa3af696-a60e-4348-ae78-945b3e666608', 'context': [<snowplow_tracker.self_describing_json.SelfDescribingJson object at 0x00000223FD7FF440>]}
[0m00:56:00.259961 [info ] [Thread-3 (]: 22 of 39 OK created sql table model main.fct_source_fidelity ................... [[32mOK[0m in 0.11s]
[0m00:56:00.261968 [debug] [Thread-3 (]: Finished running node model.oss_intel.fct_source_fidelity
[0m00:56:00.273268 [debug] [Thread-4 (]: SQL status: OK in 0.057 seconds
[0m00:56:00.278712 [debug] [Thread-4 (]: Using duckdb connection "model.oss_intel.int_merged_prs"
[0m00:56:00.279462 [debug] [Thread-4 (]: On model.oss_intel.int_merged_prs: /* {"app": "dbt", "dbt_version": "1.12.5", "profile_name": "oss_intel", "target_name": "dev", "node_id": "model.oss_intel.int_merged_prs"} */
alter table "oss"."main"."int_merged_prs__dbt_tmp" rename to "int_merged_prs"
[0m00:56:00.282867 [debug] [Thread-4 (]: SQL status: OK in 0.004 seconds
[0m00:56:00.282867 [debug] [Thread-4 (]: On model.oss_intel.int_merged_prs: COMMIT
[0m00:56:00.282867 [debug] [Thread-4 (]: Using duckdb connection "model.oss_intel.int_merged_prs"
[0m00:56:00.282867 [debug] [Thread-4 (]: On model.oss_intel.int_merged_prs: COMMIT
[0m00:56:00.311861 [debug] [Thread-4 (]: SQL status: OK in 0.026 seconds
[0m00:56:00.311861 [debug] [Thread-4 (]: Using duckdb connection "model.oss_intel.int_merged_prs"
[0m00:56:00.311861 [debug] [Thread-4 (]: On model.oss_intel.int_merged_prs: /* {"app": "dbt", "dbt_version": "1.12.5", "profile_name": "oss_intel", "target_name": "dev", "node_id": "model.oss_intel.int_merged_prs"} */

      drop table if exists "oss"."main"."int_merged_prs__dbt_backup" cascade
    
[0m00:56:00.315972 [debug] [Thread-4 (]: SQL status: OK in 0.000 seconds
[0m00:56:00.315972 [debug] [Thread-4 (]: On model.oss_intel.int_merged_prs: Close
[0m00:56:00.315972 [debug] [Thread-4 (]: Sending event: {'category': 'dbt', 'action': 'run_model', 'label': 'fa3af696-a60e-4348-ae78-945b3e666608', 'context': [<snowplow_tracker.self_describing_json.SelfDescribingJson object at 0x00000223FD83F020>]}
[0m00:56:00.315972 [info ] [Thread-4 (]: 24 of 39 OK created sql table model main.int_merged_prs ........................ [[32mOK[0m in 0.14s]
[0m00:56:00.315972 [debug] [Thread-4 (]: Finished running node model.oss_intel.int_merged_prs
[0m00:56:00.315972 [debug] [Thread-3 (]: Began running node model.oss_intel.int_bus_factor
[0m00:56:00.315972 [info ] [Thread-3 (]: 26 of 39 START sql table model main.int_bus_factor ............................. [RUN]
[0m00:56:00.321851 [debug] [Thread-3 (]: Re-using an available connection from the pool (formerly model.oss_intel.fct_source_fidelity, now model.oss_intel.int_bus_factor)
[0m00:56:00.322861 [debug] [Thread-3 (]: Began compiling node model.oss_intel.int_bus_factor
[0m00:56:00.324873 [debug] [Thread-3 (]: Writing injected SQL for node "model.oss_intel.int_bus_factor"
[0m00:56:00.324873 [debug] [Thread-3 (]: Began executing node model.oss_intel.int_bus_factor
[0m00:56:00.324873 [debug] [Thread-3 (]: Writing runtime sql for node "model.oss_intel.int_bus_factor"
[0m00:56:00.324873 [debug] [Thread-3 (]: Using duckdb connection "model.oss_intel.int_bus_factor"
[0m00:56:00.324873 [debug] [Thread-3 (]: On model.oss_intel.int_bus_factor: BEGIN
[0m00:56:00.324873 [debug] [Thread-3 (]: Opening a new connection, currently in state closed
[0m00:56:00.324873 [debug] [Thread-3 (]: SQL status: OK in 0.001 seconds
[0m00:56:00.324873 [debug] [Thread-3 (]: Using duckdb connection "model.oss_intel.int_bus_factor"
[0m00:56:00.324873 [debug] [Thread-3 (]: On model.oss_intel.int_bus_factor: /* {"app": "dbt", "dbt_version": "1.12.5", "profile_name": "oss_intel", "target_name": "dev", "node_id": "model.oss_intel.int_bus_factor"} */

    

    create  table
      "oss"."main"."int_bus_factor__dbt_tmp"
  
    
    as (
      -- Bus factor (50%): the fewest non-bot authors accounting for at least half of
-- merged PRs in the window.
--
-- Method: give each author their share, sort descending, take a running total,
-- and count how many authors it takes to cross 50%. The author tie-break keeps
-- the result deterministic - without it, ties reorder between runs and the
-- "biggest movers" chart fills with noise.
--
-- Documented blind spot: maintainers who push straight to main never open a PR
-- and are invisible here.
with shares as (

    select
        repo_id,
        author,
        count(*) * 1.0 / sum(count(*)) over (partition by repo_id) as share
    from "oss"."main"."int_merged_prs"
    group by 1, 2

),

cumulative as (

    select
        *,
        sum(share) over (
            partition by repo_id order by share desc, author
            rows unbounded preceding
        ) - share as share_before
    from shares

)

select
    repo_id,
    count(*)                                    as bus_factor_50,
    max(share)                                  as top_author_share,
    count(distinct author)                      as pr_authors_12m
from cumulative
where share_before < 0.5
group by 1
    );
    
  
[0m00:56:00.346529 [debug] [Thread-2 (]: SQL status: OK in 0.150 seconds
[0m00:56:00.349866 [debug] [Thread-2 (]: Using duckdb connection "model.oss_intel.int_labeled_issues"
[0m00:56:00.351775 [debug] [Thread-2 (]: On model.oss_intel.int_labeled_issues: /* {"app": "dbt", "dbt_version": "1.12.5", "profile_name": "oss_intel", "target_name": "dev", "node_id": "model.oss_intel.int_labeled_issues"} */
alter table "oss"."main"."int_labeled_issues__dbt_tmp" rename to "int_labeled_issues"
[0m00:56:00.352782 [debug] [Thread-2 (]: SQL status: OK in 0.001 seconds
[0m00:56:00.353780 [debug] [Thread-2 (]: On model.oss_intel.int_labeled_issues: COMMIT
[0m00:56:00.354780 [debug] [Thread-2 (]: Using duckdb connection "model.oss_intel.int_labeled_issues"
[0m00:56:00.354780 [debug] [Thread-2 (]: On model.oss_intel.int_labeled_issues: COMMIT
[0m00:56:00.373912 [debug] [Thread-3 (]: SQL status: OK in 0.039 seconds
[0m00:56:00.376920 [debug] [Thread-3 (]: Using duckdb connection "model.oss_intel.int_bus_factor"
[0m00:56:00.376920 [debug] [Thread-3 (]: On model.oss_intel.int_bus_factor: /* {"app": "dbt", "dbt_version": "1.12.5", "profile_name": "oss_intel", "target_name": "dev", "node_id": "model.oss_intel.int_bus_factor"} */
alter table "oss"."main"."int_bus_factor__dbt_tmp" rename to "int_bus_factor"
[0m00:56:00.377920 [debug] [Thread-2 (]: SQL status: OK in 0.022 seconds
[0m00:56:00.378920 [debug] [Thread-2 (]: Using duckdb connection "model.oss_intel.int_labeled_issues"
[0m00:56:00.378920 [debug] [Thread-2 (]: On model.oss_intel.int_labeled_issues: /* {"app": "dbt", "dbt_version": "1.12.5", "profile_name": "oss_intel", "target_name": "dev", "node_id": "model.oss_intel.int_labeled_issues"} */

      drop table if exists "oss"."main"."int_labeled_issues__dbt_backup" cascade
    
[0m00:56:00.379920 [debug] [Thread-3 (]: SQL status: OK in 0.002 seconds
[0m00:56:00.379920 [debug] [Thread-2 (]: SQL status: OK in 0.000 seconds
[0m00:56:00.380920 [debug] [Thread-3 (]: On model.oss_intel.int_bus_factor: COMMIT
[0m00:56:00.382329 [debug] [Thread-2 (]: On model.oss_intel.int_labeled_issues: Close
[0m00:56:00.382329 [debug] [Thread-3 (]: Using duckdb connection "model.oss_intel.int_bus_factor"
[0m00:56:00.383373 [debug] [Thread-2 (]: Sending event: {'category': 'dbt', 'action': 'run_model', 'label': 'fa3af696-a60e-4348-ae78-945b3e666608', 'context': [<snowplow_tracker.self_describing_json.SelfDescribingJson object at 0x0000022381014AD0>]}
[0m00:56:00.383373 [debug] [Thread-3 (]: On model.oss_intel.int_bus_factor: COMMIT
[0m00:56:00.384372 [info ] [Thread-2 (]: 23 of 39 OK created sql table model main.int_labeled_issues .................... [[32mOK[0m in 0.22s]
[0m00:56:00.384372 [debug] [Thread-2 (]: Finished running node model.oss_intel.int_labeled_issues
[0m00:56:00.385372 [debug] [Thread-4 (]: Began running node model.oss_intel.fct_release_reliability
[0m00:56:00.385372 [debug] [Thread-3 (]: SQL status: OK in 0.001 seconds
[0m00:56:00.387372 [debug] [Thread-3 (]: Using duckdb connection "model.oss_intel.int_bus_factor"
[0m00:56:00.387372 [debug] [Thread-3 (]: On model.oss_intel.int_bus_factor: /* {"app": "dbt", "dbt_version": "1.12.5", "profile_name": "oss_intel", "target_name": "dev", "node_id": "model.oss_intel.int_bus_factor"} */

      drop table if exists "oss"."main"."int_bus_factor__dbt_backup" cascade
    
[0m00:56:00.385372 [info ] [Thread-4 (]: 27 of 39 START sql table model main.fct_release_reliability .................... [RUN]
[0m00:56:00.388372 [debug] [Thread-4 (]: Re-using an available connection from the pool (formerly model.oss_intel.int_merged_prs, now model.oss_intel.fct_release_reliability)
[0m00:56:00.388372 [debug] [Thread-3 (]: SQL status: OK in 0.001 seconds
[0m00:56:00.388372 [debug] [Thread-4 (]: Began compiling node model.oss_intel.fct_release_reliability
[0m00:56:00.389372 [debug] [Thread-3 (]: On model.oss_intel.int_bus_factor: Close
[0m00:56:00.391372 [debug] [Thread-4 (]: Writing injected SQL for node "model.oss_intel.fct_release_reliability"
[0m00:56:00.391372 [debug] [Thread-3 (]: Sending event: {'category': 'dbt', 'action': 'run_model', 'label': 'fa3af696-a60e-4348-ae78-945b3e666608', 'context': [<snowplow_tracker.self_describing_json.SelfDescribingJson object at 0x0000022381014D10>]}
[0m00:56:00.391372 [info ] [Thread-3 (]: 26 of 39 OK created sql table model main.int_bus_factor ........................ [[32mOK[0m in 0.07s]
[0m00:56:00.391372 [debug] [Thread-3 (]: Finished running node model.oss_intel.int_bus_factor
[0m00:56:00.391372 [debug] [Thread-4 (]: Began executing node model.oss_intel.fct_release_reliability
[0m00:56:00.391372 [debug] [Thread-2 (]: Began running node test.oss_intel.assert_bus_factor_positive
[0m00:56:00.398422 [debug] [Thread-4 (]: Writing runtime sql for node "model.oss_intel.fct_release_reliability"
[0m00:56:00.399206 [info ] [Thread-2 (]: 28 of 39 START test assert_bus_factor_positive ................................. [RUN]
[0m00:56:00.399521 [debug] [Thread-2 (]: Re-using an available connection from the pool (formerly model.oss_intel.int_labeled_issues, now test.oss_intel.assert_bus_factor_positive)
[0m00:56:00.399521 [debug] [Thread-2 (]: Began compiling node test.oss_intel.assert_bus_factor_positive
[0m00:56:00.401765 [debug] [Thread-2 (]: Writing injected SQL for node "test.oss_intel.assert_bus_factor_positive"
[0m00:56:00.402766 [debug] [Thread-4 (]: Using duckdb connection "model.oss_intel.fct_release_reliability"
[0m00:56:00.402766 [debug] [Thread-4 (]: On model.oss_intel.fct_release_reliability: BEGIN
[0m00:56:00.402766 [debug] [Thread-4 (]: Opening a new connection, currently in state closed
[0m00:56:00.407622 [debug] [Thread-2 (]: Began executing node test.oss_intel.assert_bus_factor_positive
[0m00:56:00.408133 [debug] [Thread-4 (]: SQL status: OK in 0.003 seconds
[0m00:56:00.413145 [debug] [Thread-2 (]: Writing runtime sql for node "test.oss_intel.assert_bus_factor_positive"
[0m00:56:00.415146 [debug] [Thread-4 (]: Using duckdb connection "model.oss_intel.fct_release_reliability"
[0m00:56:00.416143 [debug] [Thread-4 (]: On model.oss_intel.fct_release_reliability: /* {"app": "dbt", "dbt_version": "1.12.5", "profile_name": "oss_intel", "target_name": "dev", "node_id": "model.oss_intel.fct_release_reliability"} */

    

    create  table
      "oss"."main"."fct_release_reliability__dbt_tmp"
  
    
    as (
      -- Post-release regression ratio: bugs opened in the N days after a release,
-- against what the prior 90 days' rate would predict.
--
-- Correlation, not causation: a big release draws attention, and attention
-- produces reports. Say so on the dashboard rather than implying the release
-- caused the bugs.
with releases as (

    select repo_id, tag_name, published_at
    from "oss"."main"."stg_releases"
    where published_at >= timestamp '2025-10-01'

),

bugs as (

    select repo_id, created_at
    from "oss"."main"."int_labeled_issues"
    where normalized_label in ('bug', 'regression')

),

windowed as (

    select
        rel.repo_id,
        rel.tag_name,
        rel.published_at,
        count(b.created_at) filter (
            where b.created_at >= rel.published_at
              and b.created_at <  rel.published_at + interval 14 day
        ) as bugs_after,
        count(b.created_at) filter (
            where b.created_at <  rel.published_at
              and b.created_at >= rel.published_at - interval 90 day
        ) as bugs_baseline
    from releases rel
    left join bugs b on rel.repo_id = b.repo_id
    group by 1, 2, 3

)

select
    *,
    bugs_baseline * 1.0
        * 14 / 90 as expected_bugs,
    bugs_after / nullif(
        bugs_baseline * 1.0
        * 14 / 90, 0
    ) as regression_ratio
from windowed
    );
    
  
[0m00:56:00.419832 [debug] [Thread-2 (]: Using duckdb connection "test.oss_intel.assert_bus_factor_positive"
[0m00:56:00.419832 [debug] [Thread-2 (]: On test.oss_intel.assert_bus_factor_positive: BEGIN
[0m00:56:00.419832 [debug] [Thread-2 (]: Opening a new connection, currently in state closed
[0m00:56:00.419832 [debug] [Thread-2 (]: SQL status: OK in 0.001 seconds
[0m00:56:00.419832 [debug] [Thread-2 (]: Using duckdb connection "test.oss_intel.assert_bus_factor_positive"
[0m00:56:00.419832 [debug] [Thread-2 (]: On test.oss_intel.assert_bus_factor_positive: /* {"app": "dbt", "dbt_version": "1.12.5", "profile_name": "oss_intel", "target_name": "dev", "node_id": "test.oss_intel.assert_bus_factor_positive"} */

    
    select
      count(*) as failures,
      count(*) != 0 as should_warn,
      count(*) != 0 as should_error
    from (
      
    
  -- A bus factor of zero is impossible: if any PR was merged, someone merged it.
select repo_id, bus_factor_50 from "oss"."main"."int_bus_factor" where bus_factor_50 < 1
  
  
      
    ) dbt_internal_test
[0m00:56:00.425460 [debug] [Thread-2 (]: SQL status: OK in 0.001 seconds
[0m00:56:00.427582 [debug] [Thread-2 (]: On test.oss_intel.assert_bus_factor_positive: ROLLBACK
[0m00:56:00.428628 [debug] [Thread-2 (]: On test.oss_intel.assert_bus_factor_positive: Close
[0m00:56:00.428628 [info ] [Thread-2 (]: 28 of 39 PASS assert_bus_factor_positive ....................................... [[32mPASS[0m in 0.03s]
[0m00:56:00.430633 [debug] [Thread-2 (]: Finished running node test.oss_intel.assert_bus_factor_positive
[0m00:56:00.430633 [debug] [Thread-3 (]: Began running node model.oss_intel.fct_repo_health_monthly
[0m00:56:00.430633 [info ] [Thread-3 (]: 29 of 39 START sql table model main.fct_repo_health_monthly .................... [RUN]
[0m00:56:00.432185 [debug] [Thread-3 (]: Re-using an available connection from the pool (formerly model.oss_intel.int_bus_factor, now model.oss_intel.fct_repo_health_monthly)
[0m00:56:00.432565 [debug] [Thread-3 (]: Began compiling node model.oss_intel.fct_repo_health_monthly
[0m00:56:00.432565 [debug] [Thread-3 (]: Writing injected SQL for node "model.oss_intel.fct_repo_health_monthly"
[0m00:56:00.432565 [debug] [Thread-3 (]: Began executing node model.oss_intel.fct_repo_health_monthly
[0m00:56:00.432565 [debug] [Thread-3 (]: Writing runtime sql for node "model.oss_intel.fct_repo_health_monthly"
[0m00:56:00.440948 [debug] [Thread-3 (]: Using duckdb connection "model.oss_intel.fct_repo_health_monthly"
[0m00:56:00.442956 [debug] [Thread-3 (]: On model.oss_intel.fct_repo_health_monthly: BEGIN
[0m00:56:00.442956 [debug] [Thread-3 (]: Opening a new connection, currently in state closed
[0m00:56:00.443840 [debug] [Thread-3 (]: SQL status: OK in 0.001 seconds
[0m00:56:00.444848 [debug] [Thread-3 (]: Using duckdb connection "model.oss_intel.fct_repo_health_monthly"
[0m00:56:00.444848 [debug] [Thread-3 (]: On model.oss_intel.fct_repo_health_monthly: /* {"app": "dbt", "dbt_version": "1.12.5", "profile_name": "oss_intel", "target_name": "dev", "node_id": "model.oss_intel.fct_repo_health_monthly"} */

    

    create  table
      "oss"."main"."fct_repo_health_monthly__dbt_tmp"
  
    
    as (
      -- One row per repo per month. Activity metrics are for that month; bus factor
-- is a trailing-12-month measure attached to every row for trend context.
--
-- Note which CTEs filter on in_window and which do not:
--   responsiveness / merges / bugs_opened  -> RATE metrics, window-filtered
--   backlog                                -> a STOCK metric, deliberately not
with months as (

    select distinct date_trunc('month', created_at) as month_start
    from "oss"."main"."stg_issues_prs"
    where in_window

),

spine as (

    select r.repo_id, m.month_start
    from "oss"."main"."dim_repo" r
    cross join months m

),

responsiveness as (

    select
        repo_id,
        date_trunc('month', created_at)                                  as month_start,
        median(response_hours)                                           as ttfr_p50_hours,
        quantile_cont(response_hours, 0.9)                               as ttfr_p90_hours,
        count(*)                                                         as items_opened,
        sum(case when is_unresponded then 1 else 0 end) * 1.0 / count(*) as unresponded_rate
    from "oss"."main"."stg_issues_prs"
    where in_window
    group by 1, 2

),

merges as (

    select
        repo_id,
        merged_month                 as month_start,
        count(*)                     as prs_merged,
        count(distinct author)       as distinct_pr_authors,
        median(time_to_merge_hours)  as median_merge_hours
    from "oss"."main"."int_merged_prs"
    group by 1, 2

),

bugs_opened as (

    select
        repo_id,
        date_trunc('month', created_at) as month_start,
        count(*)                        as bugs_opened
    from "oss"."main"."int_labeled_issues"
    where normalized_label in ('bug', 'regression')
      and created_at >= timestamp '2025-10-01'
    group by 1, 2

),

backlog as (

    -- STOCK metric: every bug still open at month end, however old. An issue
    -- from 2019 that is still open is part of today's backlog.
    select
        s.repo_id,
        s.month_start,
        count(*) as bugs_open_at_month_end
    from spine s
    join "oss"."main"."int_labeled_issues" b
      on b.repo_id = s.repo_id
     and b.normalized_label in ('bug', 'regression')
     and b.created_at < s.month_start + interval 1 month
     and (b.closed_at is null or b.closed_at >= s.month_start + interval 1 month)
    group by 1, 2

),

community as (

    select repo_id, contribution_month as month_start, count(distinct actor) as active_contributors
    from "oss"."main"."stg_contributions"
    group by 1, 2

)

select
    s.repo_id,
    s.month_start,
    r.ttfr_p50_hours,
    r.ttfr_p90_hours,
    coalesce(r.items_opened, 0)            as items_opened,
    r.unresponded_rate,
    coalesce(m.prs_merged, 0)              as prs_merged,
    coalesce(m.distinct_pr_authors, 0)     as distinct_pr_authors,
    m.median_merge_hours,
    coalesce(bo.bugs_opened, 0)            as bugs_opened,
    coalesce(bl.bugs_open_at_month_end, 0) as bugs_open_at_month_end,
    coalesce(c.active_contributors, 0)     as active_contributors,
    bf.bus_factor_50,
    bf.top_author_share
from spine s
left join responsiveness r  on s.repo_id = r.repo_id  and s.month_start = r.month_start
left join merges m          on s.repo_id = m.repo_id  and s.month_start = m.month_start
left join bugs_opened bo    on s.repo_id = bo.repo_id and s.month_start = bo.month_start
left join backlog bl        on s.repo_id = bl.repo_id and s.month_start = bl.month_start
left join community c       on s.repo_id = c.repo_id  and s.month_start = c.month_start
left join "oss"."main"."int_bus_factor" bf on s.repo_id = bf.repo_id
    );
    
  
[0m00:56:00.581412 [debug] [Thread-4 (]: SQL status: OK in 0.163 seconds
[0m00:56:00.583042 [debug] [Thread-4 (]: Using duckdb connection "model.oss_intel.fct_release_reliability"
[0m00:56:00.584040 [debug] [Thread-4 (]: On model.oss_intel.fct_release_reliability: /* {"app": "dbt", "dbt_version": "1.12.5", "profile_name": "oss_intel", "target_name": "dev", "node_id": "model.oss_intel.fct_release_reliability"} */
alter table "oss"."main"."fct_release_reliability__dbt_tmp" rename to "fct_release_reliability"
[0m00:56:00.585040 [debug] [Thread-4 (]: SQL status: OK in 0.001 seconds
[0m00:56:00.587040 [debug] [Thread-4 (]: On model.oss_intel.fct_release_reliability: COMMIT
[0m00:56:00.587040 [debug] [Thread-4 (]: Using duckdb connection "model.oss_intel.fct_release_reliability"
[0m00:56:00.588041 [debug] [Thread-4 (]: On model.oss_intel.fct_release_reliability: COMMIT
[0m00:56:00.590040 [debug] [Thread-4 (]: SQL status: OK in 0.001 seconds
[0m00:56:00.592594 [debug] [Thread-4 (]: Using duckdb connection "model.oss_intel.fct_release_reliability"
[0m00:56:00.592594 [debug] [Thread-4 (]: On model.oss_intel.fct_release_reliability: /* {"app": "dbt", "dbt_version": "1.12.5", "profile_name": "oss_intel", "target_name": "dev", "node_id": "model.oss_intel.fct_release_reliability"} */

      drop table if exists "oss"."main"."fct_release_reliability__dbt_backup" cascade
    
[0m00:56:00.593594 [debug] [Thread-4 (]: SQL status: OK in 0.001 seconds
[0m00:56:00.594595 [debug] [Thread-4 (]: On model.oss_intel.fct_release_reliability: Close
[0m00:56:00.595594 [debug] [Thread-4 (]: Sending event: {'category': 'dbt', 'action': 'run_model', 'label': 'fa3af696-a60e-4348-ae78-945b3e666608', 'context': [<snowplow_tracker.self_describing_json.SelfDescribingJson object at 0x00000223FD846F00>]}
[0m00:56:00.595594 [info ] [Thread-4 (]: 27 of 39 OK created sql table model main.fct_release_reliability ............... [[32mOK[0m in 0.21s]
[0m00:56:00.596595 [debug] [Thread-4 (]: Finished running node model.oss_intel.fct_release_reliability
[0m00:56:00.695555 [debug] [Thread-3 (]: SQL status: OK in 0.250 seconds
[0m00:56:00.695555 [debug] [Thread-3 (]: Using duckdb connection "model.oss_intel.fct_repo_health_monthly"
[0m00:56:00.695555 [debug] [Thread-3 (]: On model.oss_intel.fct_repo_health_monthly: /* {"app": "dbt", "dbt_version": "1.12.5", "profile_name": "oss_intel", "target_name": "dev", "node_id": "model.oss_intel.fct_repo_health_monthly"} */
alter table "oss"."main"."fct_repo_health_monthly__dbt_tmp" rename to "fct_repo_health_monthly"
[0m00:56:00.695555 [debug] [Thread-3 (]: SQL status: OK in 0.000 seconds
[0m00:56:00.695555 [debug] [Thread-3 (]: On model.oss_intel.fct_repo_health_monthly: COMMIT
[0m00:56:00.695555 [debug] [Thread-3 (]: Using duckdb connection "model.oss_intel.fct_repo_health_monthly"
[0m00:56:00.695555 [debug] [Thread-3 (]: On model.oss_intel.fct_repo_health_monthly: COMMIT
[0m00:56:00.695555 [debug] [Thread-3 (]: SQL status: OK in 0.002 seconds
[0m00:56:00.695555 [debug] [Thread-3 (]: Using duckdb connection "model.oss_intel.fct_repo_health_monthly"
[0m00:56:00.695555 [debug] [Thread-3 (]: On model.oss_intel.fct_repo_health_monthly: /* {"app": "dbt", "dbt_version": "1.12.5", "profile_name": "oss_intel", "target_name": "dev", "node_id": "model.oss_intel.fct_repo_health_monthly"} */

      drop table if exists "oss"."main"."fct_repo_health_monthly__dbt_backup" cascade
    
[0m00:56:00.695555 [debug] [Thread-3 (]: SQL status: OK in 0.000 seconds
[0m00:56:00.695555 [debug] [Thread-3 (]: On model.oss_intel.fct_repo_health_monthly: Close
[0m00:56:00.695555 [debug] [Thread-3 (]: Sending event: {'category': 'dbt', 'action': 'run_model', 'label': 'fa3af696-a60e-4348-ae78-945b3e666608', 'context': [<snowplow_tracker.self_describing_json.SelfDescribingJson object at 0x00000223FD801EB0>]}
[0m00:56:00.695555 [info ] [Thread-3 (]: 29 of 39 OK created sql table model main.fct_repo_health_monthly ............... [[32mOK[0m in 0.26s]
[0m00:56:00.695555 [debug] [Thread-3 (]: Finished running node model.oss_intel.fct_repo_health_monthly
[0m00:56:00.695555 [debug] [Thread-2 (]: Began running node test.oss_intel.not_null_fct_repo_health_monthly_repo_id.db5aecfea4
[0m00:56:00.695555 [debug] [Thread-4 (]: Began running node test.oss_intel.relationships_fct_repo_health_monthly_repo_id__repo_id__ref_dim_repo_.0c80c8c8ec
[0m00:56:00.695555 [info ] [Thread-2 (]: 30 of 39 START test not_null_fct_repo_health_monthly_repo_id ................... [RUN]
[0m00:56:00.695555 [info ] [Thread-4 (]: 31 of 39 START test relationships_fct_repo_health_monthly_repo_id__repo_id__ref_dim_repo_  [RUN]
[0m00:56:00.711268 [debug] [Thread-2 (]: Re-using an available connection from the pool (formerly test.oss_intel.assert_bus_factor_positive, now test.oss_intel.not_null_fct_repo_health_monthly_repo_id.db5aecfea4)
[0m00:56:00.711268 [debug] [Thread-4 (]: Re-using an available connection from the pool (formerly model.oss_intel.fct_release_reliability, now test.oss_intel.relationships_fct_repo_health_monthly_repo_id__repo_id__ref_dim_repo_.0c80c8c8ec)
[0m00:56:00.711268 [debug] [Thread-2 (]: Began compiling node test.oss_intel.not_null_fct_repo_health_monthly_repo_id.db5aecfea4
[0m00:56:00.711268 [debug] [Thread-4 (]: Began compiling node test.oss_intel.relationships_fct_repo_health_monthly_repo_id__repo_id__ref_dim_repo_.0c80c8c8ec
[0m00:56:00.716811 [debug] [Thread-2 (]: Writing injected SQL for node "test.oss_intel.not_null_fct_repo_health_monthly_repo_id.db5aecfea4"
[0m00:56:00.716811 [debug] [Thread-4 (]: Writing injected SQL for node "test.oss_intel.relationships_fct_repo_health_monthly_repo_id__repo_id__ref_dim_repo_.0c80c8c8ec"
[0m00:56:00.729572 [debug] [Thread-2 (]: Began executing node test.oss_intel.not_null_fct_repo_health_monthly_repo_id.db5aecfea4
[0m00:56:00.731576 [debug] [Thread-2 (]: Writing runtime sql for node "test.oss_intel.not_null_fct_repo_health_monthly_repo_id.db5aecfea4"
[0m00:56:00.731985 [debug] [Thread-4 (]: Began executing node test.oss_intel.relationships_fct_repo_health_monthly_repo_id__repo_id__ref_dim_repo_.0c80c8c8ec
[0m00:56:00.733885 [debug] [Thread-4 (]: Writing runtime sql for node "test.oss_intel.relationships_fct_repo_health_monthly_repo_id__repo_id__ref_dim_repo_.0c80c8c8ec"
[0m00:56:00.733885 [debug] [Thread-2 (]: Using duckdb connection "test.oss_intel.not_null_fct_repo_health_monthly_repo_id.db5aecfea4"
[0m00:56:00.734895 [debug] [Thread-2 (]: On test.oss_intel.not_null_fct_repo_health_monthly_repo_id.db5aecfea4: BEGIN
[0m00:56:00.734895 [debug] [Thread-2 (]: Opening a new connection, currently in state closed
[0m00:56:00.735893 [debug] [Thread-4 (]: Using duckdb connection "test.oss_intel.relationships_fct_repo_health_monthly_repo_id__repo_id__ref_dim_repo_.0c80c8c8ec"
[0m00:56:00.735893 [debug] [Thread-2 (]: SQL status: OK in 0.001 seconds
[0m00:56:00.735893 [debug] [Thread-4 (]: On test.oss_intel.relationships_fct_repo_health_monthly_repo_id__repo_id__ref_dim_repo_.0c80c8c8ec: BEGIN
[0m00:56:00.735893 [debug] [Thread-2 (]: Using duckdb connection "test.oss_intel.not_null_fct_repo_health_monthly_repo_id.db5aecfea4"
[0m00:56:00.735893 [debug] [Thread-4 (]: Opening a new connection, currently in state closed
[0m00:56:00.735893 [debug] [Thread-2 (]: On test.oss_intel.not_null_fct_repo_health_monthly_repo_id.db5aecfea4: /* {"app": "dbt", "dbt_version": "1.12.5", "profile_name": "oss_intel", "target_name": "dev", "node_id": "test.oss_intel.not_null_fct_repo_health_monthly_repo_id.db5aecfea4"} */

    
    select
      count(*) as failures,
      count(*) != 0 as should_warn,
      count(*) != 0 as should_error
    from (
      
    
  
    
    



select repo_id
from "oss"."main"."fct_repo_health_monthly"
where repo_id is null



  
  
      
    ) dbt_internal_test
[0m00:56:00.735893 [debug] [Thread-4 (]: SQL status: OK in 0.001 seconds
[0m00:56:00.735893 [debug] [Thread-4 (]: Using duckdb connection "test.oss_intel.relationships_fct_repo_health_monthly_repo_id__repo_id__ref_dim_repo_.0c80c8c8ec"
[0m00:56:00.735893 [debug] [Thread-4 (]: On test.oss_intel.relationships_fct_repo_health_monthly_repo_id__repo_id__ref_dim_repo_.0c80c8c8ec: /* {"app": "dbt", "dbt_version": "1.12.5", "profile_name": "oss_intel", "target_name": "dev", "node_id": "test.oss_intel.relationships_fct_repo_health_monthly_repo_id__repo_id__ref_dim_repo_.0c80c8c8ec"} */

    
    select
      count(*) as failures,
      count(*) != 0 as should_warn,
      count(*) != 0 as should_error
    from (
      
    
  
    
    

with child as (
    select repo_id as from_field
    from "oss"."main"."fct_repo_health_monthly"
    where repo_id is not null
),

parent as (
    select repo_id as to_field
    from "oss"."main"."dim_repo"
)

select
    from_field

from child
left join parent
    on child.from_field = parent.to_field

where parent.to_field is null



  
  
      
    ) dbt_internal_test
[0m00:56:00.735893 [debug] [Thread-2 (]: SQL status: OK in 0.001 seconds
[0m00:56:00.740352 [debug] [Thread-2 (]: On test.oss_intel.not_null_fct_repo_health_monthly_repo_id.db5aecfea4: ROLLBACK
[0m00:56:00.740352 [debug] [Thread-4 (]: SQL status: OK in 0.002 seconds
[0m00:56:00.740352 [debug] [Thread-2 (]: On test.oss_intel.not_null_fct_repo_health_monthly_repo_id.db5aecfea4: Close
[0m00:56:00.742348 [debug] [Thread-4 (]: On test.oss_intel.relationships_fct_repo_health_monthly_repo_id__repo_id__ref_dim_repo_.0c80c8c8ec: ROLLBACK
[0m00:56:00.743355 [info ] [Thread-2 (]: 30 of 39 PASS not_null_fct_repo_health_monthly_repo_id ......................... [[32mPASS[0m in 0.03s]
[0m00:56:00.744364 [debug] [Thread-2 (]: Finished running node test.oss_intel.not_null_fct_repo_health_monthly_repo_id.db5aecfea4
[0m00:56:00.744364 [debug] [Thread-4 (]: On test.oss_intel.relationships_fct_repo_health_monthly_repo_id__repo_id__ref_dim_repo_.0c80c8c8ec: Close
[0m00:56:00.745358 [info ] [Thread-4 (]: 31 of 39 PASS relationships_fct_repo_health_monthly_repo_id__repo_id__ref_dim_repo_  [[32mPASS[0m in 0.03s]
[0m00:56:00.745358 [debug] [Thread-4 (]: Finished running node test.oss_intel.relationships_fct_repo_health_monthly_repo_id__repo_id__ref_dim_repo_.0c80c8c8ec
[0m00:56:03.299331 [debug] [Thread-1 (]: SQL status: OK in 3.092 seconds
[0m00:56:03.300328 [debug] [Thread-1 (]: Using duckdb connection "model.oss_intel.fct_contributor_cohorts"
[0m00:56:03.300328 [debug] [Thread-1 (]: On model.oss_intel.fct_contributor_cohorts: /* {"app": "dbt", "dbt_version": "1.12.5", "profile_name": "oss_intel", "target_name": "dev", "node_id": "model.oss_intel.fct_contributor_cohorts"} */

    SELECT index_name
    FROM duckdb_indexes()
    WHERE database_name = 'oss'
      AND schema_name = 'main'
      AND table_name = 'fct_contributor_cohorts'
  
[0m00:56:03.301329 [debug] [Thread-1 (]: SQL status: OK in 0.000 seconds
[0m00:56:03.302332 [debug] [Thread-1 (]: Using duckdb connection "model.oss_intel.fct_contributor_cohorts"
[0m00:56:03.303332 [debug] [Thread-1 (]: On model.oss_intel.fct_contributor_cohorts: /* {"app": "dbt", "dbt_version": "1.12.5", "profile_name": "oss_intel", "target_name": "dev", "node_id": "model.oss_intel.fct_contributor_cohorts"} */
alter table "oss"."main"."fct_contributor_cohorts" rename to "fct_contributor_cohorts__dbt_backup"
[0m00:56:03.303332 [debug] [Thread-1 (]: SQL status: OK in 0.000 seconds
[0m00:56:03.304329 [debug] [Thread-1 (]: Using duckdb connection "model.oss_intel.fct_contributor_cohorts"
[0m00:56:03.305331 [debug] [Thread-1 (]: On model.oss_intel.fct_contributor_cohorts: /* {"app": "dbt", "dbt_version": "1.12.5", "profile_name": "oss_intel", "target_name": "dev", "node_id": "model.oss_intel.fct_contributor_cohorts"} */
alter table "oss"."main"."fct_contributor_cohorts__dbt_tmp" rename to "fct_contributor_cohorts"
[0m00:56:03.305331 [debug] [Thread-1 (]: SQL status: OK in 0.000 seconds
[0m00:56:03.306354 [debug] [Thread-1 (]: On model.oss_intel.fct_contributor_cohorts: COMMIT
[0m00:56:03.306354 [debug] [Thread-1 (]: Using duckdb connection "model.oss_intel.fct_contributor_cohorts"
[0m00:56:03.306354 [debug] [Thread-1 (]: On model.oss_intel.fct_contributor_cohorts: COMMIT
[0m00:56:03.310288 [debug] [Thread-1 (]: SQL status: OK in 0.003 seconds
[0m00:56:03.310288 [debug] [Thread-1 (]: Using duckdb connection "model.oss_intel.fct_contributor_cohorts"
[0m00:56:03.310288 [debug] [Thread-1 (]: On model.oss_intel.fct_contributor_cohorts: /* {"app": "dbt", "dbt_version": "1.12.5", "profile_name": "oss_intel", "target_name": "dev", "node_id": "model.oss_intel.fct_contributor_cohorts"} */

      drop table if exists "oss"."main"."fct_contributor_cohorts__dbt_backup" cascade
    
[0m00:56:03.310288 [debug] [Thread-1 (]: SQL status: OK in 0.001 seconds
[0m00:56:03.310288 [debug] [Thread-1 (]: On model.oss_intel.fct_contributor_cohorts: Close
[0m00:56:03.310288 [debug] [Thread-1 (]: Sending event: {'category': 'dbt', 'action': 'run_model', 'label': 'fa3af696-a60e-4348-ae78-945b3e666608', 'context': [<snowplow_tracker.self_describing_json.SelfDescribingJson object at 0x00000223FD797170>]}
[0m00:56:03.310288 [info ] [Thread-1 (]: 25 of 39 OK created sql table model main.fct_contributor_cohorts ............... [[32mOK[0m in 3.13s]
[0m00:56:03.310288 [debug] [Thread-1 (]: Finished running node model.oss_intel.fct_contributor_cohorts
[0m00:56:03.310288 [debug] [Thread-3 (]: Began running node test.oss_intel.assert_retention_rate_in_bounds
[0m00:56:03.310288 [debug] [Thread-2 (]: Began running node test.oss_intel.not_null_fct_contributor_cohorts_retention_rate.88e22f68cf
[0m00:56:03.310288 [info ] [Thread-3 (]: 32 of 39 START test assert_retention_rate_in_bounds ............................ [RUN]
[0m00:56:03.310288 [debug] [Thread-3 (]: Re-using an available connection from the pool (formerly model.oss_intel.fct_repo_health_monthly, now test.oss_intel.assert_retention_rate_in_bounds)
[0m00:56:03.310288 [info ] [Thread-2 (]: 33 of 39 START test not_null_fct_contributor_cohorts_retention_rate ............ [RUN]
[0m00:56:03.310288 [debug] [Thread-3 (]: Began compiling node test.oss_intel.assert_retention_rate_in_bounds
[0m00:56:03.310288 [debug] [Thread-2 (]: Re-using an available connection from the pool (formerly test.oss_intel.not_null_fct_repo_health_monthly_repo_id.db5aecfea4, now test.oss_intel.not_null_fct_contributor_cohorts_retention_rate.88e22f68cf)
[0m00:56:03.310288 [debug] [Thread-3 (]: Writing injected SQL for node "test.oss_intel.assert_retention_rate_in_bounds"
[0m00:56:03.310288 [debug] [Thread-2 (]: Began compiling node test.oss_intel.not_null_fct_contributor_cohorts_retention_rate.88e22f68cf
[0m00:56:03.323838 [debug] [Thread-2 (]: Writing injected SQL for node "test.oss_intel.not_null_fct_contributor_cohorts_retention_rate.88e22f68cf"
[0m00:56:03.324857 [debug] [Thread-3 (]: Began executing node test.oss_intel.assert_retention_rate_in_bounds
[0m00:56:03.326165 [debug] [Thread-3 (]: Writing runtime sql for node "test.oss_intel.assert_retention_rate_in_bounds"
[0m00:56:03.326165 [debug] [Thread-2 (]: Began executing node test.oss_intel.not_null_fct_contributor_cohorts_retention_rate.88e22f68cf
[0m00:56:03.328189 [debug] [Thread-2 (]: Writing runtime sql for node "test.oss_intel.not_null_fct_contributor_cohorts_retention_rate.88e22f68cf"
[0m00:56:03.328189 [debug] [Thread-3 (]: Using duckdb connection "test.oss_intel.assert_retention_rate_in_bounds"
[0m00:56:03.328189 [debug] [Thread-3 (]: On test.oss_intel.assert_retention_rate_in_bounds: BEGIN
[0m00:56:03.329349 [debug] [Thread-3 (]: Opening a new connection, currently in state closed
[0m00:56:03.329349 [debug] [Thread-2 (]: Using duckdb connection "test.oss_intel.not_null_fct_contributor_cohorts_retention_rate.88e22f68cf"
[0m00:56:03.329349 [debug] [Thread-2 (]: On test.oss_intel.not_null_fct_contributor_cohorts_retention_rate.88e22f68cf: BEGIN
[0m00:56:03.329349 [debug] [Thread-2 (]: Opening a new connection, currently in state closed
[0m00:56:03.330757 [debug] [Thread-3 (]: SQL status: OK in 0.001 seconds
[0m00:56:03.330757 [debug] [Thread-3 (]: Using duckdb connection "test.oss_intel.assert_retention_rate_in_bounds"
[0m00:56:03.331342 [debug] [Thread-2 (]: SQL status: OK in 0.001 seconds
[0m00:56:03.331342 [debug] [Thread-3 (]: On test.oss_intel.assert_retention_rate_in_bounds: /* {"app": "dbt", "dbt_version": "1.12.5", "profile_name": "oss_intel", "target_name": "dev", "node_id": "test.oss_intel.assert_retention_rate_in_bounds"} */

    
    select
      count(*) as failures,
      count(*) != 0 as should_warn,
      count(*) != 0 as should_error
    from (
      
    
  select * from "oss"."main"."fct_contributor_cohorts"
where retention_rate < 0 or retention_rate > 1
  
  
      
    ) dbt_internal_test
[0m00:56:03.332347 [debug] [Thread-2 (]: Using duckdb connection "test.oss_intel.not_null_fct_contributor_cohorts_retention_rate.88e22f68cf"
[0m00:56:03.332347 [debug] [Thread-2 (]: On test.oss_intel.not_null_fct_contributor_cohorts_retention_rate.88e22f68cf: /* {"app": "dbt", "dbt_version": "1.12.5", "profile_name": "oss_intel", "target_name": "dev", "node_id": "test.oss_intel.not_null_fct_contributor_cohorts_retention_rate.88e22f68cf"} */

    
    select
      count(*) as failures,
      count(*) != 0 as should_warn,
      count(*) != 0 as should_error
    from (
      
    
  
    
    



select retention_rate
from "oss"."main"."fct_contributor_cohorts"
where retention_rate is null



  
  
      
    ) dbt_internal_test
[0m00:56:03.333196 [debug] [Thread-3 (]: SQL status: OK in 0.001 seconds
[0m00:56:03.333960 [debug] [Thread-3 (]: On test.oss_intel.assert_retention_rate_in_bounds: ROLLBACK
[0m00:56:03.334964 [debug] [Thread-2 (]: SQL status: OK in 0.002 seconds
[0m00:56:03.335977 [debug] [Thread-2 (]: On test.oss_intel.not_null_fct_contributor_cohorts_retention_rate.88e22f68cf: ROLLBACK
[0m00:56:03.335977 [debug] [Thread-3 (]: On test.oss_intel.assert_retention_rate_in_bounds: Close
[0m00:56:03.336860 [debug] [Thread-2 (]: On test.oss_intel.not_null_fct_contributor_cohorts_retention_rate.88e22f68cf: Close
[0m00:56:03.336860 [info ] [Thread-3 (]: 32 of 39 PASS assert_retention_rate_in_bounds .................................. [[32mPASS[0m in 0.03s]
[0m00:56:03.337871 [debug] [Thread-3 (]: Finished running node test.oss_intel.assert_retention_rate_in_bounds
[0m00:56:03.337871 [info ] [Thread-2 (]: 33 of 39 PASS not_null_fct_contributor_cohorts_retention_rate .................. [[32mPASS[0m in 0.03s]
[0m00:56:03.338872 [debug] [Thread-2 (]: Finished running node test.oss_intel.not_null_fct_contributor_cohorts_retention_rate.88e22f68cf
[0m00:56:03.338872 [debug] [Thread-1 (]: Began running node model.oss_intel.fct_repo_health_current
[0m00:56:03.339868 [info ] [Thread-1 (]: 34 of 39 START sql table model main.fct_repo_health_current .................... [RUN]
[0m00:56:03.339868 [debug] [Thread-1 (]: Re-using an available connection from the pool (formerly model.oss_intel.fct_contributor_cohorts, now model.oss_intel.fct_repo_health_current)
[0m00:56:03.339868 [debug] [Thread-1 (]: Began compiling node model.oss_intel.fct_repo_health_current
[0m00:56:03.341534 [debug] [Thread-1 (]: Writing injected SQL for node "model.oss_intel.fct_repo_health_current"
[0m00:56:03.341534 [debug] [Thread-1 (]: Began executing node model.oss_intel.fct_repo_health_current
[0m00:56:03.341534 [debug] [Thread-1 (]: Writing runtime sql for node "model.oss_intel.fct_repo_health_current"
[0m00:56:03.341534 [debug] [Thread-1 (]: Using duckdb connection "model.oss_intel.fct_repo_health_current"
[0m00:56:03.341534 [debug] [Thread-1 (]: On model.oss_intel.fct_repo_health_current: BEGIN
[0m00:56:03.341534 [debug] [Thread-1 (]: Opening a new connection, currently in state closed
[0m00:56:03.348572 [debug] [Thread-1 (]: SQL status: OK in 0.001 seconds
[0m00:56:03.348930 [debug] [Thread-1 (]: Using duckdb connection "model.oss_intel.fct_repo_health_current"
[0m00:56:03.348930 [debug] [Thread-1 (]: On model.oss_intel.fct_repo_health_current: /* {"app": "dbt", "dbt_version": "1.12.5", "profile_name": "oss_intel", "target_name": "dev", "node_id": "model.oss_intel.fct_repo_health_current"} */

    

    create  table
      "oss"."main"."fct_repo_health_current__dbt_tmp"
  
    
    as (
      -- Current health snapshot with the composite score.
--
-- Responsiveness and merge activity are measured over a TRAILING 90 DAYS, not
-- the latest calendar month. A quiet month would otherwise leave those metrics
-- null, and a null percentile rank would score the repo as worst - punishing
-- "no data" as if it were "bad data". 90 days also smooths release cycles.
--
-- Every component is a PERCENTILE RANK within the tracked set. You cannot
-- average a bus factor of 3, 41 hours and 180 open bugs; ranking makes them
-- comparable and makes the claim honest - "relative to this ecosystem", not
-- "objectively healthy".
--
-- Weights live in seeds/score_weights.csv so the score can be recomputed under
-- several schemes (sensitivity analysis) and exposed as Tableau parameters.
with latest as (

    select max(month_start) as month_start from "oss"."main"."fct_repo_health_monthly"

),

recent_response as (

    select
        repo_id,
        median(response_hours)                                           as ttfr_p50_hours,
        quantile_cont(response_hours, 0.9)                               as ttfr_p90_hours,
        count(*)                                                         as items_opened_90d,
        sum(case when is_unresponded then 1 else 0 end) * 1.0 / count(*) as unresponded_rate
    from "oss"."main"."stg_issues_prs"
    where in_window
      and created_at >= current_timestamp - interval 90 day
    group by 1

),

recent_merges as (

    select
        repo_id,
        count(*)                as prs_merged_90d,
        count(distinct author)  as distinct_pr_authors_90d,
        median(time_to_merge_hours) as median_merge_hours
    from "oss"."main"."int_merged_prs"
    where merged_at >= current_timestamp - interval 90 day
    group by 1

),

release_gap as (

    select repo_id, median(gap_days) as median_release_gap_days,
           max(published_at)         as last_release_at
    from (
        select repo_id, published_at,
               date_diff('day', lag(published_at) over (
                   partition by repo_id order by published_at), published_at) as gap_days
        from "oss"."main"."stg_releases"
    ) x
    group by 1

),

base as (

    select
        h.repo_id,
        h.month_start,
        h.bugs_open_at_month_end,
        h.bus_factor_50,
        h.top_author_share,
        h.active_contributors,
        d.repo_full_name, d.ecosystem, d.criticality_tier,
        d.scorecard_overall, d.check_maintained, d.has_scorecard,
        r.ttfr_p50_hours, r.ttfr_p90_hours, r.unresponded_rate,
        coalesce(r.items_opened_90d, 0)        as items_opened_90d,
        coalesce(m.prs_merged_90d, 0)          as prs_merged_90d,
        coalesce(m.distinct_pr_authors_90d, 0) as distinct_pr_authors_90d,
        m.median_merge_hours,
        g.median_release_gap_days,
        date_diff('day', g.last_release_at, current_timestamp) as days_since_release,
        coalesce((
            select avg(c.retention_rate)
            from "oss"."main"."fct_contributor_cohorts" c
            where c.repo_id = h.repo_id and c.months_since = 3
        ), 0) as retention_m3
    from "oss"."main"."fct_repo_health_monthly" h
    join "oss"."main"."dim_repo" d using (repo_id)
    left join recent_response r using (repo_id)
    left join recent_merges m  using (repo_id)
    left join release_gap g    using (repo_id)
    where h.month_start = (select month_start from latest)

),

ranked as (

    select
        *,
        -- higher rank = healthier. Metrics where lower is better are flipped
        -- with desc. nulls last on flipped metrics means "no data" does NOT
        -- score as worst.
        percent_rank() over (order by bus_factor_50 nulls first)              as bus_factor_score,
        percent_rank() over (order by distinct_pr_authors_90d)                as maintainer_activity_score,
        percent_rank() over (order by ttfr_p50_hours desc nulls last)         as response_time_score,
        percent_rank() over (order by unresponded_rate desc nulls last)       as unresponded_score,
        percent_rank() over (order by bugs_open_at_month_end desc nulls last) as bug_backlog_score,
        percent_rank() over (order by retention_m3)                           as contributor_retention_score
    from base

),

w as (

    select
        max(case when component = 'bus_factor_score' then weight_balanced end)            as w_bus,
        max(case when component = 'maintainer_activity_score' then weight_balanced end)   as w_act,
        max(case when component = 'response_time_score' then weight_balanced end)         as w_resp,
        max(case when component = 'unresponded_score' then weight_balanced end)           as w_unresp,
        max(case when component = 'bug_backlog_score' then weight_balanced end)           as w_bug,
        max(case when component = 'contributor_retention_score' then weight_balanced end) as w_ret
    from "oss"."main"."score_weights"

),

scored as (

    select
        r.*,
        round(100 * (
            r.bus_factor_score * w.w_bus
          + r.maintainer_activity_score * w.w_act
          + r.response_time_score * w.w_resp
          + r.unresponded_score * w.w_unresp
          + r.bug_backlog_score * w.w_bug
          + r.contributor_retention_score * w.w_ret
        ), 1) as health_score
    from ranked r cross join w

)

select
    *,
    case
        when health_score < 25 then 'critical'
        when health_score < 50 then 'at_risk'
        when health_score < 75 then 'stable'
        else 'healthy'
    end as health_tier
from scored
    );
    
  
[0m00:56:03.418630 [debug] [Thread-1 (]: SQL status: OK in 0.069 seconds
[0m00:56:03.420636 [debug] [Thread-1 (]: Using duckdb connection "model.oss_intel.fct_repo_health_current"
[0m00:56:03.420636 [debug] [Thread-1 (]: On model.oss_intel.fct_repo_health_current: /* {"app": "dbt", "dbt_version": "1.12.5", "profile_name": "oss_intel", "target_name": "dev", "node_id": "model.oss_intel.fct_repo_health_current"} */
alter table "oss"."main"."fct_repo_health_current__dbt_tmp" rename to "fct_repo_health_current"
[0m00:56:03.420636 [debug] [Thread-1 (]: SQL status: OK in 0.000 seconds
[0m00:56:03.422642 [debug] [Thread-1 (]: On model.oss_intel.fct_repo_health_current: COMMIT
[0m00:56:03.422642 [debug] [Thread-1 (]: Using duckdb connection "model.oss_intel.fct_repo_health_current"
[0m00:56:03.422642 [debug] [Thread-1 (]: On model.oss_intel.fct_repo_health_current: COMMIT
[0m00:56:03.422642 [debug] [Thread-1 (]: SQL status: OK in 0.001 seconds
[0m00:56:03.422642 [debug] [Thread-1 (]: Using duckdb connection "model.oss_intel.fct_repo_health_current"
[0m00:56:03.422642 [debug] [Thread-1 (]: On model.oss_intel.fct_repo_health_current: /* {"app": "dbt", "dbt_version": "1.12.5", "profile_name": "oss_intel", "target_name": "dev", "node_id": "model.oss_intel.fct_repo_health_current"} */

      drop table if exists "oss"."main"."fct_repo_health_current__dbt_backup" cascade
    
[0m00:56:03.426679 [debug] [Thread-1 (]: SQL status: OK in 0.000 seconds
[0m00:56:03.426679 [debug] [Thread-1 (]: On model.oss_intel.fct_repo_health_current: Close
[0m00:56:03.426679 [debug] [Thread-1 (]: Sending event: {'category': 'dbt', 'action': 'run_model', 'label': 'fa3af696-a60e-4348-ae78-945b3e666608', 'context': [<snowplow_tracker.self_describing_json.SelfDescribingJson object at 0x00000223FD856150>]}
[0m00:56:03.426679 [info ] [Thread-1 (]: 34 of 39 OK created sql table model main.fct_repo_health_current ............... [[32mOK[0m in 0.09s]
[0m00:56:03.428686 [debug] [Thread-1 (]: Finished running node model.oss_intel.fct_repo_health_current
[0m00:56:03.428686 [debug] [Thread-3 (]: Began running node test.oss_intel.accepted_values_fct_repo_health_current_health_tier__critical__at_risk__stable__healthy.9a342e5ed4
[0m00:56:03.428686 [debug] [Thread-2 (]: Began running node test.oss_intel.assert_health_score_in_bounds
[0m00:56:03.428686 [debug] [Thread-4 (]: Began running node test.oss_intel.not_null_fct_repo_health_current_health_score.c591e59468
[0m00:56:03.428686 [info ] [Thread-3 (]: 35 of 39 START test accepted_values_fct_repo_health_current_health_tier__critical__at_risk__stable__healthy  [RUN]
[0m00:56:03.428686 [debug] [Thread-3 (]: Re-using an available connection from the pool (formerly test.oss_intel.assert_retention_rate_in_bounds, now test.oss_intel.accepted_values_fct_repo_health_current_health_tier__critical__at_risk__stable__healthy.9a342e5ed4)
[0m00:56:03.428686 [debug] [Thread-3 (]: Began compiling node test.oss_intel.accepted_values_fct_repo_health_current_health_tier__critical__at_risk__stable__healthy.9a342e5ed4
[0m00:56:03.428686 [debug] [Thread-1 (]: Began running node test.oss_intel.not_null_fct_repo_health_current_repo_id.d840f5a59f
[0m00:56:03.428686 [info ] [Thread-2 (]: 36 of 39 START test assert_health_score_in_bounds .............................. [RUN]
[0m00:56:03.444729 [debug] [Thread-3 (]: Writing injected SQL for node "test.oss_intel.accepted_values_fct_repo_health_current_health_tier__critical__at_risk__stable__healthy.9a342e5ed4"
[0m00:56:03.428686 [info ] [Thread-4 (]: 37 of 39 START test not_null_fct_repo_health_current_health_score .............. [RUN]
[0m00:56:03.446401 [debug] [Thread-2 (]: Re-using an available connection from the pool (formerly test.oss_intel.not_null_fct_contributor_cohorts_retention_rate.88e22f68cf, now test.oss_intel.assert_health_score_in_bounds)
[0m00:56:03.444729 [info ] [Thread-1 (]: 38 of 39 START test not_null_fct_repo_health_current_repo_id ................... [RUN]
[0m00:56:03.446401 [debug] [Thread-4 (]: Re-using an available connection from the pool (formerly test.oss_intel.relationships_fct_repo_health_monthly_repo_id__repo_id__ref_dim_repo_.0c80c8c8ec, now test.oss_intel.not_null_fct_repo_health_current_health_score.c591e59468)
[0m00:56:03.446401 [debug] [Thread-2 (]: Began compiling node test.oss_intel.assert_health_score_in_bounds
[0m00:56:03.447413 [debug] [Thread-1 (]: Re-using an available connection from the pool (formerly model.oss_intel.fct_repo_health_current, now test.oss_intel.not_null_fct_repo_health_current_repo_id.d840f5a59f)
[0m00:56:03.447866 [debug] [Thread-4 (]: Began compiling node test.oss_intel.not_null_fct_repo_health_current_health_score.c591e59468
[0m00:56:03.448548 [debug] [Thread-2 (]: Writing injected SQL for node "test.oss_intel.assert_health_score_in_bounds"
[0m00:56:03.449727 [debug] [Thread-1 (]: Began compiling node test.oss_intel.not_null_fct_repo_health_current_repo_id.d840f5a59f
[0m00:56:03.452816 [debug] [Thread-4 (]: Writing injected SQL for node "test.oss_intel.not_null_fct_repo_health_current_health_score.c591e59468"
[0m00:56:03.452816 [debug] [Thread-3 (]: Began executing node test.oss_intel.accepted_values_fct_repo_health_current_health_tier__critical__at_risk__stable__healthy.9a342e5ed4
[0m00:56:03.460521 [debug] [Thread-1 (]: Writing injected SQL for node "test.oss_intel.not_null_fct_repo_health_current_repo_id.d840f5a59f"
[0m00:56:03.462902 [debug] [Thread-3 (]: Writing runtime sql for node "test.oss_intel.accepted_values_fct_repo_health_current_health_tier__critical__at_risk__stable__healthy.9a342e5ed4"
[0m00:56:03.463355 [debug] [Thread-2 (]: Began executing node test.oss_intel.assert_health_score_in_bounds
[0m00:56:03.466765 [debug] [Thread-2 (]: Writing runtime sql for node "test.oss_intel.assert_health_score_in_bounds"
[0m00:56:03.467766 [debug] [Thread-1 (]: Began executing node test.oss_intel.not_null_fct_repo_health_current_repo_id.d840f5a59f
[0m00:56:03.468762 [debug] [Thread-4 (]: Began executing node test.oss_intel.not_null_fct_repo_health_current_health_score.c591e59468
[0m00:56:03.471099 [debug] [Thread-1 (]: Writing runtime sql for node "test.oss_intel.not_null_fct_repo_health_current_repo_id.d840f5a59f"
[0m00:56:03.471099 [debug] [Thread-3 (]: Using duckdb connection "test.oss_intel.accepted_values_fct_repo_health_current_health_tier__critical__at_risk__stable__healthy.9a342e5ed4"
[0m00:56:03.473515 [debug] [Thread-4 (]: Writing runtime sql for node "test.oss_intel.not_null_fct_repo_health_current_health_score.c591e59468"
[0m00:56:03.474574 [debug] [Thread-2 (]: Using duckdb connection "test.oss_intel.assert_health_score_in_bounds"
[0m00:56:03.475571 [debug] [Thread-3 (]: On test.oss_intel.accepted_values_fct_repo_health_current_health_tier__critical__at_risk__stable__healthy.9a342e5ed4: BEGIN
[0m00:56:03.475571 [debug] [Thread-2 (]: On test.oss_intel.assert_health_score_in_bounds: BEGIN
[0m00:56:03.476647 [debug] [Thread-3 (]: Opening a new connection, currently in state closed
[0m00:56:03.477040 [debug] [Thread-2 (]: Opening a new connection, currently in state closed
[0m00:56:03.477040 [debug] [Thread-3 (]: SQL status: OK in 0.001 seconds
[0m00:56:03.477040 [debug] [Thread-1 (]: Using duckdb connection "test.oss_intel.not_null_fct_repo_health_current_repo_id.d840f5a59f"
[0m00:56:03.477040 [debug] [Thread-3 (]: Using duckdb connection "test.oss_intel.accepted_values_fct_repo_health_current_health_tier__critical__at_risk__stable__healthy.9a342e5ed4"
[0m00:56:03.477040 [debug] [Thread-2 (]: SQL status: OK in 0.002 seconds
[0m00:56:03.477040 [debug] [Thread-1 (]: On test.oss_intel.not_null_fct_repo_health_current_repo_id.d840f5a59f: BEGIN
[0m00:56:03.477040 [debug] [Thread-3 (]: On test.oss_intel.accepted_values_fct_repo_health_current_health_tier__critical__at_risk__stable__healthy.9a342e5ed4: /* {"app": "dbt", "dbt_version": "1.12.5", "profile_name": "oss_intel", "target_name": "dev", "node_id": "test.oss_intel.accepted_values_fct_repo_health_current_health_tier__critical__at_risk__stable__healthy.9a342e5ed4"} */

    
    select
      count(*) as failures,
      count(*) != 0 as should_warn,
      count(*) != 0 as should_error
    from (
      
    
  
    
    

with all_values as (

    select
        health_tier as value_field,
        count(*) as n_records

    from "oss"."main"."fct_repo_health_current"
    group by health_tier

)

select *
from all_values
where value_field not in (
    'critical','at_risk','stable','healthy'
)



  
  
      
    ) dbt_internal_test
[0m00:56:03.477040 [debug] [Thread-2 (]: Using duckdb connection "test.oss_intel.assert_health_score_in_bounds"
[0m00:56:03.477040 [debug] [Thread-1 (]: Opening a new connection, currently in state closed
[0m00:56:03.477040 [debug] [Thread-2 (]: On test.oss_intel.assert_health_score_in_bounds: /* {"app": "dbt", "dbt_version": "1.12.5", "profile_name": "oss_intel", "target_name": "dev", "node_id": "test.oss_intel.assert_health_score_in_bounds"} */

    
    select
      count(*) as failures,
      count(*) != 0 as should_warn,
      count(*) != 0 as should_error
    from (
      
    
  select repo_id, health_score from "oss"."main"."fct_repo_health_current"
where health_score < 0 or health_score > 100
  
  
      
    ) dbt_internal_test
[0m00:56:03.477040 [debug] [Thread-4 (]: Using duckdb connection "test.oss_intel.not_null_fct_repo_health_current_health_score.c591e59468"
[0m00:56:03.481990 [debug] [Thread-3 (]: SQL status: OK in 0.001 seconds
[0m00:56:03.482632 [debug] [Thread-4 (]: On test.oss_intel.not_null_fct_repo_health_current_health_score.c591e59468: BEGIN
[0m00:56:03.482632 [debug] [Thread-1 (]: SQL status: OK in 0.003 seconds
[0m00:56:03.482632 [debug] [Thread-2 (]: SQL status: OK in 0.001 seconds
[0m00:56:03.482632 [debug] [Thread-3 (]: On test.oss_intel.accepted_values_fct_repo_health_current_health_tier__critical__at_risk__stable__healthy.9a342e5ed4: ROLLBACK
[0m00:56:03.482632 [debug] [Thread-4 (]: Opening a new connection, currently in state closed
[0m00:56:03.482632 [debug] [Thread-1 (]: Using duckdb connection "test.oss_intel.not_null_fct_repo_health_current_repo_id.d840f5a59f"
[0m00:56:03.482632 [debug] [Thread-2 (]: On test.oss_intel.assert_health_score_in_bounds: ROLLBACK
[0m00:56:03.487462 [debug] [Thread-1 (]: On test.oss_intel.not_null_fct_repo_health_current_repo_id.d840f5a59f: /* {"app": "dbt", "dbt_version": "1.12.5", "profile_name": "oss_intel", "target_name": "dev", "node_id": "test.oss_intel.not_null_fct_repo_health_current_repo_id.d840f5a59f"} */

    
    select
      count(*) as failures,
      count(*) != 0 as should_warn,
      count(*) != 0 as should_error
    from (
      
    
  
    
    



select repo_id
from "oss"."main"."fct_repo_health_current"
where repo_id is null



  
  
      
    ) dbt_internal_test
[0m00:56:03.487462 [debug] [Thread-3 (]: On test.oss_intel.accepted_values_fct_repo_health_current_health_tier__critical__at_risk__stable__healthy.9a342e5ed4: Close
[0m00:56:03.487462 [debug] [Thread-4 (]: SQL status: OK in 0.004 seconds
[0m00:56:03.489656 [debug] [Thread-2 (]: On test.oss_intel.assert_health_score_in_bounds: Close
[0m00:56:03.491046 [debug] [Thread-1 (]: SQL status: OK in 0.002 seconds
[0m00:56:03.489656 [info ] [Thread-3 (]: 35 of 39 PASS accepted_values_fct_repo_health_current_health_tier__critical__at_risk__stable__healthy  [[32mPASS[0m in 0.06s]
[0m00:56:03.491046 [debug] [Thread-4 (]: Using duckdb connection "test.oss_intel.not_null_fct_repo_health_current_health_score.c591e59468"
[0m00:56:03.491046 [info ] [Thread-2 (]: 36 of 39 PASS assert_health_score_in_bounds .................................... [[32mPASS[0m in 0.05s]
[0m00:56:03.491046 [debug] [Thread-1 (]: On test.oss_intel.not_null_fct_repo_health_current_repo_id.d840f5a59f: ROLLBACK
[0m00:56:03.491046 [debug] [Thread-3 (]: Finished running node test.oss_intel.accepted_values_fct_repo_health_current_health_tier__critical__at_risk__stable__healthy.9a342e5ed4
[0m00:56:03.491046 [debug] [Thread-4 (]: On test.oss_intel.not_null_fct_repo_health_current_health_score.c591e59468: /* {"app": "dbt", "dbt_version": "1.12.5", "profile_name": "oss_intel", "target_name": "dev", "node_id": "test.oss_intel.not_null_fct_repo_health_current_health_score.c591e59468"} */

    
    select
      count(*) as failures,
      count(*) != 0 as should_warn,
      count(*) != 0 as should_error
    from (
      
    
  
    
    



select health_score
from "oss"."main"."fct_repo_health_current"
where health_score is null



  
  
      
    ) dbt_internal_test
[0m00:56:03.491046 [debug] [Thread-2 (]: Finished running node test.oss_intel.assert_health_score_in_bounds
[0m00:56:03.491046 [debug] [Thread-3 (]: Began running node test.oss_intel.unique_fct_repo_health_current_repo_id.e11f11429d
[0m00:56:03.491046 [debug] [Thread-1 (]: On test.oss_intel.not_null_fct_repo_health_current_repo_id.d840f5a59f: Close
[0m00:56:03.498015 [debug] [Thread-4 (]: SQL status: OK in 0.001 seconds
[0m00:56:03.491046 [info ] [Thread-3 (]: 39 of 39 START test unique_fct_repo_health_current_repo_id ..................... [RUN]
[0m00:56:03.499030 [info ] [Thread-1 (]: 38 of 39 PASS not_null_fct_repo_health_current_repo_id ......................... [[32mPASS[0m in 0.05s]
[0m00:56:03.499850 [debug] [Thread-4 (]: On test.oss_intel.not_null_fct_repo_health_current_health_score.c591e59468: ROLLBACK
[0m00:56:03.499850 [debug] [Thread-3 (]: Re-using an available connection from the pool (formerly test.oss_intel.accepted_values_fct_repo_health_current_health_tier__critical__at_risk__stable__healthy.9a342e5ed4, now test.oss_intel.unique_fct_repo_health_current_repo_id.e11f11429d)
[0m00:56:03.501883 [debug] [Thread-1 (]: Finished running node test.oss_intel.not_null_fct_repo_health_current_repo_id.d840f5a59f
[0m00:56:03.501883 [debug] [Thread-3 (]: Began compiling node test.oss_intel.unique_fct_repo_health_current_repo_id.e11f11429d
[0m00:56:03.502938 [debug] [Thread-4 (]: On test.oss_intel.not_null_fct_repo_health_current_health_score.c591e59468: Close
[0m00:56:03.508902 [debug] [Thread-3 (]: Writing injected SQL for node "test.oss_intel.unique_fct_repo_health_current_repo_id.e11f11429d"
[0m00:56:03.508902 [info ] [Thread-4 (]: 37 of 39 PASS not_null_fct_repo_health_current_health_score .................... [[32mPASS[0m in 0.06s]
[0m00:56:03.508902 [debug] [Thread-4 (]: Finished running node test.oss_intel.not_null_fct_repo_health_current_health_score.c591e59468
[0m00:56:03.508902 [debug] [Thread-3 (]: Began executing node test.oss_intel.unique_fct_repo_health_current_repo_id.e11f11429d
[0m00:56:03.514243 [debug] [Thread-3 (]: Writing runtime sql for node "test.oss_intel.unique_fct_repo_health_current_repo_id.e11f11429d"
[0m00:56:03.515232 [debug] [Thread-3 (]: Using duckdb connection "test.oss_intel.unique_fct_repo_health_current_repo_id.e11f11429d"
[0m00:56:03.515232 [debug] [Thread-3 (]: On test.oss_intel.unique_fct_repo_health_current_repo_id.e11f11429d: BEGIN
[0m00:56:03.516232 [debug] [Thread-3 (]: Opening a new connection, currently in state closed
[0m00:56:03.516232 [debug] [Thread-3 (]: SQL status: OK in 0.001 seconds
[0m00:56:03.517233 [debug] [Thread-3 (]: Using duckdb connection "test.oss_intel.unique_fct_repo_health_current_repo_id.e11f11429d"
[0m00:56:03.517233 [debug] [Thread-3 (]: On test.oss_intel.unique_fct_repo_health_current_repo_id.e11f11429d: /* {"app": "dbt", "dbt_version": "1.12.5", "profile_name": "oss_intel", "target_name": "dev", "node_id": "test.oss_intel.unique_fct_repo_health_current_repo_id.e11f11429d"} */

    
    select
      count(*) as failures,
      count(*) != 0 as should_warn,
      count(*) != 0 as should_error
    from (
      
    
  
    
    

select
    repo_id as unique_field,
    count(*) as n_records

from "oss"."main"."fct_repo_health_current"
where repo_id is not null
group by repo_id
having count(*) > 1



  
  
      
    ) dbt_internal_test
[0m00:56:03.519235 [debug] [Thread-3 (]: SQL status: OK in 0.002 seconds
[0m00:56:03.520754 [debug] [Thread-3 (]: On test.oss_intel.unique_fct_repo_health_current_repo_id.e11f11429d: ROLLBACK
[0m00:56:03.520754 [debug] [Thread-3 (]: On test.oss_intel.unique_fct_repo_health_current_repo_id.e11f11429d: Close
[0m00:56:03.521772 [info ] [Thread-3 (]: 39 of 39 PASS unique_fct_repo_health_current_repo_id ........................... [[32mPASS[0m in 0.02s]
[0m00:56:03.521772 [debug] [Thread-3 (]: Finished running node test.oss_intel.unique_fct_repo_health_current_repo_id.e11f11429d
[0m00:56:03.523787 [debug] [MainThread]: Using duckdb connection "master"
[0m00:56:03.523787 [debug] [MainThread]: On master: BEGIN
[0m00:56:03.523787 [debug] [MainThread]: Opening a new connection, currently in state closed
[0m00:56:03.524766 [debug] [MainThread]: SQL status: OK in 0.001 seconds
[0m00:56:03.524766 [debug] [MainThread]: On master: COMMIT
[0m00:56:03.524766 [debug] [MainThread]: Using duckdb connection "master"
[0m00:56:03.525767 [debug] [MainThread]: On master: COMMIT
[0m00:56:03.525767 [debug] [MainThread]: SQL status: OK in 0.000 seconds
[0m00:56:03.526768 [debug] [MainThread]: On master: Close
[0m00:56:03.527658 [debug] [MainThread]: Connection 'master' was properly closed.
[0m00:56:03.527658 [debug] [MainThread]: Connection 'create_oss_main' was properly closed.
[0m00:56:03.528135 [debug] [MainThread]: Connection 'list_oss_main' was properly closed.
[0m00:56:03.528135 [debug] [MainThread]: Connection 'test.oss_intel.not_null_fct_repo_health_current_repo_id.d840f5a59f' was properly closed.
[0m00:56:03.528135 [debug] [MainThread]: Connection 'test.oss_intel.assert_health_score_in_bounds' was properly closed.
[0m00:56:03.528135 [debug] [MainThread]: Connection 'test.oss_intel.unique_fct_repo_health_current_repo_id.e11f11429d' was properly closed.
[0m00:56:03.529220 [debug] [MainThread]: Connection 'test.oss_intel.not_null_fct_repo_health_current_health_score.c591e59468' was properly closed.
[0m00:56:03.529220 [info ] [MainThread]: 
[0m00:56:03.529220 [info ] [MainThread]: Finished running 4 seeds, 10 table models, 20 data tests, 5 view models in 0 hours 0 minutes and 4.07 seconds (4.07s).
[0m00:56:03.534683 [debug] [MainThread]: Command end result
[0m00:56:03.582607 [debug] [MainThread]: Wrote artifact WritableManifest to C:\Users\ubedu\projects\oss-intel\target\manifest.json
[0m00:56:03.586608 [debug] [MainThread]: Wrote artifact SemanticManifest to C:\Users\ubedu\projects\oss-intel\target\semantic_manifest.json
[0m00:56:03.596986 [debug] [MainThread]: Wrote artifact OsiDocument to C:\Users\ubedu\projects\oss-intel\target\osi_document.json
[0m00:56:03.608805 [debug] [MainThread]: Wrote artifact RunExecutionResult to C:\Users\ubedu\projects\oss-intel\target\run_results.json
[0m00:56:03.609784 [info ] [MainThread]: 
[0m00:56:03.609784 [info ] [MainThread]: [32mCompleted successfully[0m
[0m00:56:03.610728 [info ] [MainThread]: 
[0m00:56:03.610728 [info ] [MainThread]: Done. PASS=39 WARN=0 ERROR=0 SKIP=0 NO-OP=0 REUSED=0 TOTAL=39
[0m00:56:03.611726 [debug] [MainThread]: Command `dbt build` succeeded at 00:56:03.611726 after 5.50 seconds
[0m00:56:03.611726 [debug] [MainThread]: Sending event: {'category': 'dbt', 'action': 'invocation', 'label': 'end', 'context': [<snowplow_tracker.self_describing_json.SelfDescribingJson object at 0x00000223FB7A7C80>, <snowplow_tracker.self_describing_json.SelfDescribingJson object at 0x00000223F798A060>, <snowplow_tracker.self_describing_json.SelfDescribingJson object at 0x00000223F798AB70>]}
[0m00:56:03.612732 [debug] [MainThread]: Flushing usage events
[0m00:56:05.810033 [debug] [MainThread]: An error was encountered while trying to flush usage events
[0m01:01:48.907215 [debug] [MainThread]: Sending event: {'category': 'dbt', 'action': 'invocation', 'label': 'start', 'context': [<snowplow_tracker.self_describing_json.SelfDescribingJson object at 0x000001EC691A63C0>, <snowplow_tracker.self_describing_json.SelfDescribingJson object at 0x000001EC6A567D40>, <snowplow_tracker.self_describing_json.SelfDescribingJson object at 0x000001EC6A5662A0>]}


============================== 01:01:48.912823 | 4659f4e9-e77c-4203-9152-d82c830fdf5c ==============================
[0m01:01:48.912823 [info ] [MainThread]: Running with dbt=1.12.5
[0m01:01:48.912823 [debug] [MainThread]: running dbt with arguments {'maximum_seed_size_mib': '1', 'no_print': 'None', 'static_parser': 'True', 'warn_error_options': 'WarnErrorOptionsV2(error=[], warn=[], silence=[])', 'target_path': 'None', 'version_check': 'True', 'printer_width': '80', 'write_json': 'True', 'introspect': 'True', 'log_cache_events': 'False', 'empty': 'False', 'cache_selected_only': 'False', 'log_format': 'default', 'debug': 'False', 'fail_fast': 'False', 'partial_parse': 'False', 'send_anonymous_usage_stats': 'True', 'quiet': 'False', 'warn_error': 'None', 'profiles_dir': '.', 'invocation_command': 'dbt build --profiles-dir . --no-partial-parse', 'hints_enabled': 'True', 'use_colors': 'True', 'use_experimental_parser': 'False', 'indirect_selection': 'eager', 'log_path': 'C:\\Users\\ubedu\\projects\\oss-intel\\logs'}
[0m01:01:49.198318 [debug] [MainThread]: Sending event: {'category': 'dbt', 'action': 'project_id', 'label': '4659f4e9-e77c-4203-9152-d82c830fdf5c', 'context': [<snowplow_tracker.self_describing_json.SelfDescribingJson object at 0x000001EC6E151C10>]}
[0m01:01:49.260171 [debug] [MainThread]: Sending event: {'category': 'dbt', 'action': 'adapter_info', 'label': '4659f4e9-e77c-4203-9152-d82c830fdf5c', 'context': [<snowplow_tracker.self_describing_json.SelfDescribingJson object at 0x000001EC6C0CE240>]}
[0m01:01:49.260171 [info ] [MainThread]: Registered adapter: duckdb=1.11.0
[0m01:01:49.518905 [debug] [MainThread]: checksum: 7df6d4a785be419a82a28629a0a9d1272444ef023b256f90b78bcec6eba9dcfd, vars: {}, profile: oss_intel, target: dev, version: 1.12.5
[0m01:01:49.518905 [debug] [MainThread]: Partial parsing not enabled
[0m01:01:50.719509 [error] [MainThread]: [[31mERROR[0m]: Encountered an error:
Parsing Error
  Invalid test config given in models\marts\schema.yml:
  	test definition dictionary must have exactly one key, got [('accepted_values', None), ('arguments', {'values': ['tier_1', 'tier_2', 'tier_3']})] instead (2 keys)
  	@: UnparsedModelUpdate(original_file_path='mode...ne)
[0m01:01:50.719509 [debug] [MainThread]: Command `dbt build` failed at 01:01:50.719509 after 1.97 seconds
[0m01:01:50.719509 [debug] [MainThread]: Sending event: {'category': 'dbt', 'action': 'invocation', 'label': 'end', 'context': [<snowplow_tracker.self_describing_json.SelfDescribingJson object at 0x000001EC6C491310>, <snowplow_tracker.self_describing_json.SelfDescribingJson object at 0x000001EC6EBAEE10>, <snowplow_tracker.self_describing_json.SelfDescribingJson object at 0x000001EC6EA79F10>]}
[0m01:01:50.719509 [debug] [MainThread]: Flushing usage events
[0m01:01:52.402329 [debug] [MainThread]: An error was encountered while trying to flush usage events
[0m01:02:36.835002 [debug] [MainThread]: Sending event: {'category': 'dbt', 'action': 'invocation', 'label': 'start', 'context': [<snowplow_tracker.self_describing_json.SelfDescribingJson object at 0x000001391FEB4F80>, <snowplow_tracker.self_describing_json.SelfDescribingJson object at 0x000001391FE7E870>, <snowplow_tracker.self_describing_json.SelfDescribingJson object at 0x000001391A43C530>]}


============================== 01:02:36.837903 | a867adec-cde0-49f3-97ce-67bc1b8770dc ==============================
[0m01:02:36.837903 [info ] [MainThread]: Running with dbt=1.12.5
[0m01:02:36.837903 [debug] [MainThread]: running dbt with arguments {'maximum_seed_size_mib': '1', 'no_print': 'None', 'version_check': 'True', 'target_path': 'None', 'static_parser': 'True', 'warn_error_options': 'WarnErrorOptionsV2(error=[], warn=[], silence=[])', 'printer_width': '80', 'write_json': 'True', 'introspect': 'True', 'log_cache_events': 'False', 'empty': 'False', 'cache_selected_only': 'False', 'fail_fast': 'False', 'debug': 'False', 'log_format': 'default', 'profiles_dir': '.', 'send_anonymous_usage_stats': 'True', 'quiet': 'False', 'warn_error': 'None', 'partial_parse': 'False', 'use_colors': 'True', 'hints_enabled': 'True', 'indirect_selection': 'eager', 'use_experimental_parser': 'False', 'invocation_command': 'dbt build --profiles-dir . --no-partial-parse', 'log_path': 'C:\\Users\\ubedu\\projects\\oss-intel\\logs'}
[0m01:02:37.026063 [debug] [MainThread]: Sending event: {'category': 'dbt', 'action': 'project_id', 'label': 'a867adec-cde0-49f3-97ce-67bc1b8770dc', 'context': [<snowplow_tracker.self_describing_json.SelfDescribingJson object at 0x000001391FAD0FE0>]}
[0m01:02:37.076384 [debug] [MainThread]: Sending event: {'category': 'dbt', 'action': 'adapter_info', 'label': 'a867adec-cde0-49f3-97ce-67bc1b8770dc', 'context': [<snowplow_tracker.self_describing_json.SelfDescribingJson object at 0x000001391DED63C0>]}
[0m01:02:37.078390 [info ] [MainThread]: Registered adapter: duckdb=1.11.0
[0m01:02:37.293463 [debug] [MainThread]: checksum: 7df6d4a785be419a82a28629a0a9d1272444ef023b256f90b78bcec6eba9dcfd, vars: {}, profile: oss_intel, target: dev, version: 1.12.5
[0m01:02:37.293463 [debug] [MainThread]: Partial parsing not enabled
[0m01:02:38.562469 [warn ] [MainThread]: [[33mWARNING[0m][MissingArgumentsPropertyInGenericTestDeprecation]: Deprecated
functionality
Found top-level arguments to test `relationships` defined on
'fct_repo_health_monthly' in package 'oss_intel' (models\marts\schema.yml).
Arguments to generic tests should be nested under the `arguments` property.
[0m01:02:38.563390 [debug] [MainThread]: Sending event: {'category': 'dbt', 'action': 'deprecation', 'label': 'a867adec-cde0-49f3-97ce-67bc1b8770dc', 'property_': 'warn', 'context': [<snowplow_tracker.self_describing_json.SelfDescribingJson object at 0x000001392362E6F0>]}
[0m01:02:38.648135 [debug] [MainThread]: Sending event: {'category': 'dbt', 'action': 'load_project', 'label': 'a867adec-cde0-49f3-97ce-67bc1b8770dc', 'context': [<snowplow_tracker.self_describing_json.SelfDescribingJson object at 0x00000139236BFCE0>]}
[0m01:02:38.754697 [debug] [MainThread]: Wrote artifact WritableManifest to C:\Users\ubedu\projects\oss-intel\target\manifest.json
[0m01:02:38.757891 [debug] [MainThread]: Wrote artifact SemanticManifest to C:\Users\ubedu\projects\oss-intel\target\semantic_manifest.json
[0m01:02:38.800563 [debug] [MainThread]: Wrote artifact OsiDocument to C:\Users\ubedu\projects\oss-intel\target\osi_document.json
[0m01:02:38.843901 [debug] [MainThread]: Sending event: {'category': 'dbt', 'action': 'resource_counts', 'label': 'a867adec-cde0-49f3-97ce-67bc1b8770dc', 'context': [<snowplow_tracker.self_describing_json.SelfDescribingJson object at 0x0000013921A34A40>]}
[0m01:02:38.844899 [info ] [MainThread]: Found 15 models, 20 data tests, 4 seeds, 500 macros
[0m01:02:38.849317 [info ] [MainThread]: 
[0m01:02:38.850305 [info ] [MainThread]: Concurrency: 4 threads (target='dev')
[0m01:02:38.850305 [info ] [MainThread]: 
[0m01:02:38.851306 [debug] [MainThread]: Acquiring new duckdb connection 'master'
[0m01:02:38.856955 [debug] [ThreadPool]: Acquiring new duckdb connection 'list_oss'
[0m01:02:39.048312 [debug] [ThreadPool]: Using duckdb connection "list_oss"
[0m01:02:39.048634 [debug] [ThreadPool]: On list_oss: /* {"app": "dbt", "dbt_version": "1.12.5", "profile_name": "oss_intel", "target_name": "dev", "connection_name": "list_oss"} */

    
    select schema_name
    from system.information_schema.schemata
    
    where lower(catalog_name) = '"oss"'
    
  
  
[0m01:02:39.048634 [debug] [ThreadPool]: Opening a new connection, currently in state init
[0m01:02:39.091387 [debug] [ThreadPool]: SQL status: OK in 0.043 seconds
[0m01:02:39.093388 [debug] [ThreadPool]: On list_oss: Close
[0m01:02:39.095388 [debug] [ThreadPool]: Re-using an available connection from the pool (formerly list_oss, now create_oss_main)
[0m01:02:39.095728 [debug] [ThreadPool]: Creating schema "database: "oss"
schema: "main"
"
[0m01:02:39.103463 [debug] [ThreadPool]: Using duckdb connection "create_oss_main"
[0m01:02:39.103779 [debug] [ThreadPool]: On create_oss_main: /* {"app": "dbt", "dbt_version": "1.12.5", "profile_name": "oss_intel", "target_name": "dev", "connection_name": "create_oss_main"} */

    
        select type from duckdb_databases()
        where lower(database_name)='oss'
        and type != 'duckdb'
    
  
[0m01:02:39.103779 [debug] [ThreadPool]: Opening a new connection, currently in state closed
[0m01:02:39.106352 [debug] [ThreadPool]: SQL status: OK in 0.002 seconds
[0m01:02:39.107722 [debug] [ThreadPool]: Using duckdb connection "create_oss_main"
[0m01:02:39.108717 [debug] [ThreadPool]: On create_oss_main: BEGIN
[0m01:02:39.108717 [debug] [ThreadPool]: SQL status: OK in 0.000 seconds
[0m01:02:39.109712 [debug] [ThreadPool]: Using duckdb connection "create_oss_main"
[0m01:02:39.109712 [debug] [ThreadPool]: On create_oss_main: /* {"app": "dbt", "dbt_version": "1.12.5", "profile_name": "oss_intel", "target_name": "dev", "connection_name": "create_oss_main"} */

    
    
        create schema if not exists "oss"."main"
    
[0m01:02:39.112083 [debug] [ThreadPool]: SQL status: OK in 0.002 seconds
[0m01:02:39.113393 [debug] [ThreadPool]: On create_oss_main: COMMIT
[0m01:02:39.114845 [debug] [ThreadPool]: Using duckdb connection "create_oss_main"
[0m01:02:39.115197 [debug] [ThreadPool]: On create_oss_main: COMMIT
[0m01:02:39.116457 [debug] [ThreadPool]: SQL status: OK in 0.000 seconds
[0m01:02:39.116457 [debug] [ThreadPool]: On create_oss_main: Close
[0m01:02:39.120277 [debug] [ThreadPool]: Acquiring new duckdb connection 'list_oss_main'
[0m01:02:39.129610 [debug] [ThreadPool]: Using duckdb connection "list_oss_main"
[0m01:02:39.130614 [debug] [ThreadPool]: On list_oss_main: BEGIN
[0m01:02:39.131242 [debug] [ThreadPool]: Opening a new connection, currently in state init
[0m01:02:39.132224 [debug] [ThreadPool]: SQL status: OK in 0.001 seconds
[0m01:02:39.133372 [debug] [ThreadPool]: Using duckdb connection "list_oss_main"
[0m01:02:39.133372 [debug] [ThreadPool]: On list_oss_main: /* {"app": "dbt", "dbt_version": "1.12.5", "profile_name": "oss_intel", "target_name": "dev", "connection_name": "list_oss_main"} */
select
      'oss' as database,
      table_name as name,
      table_schema as schema,
      CASE table_type
        WHEN 'BASE TABLE' THEN 'table'
        WHEN 'VIEW' THEN 'view'
        WHEN 'LOCAL TEMPORARY' THEN 'table'
        END as type
    from system.information_schema.tables
    where lower(table_schema) = 'main'
    and lower(table_catalog) = 'oss'
  
[0m01:02:39.143916 [debug] [ThreadPool]: SQL status: OK in 0.010 seconds
[0m01:02:39.146021 [debug] [ThreadPool]: On list_oss_main: ROLLBACK
[0m01:02:39.146021 [debug] [ThreadPool]: On list_oss_main: Close
[0m01:02:39.151472 [debug] [MainThread]: Sending event: {'category': 'dbt', 'action': 'runnable_timing', 'label': 'a867adec-cde0-49f3-97ce-67bc1b8770dc', 'context': [<snowplow_tracker.self_describing_json.SelfDescribingJson object at 0x0000013923730F20>]}
[0m01:02:39.151932 [debug] [MainThread]: Using duckdb connection "master"
[0m01:02:39.151932 [debug] [MainThread]: On master: BEGIN
[0m01:02:39.151932 [debug] [MainThread]: Opening a new connection, currently in state init
[0m01:02:39.153048 [debug] [MainThread]: SQL status: OK in 0.001 seconds
[0m01:02:39.154044 [debug] [MainThread]: On master: COMMIT
[0m01:02:39.154044 [debug] [MainThread]: Using duckdb connection "master"
[0m01:02:39.155049 [debug] [MainThread]: On master: COMMIT
[0m01:02:39.155049 [debug] [MainThread]: SQL status: OK in 0.000 seconds
[0m01:02:39.156059 [debug] [MainThread]: On master: Close
[0m01:02:39.165135 [debug] [Thread-2 (]: Began running node model.oss_intel.stg_scorecard
[0m01:02:39.156948 [debug] [Thread-1 (]: Began running node model.oss_intel.stg_releases
[0m01:02:39.166417 [debug] [Thread-3 (]: Began running node seed.oss_intel.bots
[0m01:02:39.167419 [debug] [Thread-4 (]: Began running node seed.oss_intel.label_map
[0m01:02:39.168129 [info ] [Thread-2 (]: 2 of 39 START sql view model main.stg_scorecard ................................ [RUN]
[0m01:02:39.169295 [info ] [Thread-1 (]: 1 of 39 START sql view model main.stg_releases ................................. [RUN]
[0m01:02:39.171813 [debug] [Thread-2 (]: Acquiring new duckdb connection 'model.oss_intel.stg_scorecard'
[0m01:02:39.173209 [debug] [Thread-1 (]: Acquiring new duckdb connection 'model.oss_intel.stg_releases'
[0m01:02:39.173622 [debug] [Thread-2 (]: Began compiling node model.oss_intel.stg_scorecard
[0m01:02:39.169802 [info ] [Thread-3 (]: 3 of 39 START seed file main.bots .............................................. [RUN]
[0m01:02:39.174800 [debug] [Thread-1 (]: Began compiling node model.oss_intel.stg_releases
[0m01:02:39.170823 [info ] [Thread-4 (]: 4 of 39 START seed file main.label_map ......................................... [RUN]
[0m01:02:39.182319 [debug] [Thread-3 (]: Acquiring new duckdb connection 'seed.oss_intel.bots'
[0m01:02:39.181922 [debug] [Thread-2 (]: Writing injected SQL for node "model.oss_intel.stg_scorecard"
[0m01:02:39.183508 [debug] [Thread-1 (]: Writing injected SQL for node "model.oss_intel.stg_releases"
[0m01:02:39.183508 [debug] [Thread-4 (]: Acquiring new duckdb connection 'seed.oss_intel.label_map'
[0m01:02:39.183508 [debug] [Thread-3 (]: Began compiling node seed.oss_intel.bots
[0m01:02:39.184668 [debug] [Thread-4 (]: Began compiling node seed.oss_intel.label_map
[0m01:02:39.185670 [debug] [Thread-3 (]: Began executing node seed.oss_intel.bots
[0m01:02:39.185670 [debug] [Thread-4 (]: Began executing node seed.oss_intel.label_map
[0m01:02:39.203007 [debug] [Thread-1 (]: Began executing node model.oss_intel.stg_releases
[0m01:02:39.203007 [debug] [Thread-2 (]: Began executing node model.oss_intel.stg_scorecard
[0m01:02:39.225945 [debug] [Thread-2 (]: Writing runtime sql for node "model.oss_intel.stg_scorecard"
[0m01:02:39.227937 [debug] [Thread-1 (]: Writing runtime sql for node "model.oss_intel.stg_releases"
[0m01:02:39.237831 [debug] [Thread-4 (]: Using duckdb connection "seed.oss_intel.label_map"
[0m01:02:39.239836 [debug] [Thread-4 (]: On seed.oss_intel.label_map: BEGIN
[0m01:02:39.239836 [debug] [Thread-4 (]: Opening a new connection, currently in state init
[0m01:02:39.241049 [debug] [Thread-2 (]: Using duckdb connection "model.oss_intel.stg_scorecard"
[0m01:02:39.241049 [debug] [Thread-2 (]: On model.oss_intel.stg_scorecard: BEGIN
[0m01:02:39.241764 [debug] [Thread-2 (]: Opening a new connection, currently in state init
[0m01:02:39.241764 [debug] [Thread-1 (]: Using duckdb connection "model.oss_intel.stg_releases"
[0m01:02:39.241764 [debug] [Thread-1 (]: On model.oss_intel.stg_releases: BEGIN
[0m01:02:39.241764 [debug] [Thread-1 (]: Opening a new connection, currently in state init
[0m01:02:39.241764 [debug] [Thread-3 (]: Using duckdb connection "seed.oss_intel.bots"
[0m01:02:39.241764 [debug] [Thread-3 (]: On seed.oss_intel.bots: BEGIN
[0m01:02:39.241764 [debug] [Thread-3 (]: Opening a new connection, currently in state init
[0m01:02:39.241764 [debug] [Thread-4 (]: SQL status: OK in 0.006 seconds
[0m01:02:39.241764 [debug] [Thread-4 (]: Using duckdb connection "seed.oss_intel.label_map"
[0m01:02:39.241764 [debug] [Thread-4 (]: On seed.oss_intel.label_map: /* {"app": "dbt", "dbt_version": "1.12.5", "profile_name": "oss_intel", "target_name": "dev", "node_id": "seed.oss_intel.label_map"} */
truncate table "oss"."main"."label_map"
[0m01:02:39.247902 [debug] [Thread-2 (]: SQL status: OK in 0.006 seconds
[0m01:02:39.248777 [debug] [Thread-2 (]: Using duckdb connection "model.oss_intel.stg_scorecard"
[0m01:02:39.248777 [debug] [Thread-2 (]: On model.oss_intel.stg_scorecard: /* {"app": "dbt", "dbt_version": "1.12.5", "profile_name": "oss_intel", "target_name": "dev", "node_id": "model.oss_intel.stg_scorecard"} */

  
  create view "oss"."main"."stg_scorecard__dbt_tmp" as (
    -- OpenSSF Scorecard: the one signal in this project computed by someone else.
-- Coverage is partial (26/30) because the REST API only serves projects that
-- opted in with publish_results: true. Missing is null, never zero.
with src as (

    select * from read_parquet('data/raw/scorecard/**/*.parquet', union_by_name = true)

),

ranked as (

    select
        cast(repo_id as bigint) as repo_id,
        scorecard_date,
        scorecard_overall,
        check_maintained,
        check_code_review,
        check_vulnerabilities,
        source,
        row_number() over (partition by repo_id order by scorecard_date desc) as rn
    from src
    where repo_id is not null

)

select * exclude (rn) from ranked where rn = 1
  );

[0m01:02:39.249284 [debug] [Thread-1 (]: SQL status: OK in 0.007 seconds
[0m01:02:39.249284 [debug] [Thread-1 (]: Using duckdb connection "model.oss_intel.stg_releases"
[0m01:02:39.249284 [debug] [Thread-1 (]: On model.oss_intel.stg_releases: /* {"app": "dbt", "dbt_version": "1.12.5", "profile_name": "oss_intel", "target_name": "dev", "node_id": "model.oss_intel.stg_releases"} */

  
  create view "oss"."main"."stg_releases__dbt_tmp" as (
    with src as (

    select * from read_parquet('data/raw/releases/**/*.parquet', union_by_name = true)

)

select distinct
    cast(repo_id as bigint) as repo_id,
    tag_name,
    published_at
from src
where published_at is not null
  );

[0m01:02:39.249284 [debug] [Thread-3 (]: SQL status: OK in 0.006 seconds
[0m01:02:39.249284 [debug] [Thread-3 (]: Using duckdb connection "seed.oss_intel.bots"
[0m01:02:39.249284 [debug] [Thread-4 (]: SQL status: OK in 0.005 seconds
[0m01:02:39.249284 [debug] [Thread-3 (]: On seed.oss_intel.bots: /* {"app": "dbt", "dbt_version": "1.12.5", "profile_name": "oss_intel", "target_name": "dev", "node_id": "seed.oss_intel.bots"} */
truncate table "oss"."main"."bots"
[0m01:02:39.263858 [debug] [Thread-4 (]: Using duckdb connection "seed.oss_intel.label_map"
[0m01:02:39.263858 [debug] [Thread-1 (]: SQL status: OK in 0.013 seconds
[0m01:02:39.263858 [debug] [Thread-2 (]: SQL status: OK in 0.016 seconds
[0m01:02:39.263858 [debug] [Thread-4 (]: On seed.oss_intel.label_map: 
          COPY "oss"."main"."label_map" FROM 'C:\Users\ubedu\projects\oss-intel\seeds\label_map.csv' (FORMAT CSV, HEADER TRUE, DELIMITER ',')
        ...
[0m01:02:39.263858 [debug] [Thread-3 (]: SQL status: OK in 0.001 seconds
[0m01:02:39.270212 [debug] [Thread-1 (]: Using duckdb connection "model.oss_intel.stg_releases"
[0m01:02:39.270212 [debug] [Thread-2 (]: Using duckdb connection "model.oss_intel.stg_scorecard"
[0m01:02:39.270212 [debug] [Thread-3 (]: Using duckdb connection "seed.oss_intel.bots"
[0m01:02:39.270212 [debug] [Thread-1 (]: On model.oss_intel.stg_releases: /* {"app": "dbt", "dbt_version": "1.12.5", "profile_name": "oss_intel", "target_name": "dev", "node_id": "model.oss_intel.stg_releases"} */
alter view "oss"."main"."stg_releases" rename to "stg_releases__dbt_backup"
[0m01:02:39.270212 [debug] [Thread-2 (]: On model.oss_intel.stg_scorecard: /* {"app": "dbt", "dbt_version": "1.12.5", "profile_name": "oss_intel", "target_name": "dev", "node_id": "model.oss_intel.stg_scorecard"} */
alter view "oss"."main"."stg_scorecard" rename to "stg_scorecard__dbt_backup"
[0m01:02:39.270212 [debug] [Thread-3 (]: On seed.oss_intel.bots: 
          COPY "oss"."main"."bots" FROM 'C:\Users\ubedu\projects\oss-intel\seeds\bots.csv' (FORMAT CSV, HEADER TRUE, DELIMITER ',')
        ...
[0m01:02:39.270212 [debug] [Thread-2 (]: SQL status: OK in 0.000 seconds
[0m01:02:39.270212 [debug] [Thread-1 (]: SQL status: OK in 0.001 seconds
[0m01:02:39.270212 [debug] [Thread-2 (]: Using duckdb connection "model.oss_intel.stg_scorecard"
[0m01:02:39.279589 [debug] [Thread-1 (]: Using duckdb connection "model.oss_intel.stg_releases"
[0m01:02:39.279589 [debug] [Thread-2 (]: On model.oss_intel.stg_scorecard: /* {"app": "dbt", "dbt_version": "1.12.5", "profile_name": "oss_intel", "target_name": "dev", "node_id": "model.oss_intel.stg_scorecard"} */
alter view "oss"."main"."stg_scorecard__dbt_tmp" rename to "stg_scorecard"
[0m01:02:39.279589 [debug] [Thread-1 (]: On model.oss_intel.stg_releases: /* {"app": "dbt", "dbt_version": "1.12.5", "profile_name": "oss_intel", "target_name": "dev", "node_id": "model.oss_intel.stg_releases"} */
alter view "oss"."main"."stg_releases__dbt_tmp" rename to "stg_releases"
[0m01:02:39.279589 [debug] [Thread-2 (]: SQL status: OK in 0.000 seconds
[0m01:02:39.279589 [debug] [Thread-3 (]: SQL status: OK in 0.005 seconds
[0m01:02:39.279589 [debug] [Thread-2 (]: On model.oss_intel.stg_scorecard: COMMIT
[0m01:02:39.279589 [debug] [Thread-1 (]: SQL status: OK in 0.010 seconds
[0m01:02:39.279589 [debug] [Thread-4 (]: SQL status: OK in 0.016 seconds
[0m01:02:39.279589 [debug] [Thread-3 (]: Writing runtime SQL for node "seed.oss_intel.bots"
[0m01:02:39.279589 [debug] [Thread-2 (]: Using duckdb connection "model.oss_intel.stg_scorecard"
[0m01:02:39.295613 [debug] [Thread-1 (]: On model.oss_intel.stg_releases: COMMIT
[0m01:02:39.295613 [debug] [Thread-4 (]: Writing runtime SQL for node "seed.oss_intel.label_map"
[0m01:02:39.295613 [debug] [Thread-2 (]: On model.oss_intel.stg_scorecard: COMMIT
[0m01:02:39.295613 [debug] [Thread-1 (]: Using duckdb connection "model.oss_intel.stg_releases"
[0m01:02:39.295613 [debug] [Thread-3 (]: On seed.oss_intel.bots: COMMIT
[0m01:02:39.295613 [debug] [Thread-1 (]: On model.oss_intel.stg_releases: COMMIT
[0m01:02:39.295613 [debug] [Thread-3 (]: Using duckdb connection "seed.oss_intel.bots"
[0m01:02:39.295613 [debug] [Thread-4 (]: On seed.oss_intel.label_map: COMMIT
[0m01:02:39.295613 [debug] [Thread-3 (]: On seed.oss_intel.bots: COMMIT
[0m01:02:39.295613 [debug] [Thread-4 (]: Using duckdb connection "seed.oss_intel.label_map"
[0m01:02:39.295613 [debug] [Thread-2 (]: SQL status: OK in 0.004 seconds
[0m01:02:39.295613 [debug] [Thread-1 (]: SQL status: OK in 0.002 seconds
[0m01:02:39.295613 [debug] [Thread-4 (]: On seed.oss_intel.label_map: COMMIT
[0m01:02:39.295613 [debug] [Thread-2 (]: Using duckdb connection "model.oss_intel.stg_scorecard"
[0m01:02:39.295613 [debug] [Thread-1 (]: Using duckdb connection "model.oss_intel.stg_releases"
[0m01:02:39.295613 [debug] [Thread-3 (]: SQL status: OK in 0.005 seconds
[0m01:02:39.295613 [debug] [Thread-2 (]: On model.oss_intel.stg_scorecard: /* {"app": "dbt", "dbt_version": "1.12.5", "profile_name": "oss_intel", "target_name": "dev", "node_id": "model.oss_intel.stg_scorecard"} */

      drop view if exists "oss"."main"."stg_scorecard__dbt_backup" cascade
    
[0m01:02:39.295613 [debug] [Thread-1 (]: On model.oss_intel.stg_releases: /* {"app": "dbt", "dbt_version": "1.12.5", "profile_name": "oss_intel", "target_name": "dev", "node_id": "model.oss_intel.stg_releases"} */

      drop view if exists "oss"."main"."stg_releases__dbt_backup" cascade
    
[0m01:02:39.295613 [debug] [Thread-3 (]: On seed.oss_intel.bots: Close
[0m01:02:39.295613 [debug] [Thread-4 (]: SQL status: OK in 0.002 seconds
[0m01:02:39.295613 [debug] [Thread-4 (]: On seed.oss_intel.label_map: Close
[0m01:02:39.311244 [debug] [Thread-2 (]: SQL status: OK in 0.002 seconds
[0m01:02:39.311244 [debug] [Thread-2 (]: On model.oss_intel.stg_scorecard: Close
[0m01:02:39.311244 [debug] [Thread-1 (]: SQL status: OK in 0.004 seconds
[0m01:02:39.311244 [debug] [Thread-1 (]: On model.oss_intel.stg_releases: Close
[0m01:02:39.311244 [debug] [Thread-3 (]: Sending event: {'category': 'dbt', 'action': 'run_model', 'label': 'a867adec-cde0-49f3-97ce-67bc1b8770dc', 'context': [<snowplow_tracker.self_describing_json.SelfDescribingJson object at 0x00000139235C0E00>]}
[0m01:02:39.311244 [debug] [Thread-4 (]: Sending event: {'category': 'dbt', 'action': 'run_model', 'label': 'a867adec-cde0-49f3-97ce-67bc1b8770dc', 'context': [<snowplow_tracker.self_describing_json.SelfDescribingJson object at 0x00000139235C0530>]}
[0m01:02:39.311244 [info ] [Thread-3 (]: 3 of 39 OK loaded seed file main.bots .......................................... [[32mINSERT 14[0m in 0.11s]
[0m01:02:39.311244 [debug] [Thread-3 (]: Finished running node seed.oss_intel.bots
[0m01:02:39.311244 [debug] [Thread-2 (]: Sending event: {'category': 'dbt', 'action': 'run_model', 'label': 'a867adec-cde0-49f3-97ce-67bc1b8770dc', 'context': [<snowplow_tracker.self_describing_json.SelfDescribingJson object at 0x0000013923BAF3E0>]}
[0m01:02:39.311244 [info ] [Thread-4 (]: 4 of 39 OK loaded seed file main.label_map ..................................... [[32mINSERT 16[0m in 0.11s]
[0m01:02:39.311244 [debug] [Thread-1 (]: Sending event: {'category': 'dbt', 'action': 'run_model', 'label': 'a867adec-cde0-49f3-97ce-67bc1b8770dc', 'context': [<snowplow_tracker.self_describing_json.SelfDescribingJson object at 0x00000139235C0350>]}
[0m01:02:39.311244 [debug] [Thread-3 (]: Began running node seed.oss_intel.repos
[0m01:02:39.311244 [info ] [Thread-2 (]: 2 of 39 OK created sql view model main.stg_scorecard ........................... [[32mOK[0m in 0.14s]
[0m01:02:39.311244 [debug] [Thread-4 (]: Finished running node seed.oss_intel.label_map
[0m01:02:39.311244 [info ] [Thread-1 (]: 1 of 39 OK created sql view model main.stg_releases ............................ [[32mOK[0m in 0.14s]
[0m01:02:39.311244 [debug] [Thread-2 (]: Finished running node model.oss_intel.stg_scorecard
[0m01:02:39.311244 [info ] [Thread-3 (]: 5 of 39 START seed file main.repos ............................................. [RUN]
[0m01:02:39.311244 [debug] [Thread-4 (]: Began running node seed.oss_intel.score_weights
[0m01:02:39.311244 [debug] [Thread-1 (]: Finished running node model.oss_intel.stg_releases
[0m01:02:39.311244 [debug] [Thread-2 (]: Began running node model.oss_intel.stg_contributions
[0m01:02:39.311244 [debug] [Thread-3 (]: Re-using an available connection from the pool (formerly seed.oss_intel.bots, now seed.oss_intel.repos)
[0m01:02:39.311244 [debug] [Thread-1 (]: Began running node model.oss_intel.stg_gharchive
[0m01:02:39.311244 [info ] [Thread-4 (]: 6 of 39 START seed file main.score_weights ..................................... [RUN]
[0m01:02:39.311244 [info ] [Thread-2 (]: 7 of 39 START sql view model main.stg_contributions ............................ [RUN]
[0m01:02:39.311244 [debug] [Thread-3 (]: Began compiling node seed.oss_intel.repos
[0m01:02:39.311244 [info ] [Thread-1 (]: 8 of 39 START sql view model main.stg_gharchive ................................ [RUN]
[0m01:02:39.322426 [debug] [Thread-4 (]: Re-using an available connection from the pool (formerly seed.oss_intel.label_map, now seed.oss_intel.score_weights)
[0m01:02:39.322426 [debug] [Thread-2 (]: Re-using an available connection from the pool (formerly model.oss_intel.stg_scorecard, now model.oss_intel.stg_contributions)
[0m01:02:39.322426 [debug] [Thread-3 (]: Began executing node seed.oss_intel.repos
[0m01:02:39.323432 [debug] [Thread-1 (]: Re-using an available connection from the pool (formerly model.oss_intel.stg_releases, now model.oss_intel.stg_gharchive)
[0m01:02:39.323432 [debug] [Thread-4 (]: Began compiling node seed.oss_intel.score_weights
[0m01:02:39.323432 [debug] [Thread-2 (]: Began compiling node model.oss_intel.stg_contributions
[0m01:02:39.324431 [debug] [Thread-1 (]: Began compiling node model.oss_intel.stg_gharchive
[0m01:02:39.325433 [debug] [Thread-4 (]: Began executing node seed.oss_intel.score_weights
[0m01:02:39.326513 [debug] [Thread-2 (]: Writing injected SQL for node "model.oss_intel.stg_contributions"
[0m01:02:39.328432 [debug] [Thread-1 (]: Writing injected SQL for node "model.oss_intel.stg_gharchive"
[0m01:02:39.331431 [debug] [Thread-4 (]: Using duckdb connection "seed.oss_intel.score_weights"
[0m01:02:39.331431 [debug] [Thread-4 (]: On seed.oss_intel.score_weights: BEGIN
[0m01:02:39.332431 [debug] [Thread-4 (]: Opening a new connection, currently in state closed
[0m01:02:39.332431 [debug] [Thread-3 (]: Using duckdb connection "seed.oss_intel.repos"
[0m01:02:39.332431 [debug] [Thread-1 (]: Began executing node model.oss_intel.stg_gharchive
[0m01:02:39.332431 [debug] [Thread-3 (]: On seed.oss_intel.repos: BEGIN
[0m01:02:39.332431 [debug] [Thread-2 (]: Began executing node model.oss_intel.stg_contributions
[0m01:02:39.332431 [debug] [Thread-1 (]: Writing runtime sql for node "model.oss_intel.stg_gharchive"
[0m01:02:39.332431 [debug] [Thread-4 (]: SQL status: OK in 0.006 seconds
[0m01:02:39.332431 [debug] [Thread-3 (]: Opening a new connection, currently in state closed
[0m01:02:39.339372 [debug] [Thread-4 (]: Using duckdb connection "seed.oss_intel.score_weights"
[0m01:02:39.339372 [debug] [Thread-2 (]: Writing runtime sql for node "model.oss_intel.stg_contributions"
[0m01:02:39.339372 [debug] [Thread-4 (]: On seed.oss_intel.score_weights: /* {"app": "dbt", "dbt_version": "1.12.5", "profile_name": "oss_intel", "target_name": "dev", "node_id": "seed.oss_intel.score_weights"} */
truncate table "oss"."main"."score_weights"
[0m01:02:39.342292 [debug] [Thread-1 (]: Using duckdb connection "model.oss_intel.stg_gharchive"
[0m01:02:39.342292 [debug] [Thread-3 (]: SQL status: OK in 0.004 seconds
[0m01:02:39.343304 [debug] [Thread-1 (]: On model.oss_intel.stg_gharchive: BEGIN
[0m01:02:39.343304 [debug] [Thread-3 (]: Using duckdb connection "seed.oss_intel.repos"
[0m01:02:39.343304 [debug] [Thread-1 (]: Opening a new connection, currently in state closed
[0m01:02:39.344303 [debug] [Thread-4 (]: SQL status: OK in 0.001 seconds
[0m01:02:39.344303 [debug] [Thread-3 (]: On seed.oss_intel.repos: /* {"app": "dbt", "dbt_version": "1.12.5", "profile_name": "oss_intel", "target_name": "dev", "node_id": "seed.oss_intel.repos"} */
truncate table "oss"."main"."repos"
[0m01:02:39.344303 [debug] [Thread-2 (]: Using duckdb connection "model.oss_intel.stg_contributions"
[0m01:02:39.345355 [debug] [Thread-4 (]: Using duckdb connection "seed.oss_intel.score_weights"
[0m01:02:39.346297 [debug] [Thread-1 (]: SQL status: OK in 0.003 seconds
[0m01:02:39.346297 [debug] [Thread-2 (]: On model.oss_intel.stg_contributions: BEGIN
[0m01:02:39.347358 [debug] [Thread-3 (]: SQL status: OK in 0.001 seconds
[0m01:02:39.347358 [debug] [Thread-4 (]: On seed.oss_intel.score_weights: 
          COPY "oss"."main"."score_weights" FROM 'C:\Users\ubedu\projects\oss-intel\seeds\score_weights.csv' (FORMAT CSV, HEADER TRUE, DELIMITER ',')
        ...
[0m01:02:39.347358 [debug] [Thread-1 (]: Using duckdb connection "model.oss_intel.stg_gharchive"
[0m01:02:39.347358 [debug] [Thread-2 (]: Opening a new connection, currently in state closed
[0m01:02:39.348543 [debug] [Thread-3 (]: Using duckdb connection "seed.oss_intel.repos"
[0m01:02:39.349543 [debug] [Thread-1 (]: On model.oss_intel.stg_gharchive: /* {"app": "dbt", "dbt_version": "1.12.5", "profile_name": "oss_intel", "target_name": "dev", "node_id": "model.oss_intel.stg_gharchive"} */

  
  create view "oss"."main"."stg_gharchive__dbt_tmp" as (
    -- GH Archive. HISTORICAL ONLY - event fidelity degraded badly through 2026
-- (see ADR 0002), so this feeds the archived-repo backtest and the fidelity
-- exhibit, and no live metric.
with src as (

    select * from read_parquet('data/raw/gharchive/**/*.parquet', union_by_name = true)

),

deduped as (

    -- a backfill range and a daily run can both cover the same date
    select
        cast(event_date as date)    as event_date,
        cast(repo_id as bigint)     as repo_id,
        actor,
        event_type,
        max(cast(n as integer))     as event_count
    from src
    group by 1, 2, 3, 4

)

select d.*
from deduped d
left join "oss"."main"."bots" b on lower(d.actor) = lower(b.login)
where b.login is null
  and d.actor not like '%[bot]'
  );

[0m01:02:39.349543 [debug] [Thread-3 (]: On seed.oss_intel.repos: 
          COPY "oss"."main"."repos" FROM 'C:\Users\ubedu\projects\oss-intel\seeds\repos.csv' (FORMAT CSV, HEADER TRUE, DELIMITER ',')
        ...
[0m01:02:39.350545 [debug] [Thread-2 (]: SQL status: OK in 0.003 seconds
[0m01:02:39.350545 [debug] [Thread-2 (]: Using duckdb connection "model.oss_intel.stg_contributions"
[0m01:02:39.351544 [debug] [Thread-2 (]: On model.oss_intel.stg_contributions: /* {"app": "dbt", "dbt_version": "1.12.5", "profile_name": "oss_intel", "target_name": "dev", "node_id": "model.oss_intel.stg_contributions"} */

  
  create view "oss"."main"."stg_contributions__dbt_tmp" as (
    -- Person-actions derived from issues, PRs, comments and reviews.
-- Replaces GH Archive as the cohort input (see ADR 0002).
-- A contribution is work. Stars and forks are interest, and are not here.
with src as (

    select * from read_parquet('data/raw/contributions/**/*.parquet', union_by_name = true)

)

select distinct
    cast(repo_id as bigint)                     as repo_id,
    actor,
    contributed_at,
    contribution_type,
    date_trunc('month', contributed_at)         as contribution_month
from src s
where actor is not null
  and actor not like '%[bot]'
  and not exists (select 1 from "oss"."main"."bots" b where lower(b.login) = lower(s.actor))
  );

[0m01:02:39.352546 [debug] [Thread-4 (]: SQL status: OK in 0.003 seconds
[0m01:02:39.353487 [debug] [Thread-4 (]: Writing runtime SQL for node "seed.oss_intel.score_weights"
[0m01:02:39.353487 [debug] [Thread-3 (]: SQL status: OK in 0.004 seconds
[0m01:02:39.355493 [debug] [Thread-3 (]: Writing runtime SQL for node "seed.oss_intel.repos"
[0m01:02:39.356894 [debug] [Thread-3 (]: On seed.oss_intel.repos: COMMIT
[0m01:02:39.356894 [debug] [Thread-3 (]: Using duckdb connection "seed.oss_intel.repos"
[0m01:02:39.356894 [debug] [Thread-3 (]: On seed.oss_intel.repos: COMMIT
[0m01:02:39.356894 [debug] [Thread-4 (]: On seed.oss_intel.score_weights: COMMIT
[0m01:02:39.356894 [debug] [Thread-4 (]: Using duckdb connection "seed.oss_intel.score_weights"
[0m01:02:39.356894 [debug] [Thread-4 (]: On seed.oss_intel.score_weights: COMMIT
[0m01:02:39.360881 [debug] [Thread-2 (]: SQL status: OK in 0.009 seconds
[0m01:02:39.360881 [debug] [Thread-2 (]: Using duckdb connection "model.oss_intel.stg_contributions"
[0m01:02:39.360881 [debug] [Thread-2 (]: On model.oss_intel.stg_contributions: /* {"app": "dbt", "dbt_version": "1.12.5", "profile_name": "oss_intel", "target_name": "dev", "node_id": "model.oss_intel.stg_contributions"} */
alter view "oss"."main"."stg_contributions" rename to "stg_contributions__dbt_backup"
[0m01:02:39.360881 [debug] [Thread-3 (]: SQL status: OK in 0.004 seconds
[0m01:02:39.360881 [debug] [Thread-3 (]: On seed.oss_intel.repos: Close
[0m01:02:39.360881 [debug] [Thread-3 (]: Sending event: {'category': 'dbt', 'action': 'run_model', 'label': 'a867adec-cde0-49f3-97ce-67bc1b8770dc', 'context': [<snowplow_tracker.self_describing_json.SelfDescribingJson object at 0x00000139223ABE60>]}
[0m01:02:39.364343 [debug] [Thread-1 (]: SQL status: OK in 0.014 seconds
[0m01:02:39.364343 [debug] [Thread-2 (]: SQL status: OK in 0.002 seconds
[0m01:02:39.364343 [debug] [Thread-4 (]: SQL status: OK in 0.004 seconds
[0m01:02:39.364343 [info ] [Thread-3 (]: 5 of 39 OK loaded seed file main.repos ......................................... [[32mINSERT 30[0m in 0.05s]
[0m01:02:39.366433 [debug] [Thread-1 (]: Using duckdb connection "model.oss_intel.stg_gharchive"
[0m01:02:39.367393 [debug] [Thread-2 (]: Using duckdb connection "model.oss_intel.stg_contributions"
[0m01:02:39.368431 [debug] [Thread-4 (]: On seed.oss_intel.score_weights: Close
[0m01:02:39.368431 [debug] [Thread-3 (]: Finished running node seed.oss_intel.repos
[0m01:02:39.368431 [debug] [Thread-1 (]: On model.oss_intel.stg_gharchive: /* {"app": "dbt", "dbt_version": "1.12.5", "profile_name": "oss_intel", "target_name": "dev", "node_id": "model.oss_intel.stg_gharchive"} */
alter view "oss"."main"."stg_gharchive" rename to "stg_gharchive__dbt_backup"
[0m01:02:39.369433 [debug] [Thread-2 (]: On model.oss_intel.stg_contributions: /* {"app": "dbt", "dbt_version": "1.12.5", "profile_name": "oss_intel", "target_name": "dev", "node_id": "model.oss_intel.stg_contributions"} */
alter view "oss"."main"."stg_contributions__dbt_tmp" rename to "stg_contributions"
[0m01:02:39.369433 [debug] [Thread-4 (]: Sending event: {'category': 'dbt', 'action': 'run_model', 'label': 'a867adec-cde0-49f3-97ce-67bc1b8770dc', 'context': [<snowplow_tracker.self_describing_json.SelfDescribingJson object at 0x00000139235E9370>]}
[0m01:02:39.369433 [debug] [Thread-3 (]: Began running node model.oss_intel.stg_issues_prs
[0m01:02:39.370439 [debug] [Thread-1 (]: SQL status: OK in 0.001 seconds
[0m01:02:39.370439 [debug] [Thread-2 (]: SQL status: OK in 0.001 seconds
[0m01:02:39.372681 [debug] [Thread-1 (]: Using duckdb connection "model.oss_intel.stg_gharchive"
[0m01:02:39.370439 [info ] [Thread-4 (]: 6 of 39 OK loaded seed file main.score_weights ................................. [[32mINSERT 6[0m in 0.05s]
[0m01:02:39.376034 [debug] [Thread-2 (]: On model.oss_intel.stg_contributions: COMMIT
[0m01:02:39.371685 [info ] [Thread-3 (]: 9 of 39 START sql view model main.stg_issues_prs ............................... [RUN]
[0m01:02:39.377054 [debug] [Thread-1 (]: On model.oss_intel.stg_gharchive: /* {"app": "dbt", "dbt_version": "1.12.5", "profile_name": "oss_intel", "target_name": "dev", "node_id": "model.oss_intel.stg_gharchive"} */
alter view "oss"."main"."stg_gharchive__dbt_tmp" rename to "stg_gharchive"
[0m01:02:39.378043 [debug] [Thread-4 (]: Finished running node seed.oss_intel.score_weights
[0m01:02:39.378043 [debug] [Thread-2 (]: Using duckdb connection "model.oss_intel.stg_contributions"
[0m01:02:39.378043 [debug] [Thread-3 (]: Re-using an available connection from the pool (formerly seed.oss_intel.repos, now model.oss_intel.stg_issues_prs)
[0m01:02:39.378043 [debug] [Thread-4 (]: Began running node model.oss_intel.dim_repo
[0m01:02:39.378043 [debug] [Thread-2 (]: On model.oss_intel.stg_contributions: COMMIT
[0m01:02:39.378043 [debug] [Thread-1 (]: SQL status: OK in 0.001 seconds
[0m01:02:39.378043 [debug] [Thread-3 (]: Began compiling node model.oss_intel.stg_issues_prs
[0m01:02:39.385035 [debug] [Thread-1 (]: On model.oss_intel.stg_gharchive: COMMIT
[0m01:02:39.381008 [info ] [Thread-4 (]: 10 of 39 START sql table model main.dim_repo ................................... [RUN]
[0m01:02:39.386023 [debug] [Thread-2 (]: SQL status: OK in 0.004 seconds
[0m01:02:39.388038 [debug] [Thread-3 (]: Writing injected SQL for node "model.oss_intel.stg_issues_prs"
[0m01:02:39.389414 [debug] [Thread-1 (]: Using duckdb connection "model.oss_intel.stg_gharchive"
[0m01:02:39.389414 [debug] [Thread-4 (]: Re-using an available connection from the pool (formerly seed.oss_intel.score_weights, now model.oss_intel.dim_repo)
[0m01:02:39.391421 [debug] [Thread-2 (]: Using duckdb connection "model.oss_intel.stg_contributions"
[0m01:02:39.392079 [debug] [Thread-1 (]: On model.oss_intel.stg_gharchive: COMMIT
[0m01:02:39.392079 [debug] [Thread-4 (]: Began compiling node model.oss_intel.dim_repo
[0m01:02:39.392079 [debug] [Thread-2 (]: On model.oss_intel.stg_contributions: /* {"app": "dbt", "dbt_version": "1.12.5", "profile_name": "oss_intel", "target_name": "dev", "node_id": "model.oss_intel.stg_contributions"} */

      drop view if exists "oss"."main"."stg_contributions__dbt_backup" cascade
    
[0m01:02:39.397620 [debug] [Thread-4 (]: Writing injected SQL for node "model.oss_intel.dim_repo"
[0m01:02:39.398629 [debug] [Thread-1 (]: SQL status: OK in 0.003 seconds
[0m01:02:39.398629 [debug] [Thread-3 (]: Began executing node model.oss_intel.stg_issues_prs
[0m01:02:39.402496 [debug] [Thread-1 (]: Using duckdb connection "model.oss_intel.stg_gharchive"
[0m01:02:39.407126 [debug] [Thread-3 (]: Writing runtime sql for node "model.oss_intel.stg_issues_prs"
[0m01:02:39.408042 [debug] [Thread-1 (]: On model.oss_intel.stg_gharchive: /* {"app": "dbt", "dbt_version": "1.12.5", "profile_name": "oss_intel", "target_name": "dev", "node_id": "model.oss_intel.stg_gharchive"} */

      drop view if exists "oss"."main"."stg_gharchive__dbt_backup" cascade
    
[0m01:02:39.408042 [debug] [Thread-2 (]: SQL status: OK in 0.010 seconds
[0m01:02:39.409041 [debug] [Thread-4 (]: Began executing node model.oss_intel.dim_repo
[0m01:02:39.411799 [debug] [Thread-2 (]: On model.oss_intel.stg_contributions: Close
[0m01:02:39.431079 [debug] [Thread-1 (]: SQL status: OK in 0.021 seconds
[0m01:02:39.432212 [debug] [Thread-1 (]: On model.oss_intel.stg_gharchive: Close
[0m01:02:39.433168 [debug] [Thread-1 (]: Sending event: {'category': 'dbt', 'action': 'run_model', 'label': 'a867adec-cde0-49f3-97ce-67bc1b8770dc', 'context': [<snowplow_tracker.self_describing_json.SelfDescribingJson object at 0x000001392241F770>]}
[0m01:02:39.439788 [debug] [Thread-2 (]: Sending event: {'category': 'dbt', 'action': 'run_model', 'label': 'a867adec-cde0-49f3-97ce-67bc1b8770dc', 'context': [<snowplow_tracker.self_describing_json.SelfDescribingJson object at 0x0000013922411FA0>]}
[0m01:02:39.441904 [debug] [Thread-3 (]: Using duckdb connection "model.oss_intel.stg_issues_prs"
[0m01:02:39.441904 [debug] [Thread-3 (]: On model.oss_intel.stg_issues_prs: BEGIN
[0m01:02:39.443219 [debug] [Thread-3 (]: Opening a new connection, currently in state closed
[0m01:02:39.433168 [info ] [Thread-1 (]: 8 of 39 OK created sql view model main.stg_gharchive ........................... [[32mOK[0m in 0.11s]
[0m01:02:39.440897 [info ] [Thread-2 (]: 7 of 39 OK created sql view model main.stg_contributions ....................... [[32mOK[0m in 0.12s]
[0m01:02:39.467158 [debug] [Thread-1 (]: Finished running node model.oss_intel.stg_gharchive
[0m01:02:39.474351 [debug] [Thread-4 (]: Writing runtime sql for node "model.oss_intel.dim_repo"
[0m01:02:39.475352 [debug] [Thread-2 (]: Finished running node model.oss_intel.stg_contributions
[0m01:02:39.475352 [debug] [Thread-3 (]: SQL status: OK in 0.033 seconds
[0m01:02:39.476971 [debug] [Thread-1 (]: Began running node test.oss_intel.not_null_stg_contributions_actor.afaf937923
[0m01:02:39.476971 [debug] [Thread-3 (]: Using duckdb connection "model.oss_intel.stg_issues_prs"
[0m01:02:39.476971 [debug] [Thread-4 (]: Using duckdb connection "model.oss_intel.dim_repo"
[0m01:02:39.476971 [info ] [Thread-1 (]: 11 of 39 START test not_null_stg_contributions_actor ........................... [RUN]
[0m01:02:39.476971 [debug] [Thread-3 (]: On model.oss_intel.stg_issues_prs: /* {"app": "dbt", "dbt_version": "1.12.5", "profile_name": "oss_intel", "target_name": "dev", "node_id": "model.oss_intel.stg_issues_prs"} */

  
  create view "oss"."main"."stg_issues_prs__dbt_tmp" as (
    -- Issues and pull requests from the GitHub GraphQL API. PRIMARY SOURCE.
--
-- Two cleaning jobs happen here and nowhere else:
--   1. Deduplication. The same item appears in several run partitions because
--      it kept being updated; keep the newest version per (repo, kind, number).
--   2. Bot removal. On an active repo dependabot can out-post every human, so
--      leaving bots in makes every downstream metric wrong.
with src as (

    select * from read_parquet('data/raw/issues_prs/**/*.parquet', union_by_name = true)

),

ranked as (

    select
        cast(repo_id as bigint)                     as repo_id,
        kind,
        cast(number as integer)                     as number,
        created_at,
        updated_at,
        closed_at,
        merged_at,
        state,
        author,
        author_association,
        coalesce(labels, '')                        as labels,
        first_response_at,
        row_number() over (
            partition by repo_id, kind, number
            order by updated_at desc
        )                                           as rn
    from src
    where author is not null

)

select
    r.* exclude (rn),
    -- A response before creation is not a real response time. It happens when
    -- an issue is transferred between repositories (comments survive, createdAt
    -- is reset) or converted from a discussion. Null it out rather than letting
    -- a negative value drag the median down.
    case
        when r.first_response_at >= r.created_at
        then date_diff('hour', r.created_at, r.first_response_at)
    end                                                               as response_hours,
    r.first_response_at is null
        and date_diff('day', r.created_at, current_timestamp) > 7
                                                                      as is_unresponded,
    r.created_at >= timestamp '2025-10-01'           as in_window
from ranked r
left join "oss"."main"."bots" b on lower(r.author) = lower(b.login)
where r.rn = 1
  and b.login is null
  and r.author not like '%[bot]'
  );

[0m01:02:39.480971 [debug] [Thread-4 (]: On model.oss_intel.dim_repo: BEGIN
[0m01:02:39.480971 [debug] [Thread-1 (]: Re-using an available connection from the pool (formerly model.oss_intel.stg_gharchive, now test.oss_intel.not_null_stg_contributions_actor.afaf937923)
[0m01:02:39.481983 [debug] [Thread-4 (]: Opening a new connection, currently in state closed
[0m01:02:39.481983 [debug] [Thread-1 (]: Began compiling node test.oss_intel.not_null_stg_contributions_actor.afaf937923
[0m01:02:39.496571 [debug] [Thread-1 (]: Writing injected SQL for node "test.oss_intel.not_null_stg_contributions_actor.afaf937923"
[0m01:02:39.497936 [debug] [Thread-3 (]: SQL status: OK in 0.016 seconds
[0m01:02:39.500903 [debug] [Thread-3 (]: Using duckdb connection "model.oss_intel.stg_issues_prs"
[0m01:02:39.501901 [debug] [Thread-3 (]: On model.oss_intel.stg_issues_prs: /* {"app": "dbt", "dbt_version": "1.12.5", "profile_name": "oss_intel", "target_name": "dev", "node_id": "model.oss_intel.stg_issues_prs"} */
alter view "oss"."main"."stg_issues_prs" rename to "stg_issues_prs__dbt_backup"
[0m01:02:39.501901 [debug] [Thread-4 (]: SQL status: OK in 0.020 seconds
[0m01:02:39.502903 [debug] [Thread-4 (]: Using duckdb connection "model.oss_intel.dim_repo"
[0m01:02:39.502903 [debug] [Thread-4 (]: On model.oss_intel.dim_repo: /* {"app": "dbt", "dbt_version": "1.12.5", "profile_name": "oss_intel", "target_name": "dev", "node_id": "model.oss_intel.dim_repo"} */

    

    create  table
      "oss"."main"."dim_repo__dbt_tmp"
  
    
    as (
      -- One row per tracked repository. Joined on repo_id everywhere, never on name:
-- three of thirty repos were renamed or transferred during the window.
select
    r.repo_id,
    r.repo_full_name,
    r.package_name,
    r.ecosystem,
    r.category,
    r.criticality_tier,
    s.scorecard_overall,
    s.check_maintained,
    s.check_code_review,
    s.scorecard_date,
    s.repo_id is not null as has_scorecard
from "oss"."main"."repos" r
left join "oss"."main"."stg_scorecard" s using (repo_id)
where r.repo_id is not null
    );
    
  
[0m01:02:39.503995 [debug] [Thread-3 (]: SQL status: OK in 0.002 seconds
[0m01:02:39.507156 [debug] [Thread-3 (]: Using duckdb connection "model.oss_intel.stg_issues_prs"
[0m01:02:39.508743 [debug] [Thread-3 (]: On model.oss_intel.stg_issues_prs: /* {"app": "dbt", "dbt_version": "1.12.5", "profile_name": "oss_intel", "target_name": "dev", "node_id": "model.oss_intel.stg_issues_prs"} */
alter view "oss"."main"."stg_issues_prs__dbt_tmp" rename to "stg_issues_prs"
[0m01:02:39.508743 [debug] [Thread-1 (]: Began executing node test.oss_intel.not_null_stg_contributions_actor.afaf937923
[0m01:02:39.538308 [debug] [Thread-1 (]: Writing runtime sql for node "test.oss_intel.not_null_stg_contributions_actor.afaf937923"
[0m01:02:39.539225 [debug] [Thread-4 (]: SQL status: OK in 0.035 seconds
[0m01:02:39.540315 [debug] [Thread-4 (]: Using duckdb connection "model.oss_intel.dim_repo"
[0m01:02:39.543699 [debug] [Thread-4 (]: On model.oss_intel.dim_repo: /* {"app": "dbt", "dbt_version": "1.12.5", "profile_name": "oss_intel", "target_name": "dev", "node_id": "model.oss_intel.dim_repo"} */

    SELECT index_name
    FROM duckdb_indexes()
    WHERE database_name = 'oss'
      AND schema_name = 'main'
      AND table_name = 'dim_repo'
  
[0m01:02:39.543699 [debug] [Thread-3 (]: SQL status: OK in 0.032 seconds
[0m01:02:39.543699 [debug] [Thread-3 (]: On model.oss_intel.stg_issues_prs: COMMIT
[0m01:02:39.543699 [debug] [Thread-3 (]: Using duckdb connection "model.oss_intel.stg_issues_prs"
[0m01:02:39.543699 [debug] [Thread-3 (]: On model.oss_intel.stg_issues_prs: COMMIT
[0m01:02:39.543699 [debug] [Thread-4 (]: SQL status: OK in 0.003 seconds
[0m01:02:39.543699 [debug] [Thread-4 (]: Using duckdb connection "model.oss_intel.dim_repo"
[0m01:02:39.543699 [debug] [Thread-4 (]: On model.oss_intel.dim_repo: /* {"app": "dbt", "dbt_version": "1.12.5", "profile_name": "oss_intel", "target_name": "dev", "node_id": "model.oss_intel.dim_repo"} */
alter table "oss"."main"."dim_repo" rename to "dim_repo__dbt_backup"
[0m01:02:39.543699 [debug] [Thread-3 (]: SQL status: OK in 0.003 seconds
[0m01:02:39.543699 [debug] [Thread-3 (]: Using duckdb connection "model.oss_intel.stg_issues_prs"
[0m01:02:39.543699 [debug] [Thread-3 (]: On model.oss_intel.stg_issues_prs: /* {"app": "dbt", "dbt_version": "1.12.5", "profile_name": "oss_intel", "target_name": "dev", "node_id": "model.oss_intel.stg_issues_prs"} */

      drop view if exists "oss"."main"."stg_issues_prs__dbt_backup" cascade
    
[0m01:02:39.543699 [debug] [Thread-4 (]: SQL status: OK in 0.003 seconds
[0m01:02:39.555028 [debug] [Thread-1 (]: Using duckdb connection "test.oss_intel.not_null_stg_contributions_actor.afaf937923"
[0m01:02:39.555698 [debug] [Thread-1 (]: On test.oss_intel.not_null_stg_contributions_actor.afaf937923: BEGIN
[0m01:02:39.556184 [debug] [Thread-4 (]: Using duckdb connection "model.oss_intel.dim_repo"
[0m01:02:39.556781 [debug] [Thread-1 (]: Opening a new connection, currently in state closed
[0m01:02:39.556781 [debug] [Thread-3 (]: SQL status: OK in 0.004 seconds
[0m01:02:39.556781 [debug] [Thread-4 (]: On model.oss_intel.dim_repo: /* {"app": "dbt", "dbt_version": "1.12.5", "profile_name": "oss_intel", "target_name": "dev", "node_id": "model.oss_intel.dim_repo"} */
alter table "oss"."main"."dim_repo__dbt_tmp" rename to "dim_repo"
[0m01:02:39.556781 [debug] [Thread-3 (]: On model.oss_intel.stg_issues_prs: Close
[0m01:02:39.556781 [debug] [Thread-1 (]: SQL status: OK in 0.003 seconds
[0m01:02:39.556781 [debug] [Thread-1 (]: Using duckdb connection "test.oss_intel.not_null_stg_contributions_actor.afaf937923"
[0m01:02:39.556781 [debug] [Thread-1 (]: On test.oss_intel.not_null_stg_contributions_actor.afaf937923: /* {"app": "dbt", "dbt_version": "1.12.5", "profile_name": "oss_intel", "target_name": "dev", "node_id": "test.oss_intel.not_null_stg_contributions_actor.afaf937923"} */

    
    select
      count(*) as failures,
      count(*) != 0 as should_warn,
      count(*) != 0 as should_error
    from (
      
    
  
    
    



select actor
from "oss"."main"."stg_contributions"
where actor is null



  
  
      
    ) dbt_internal_test
[0m01:02:39.556781 [debug] [Thread-4 (]: SQL status: OK in 0.002 seconds
[0m01:02:39.561612 [debug] [Thread-4 (]: On model.oss_intel.dim_repo: COMMIT
[0m01:02:39.561612 [debug] [Thread-3 (]: Sending event: {'category': 'dbt', 'action': 'run_model', 'label': 'a867adec-cde0-49f3-97ce-67bc1b8770dc', 'context': [<snowplow_tracker.self_describing_json.SelfDescribingJson object at 0x0000013922411FA0>]}
[0m01:02:39.561612 [debug] [Thread-4 (]: Using duckdb connection "model.oss_intel.dim_repo"
[0m01:02:39.570944 [debug] [Thread-4 (]: On model.oss_intel.dim_repo: COMMIT
[0m01:02:39.561612 [info ] [Thread-3 (]: 9 of 39 OK created sql view model main.stg_issues_prs .......................... [[32mOK[0m in 0.18s]
[0m01:02:39.570944 [debug] [Thread-3 (]: Finished running node model.oss_intel.stg_issues_prs
[0m01:02:39.572961 [debug] [Thread-2 (]: Began running node test.oss_intel.assert_issues_prs_unique
[0m01:02:39.572961 [debug] [Thread-3 (]: Began running node test.oss_intel.assert_merged_prs_only_prs
[0m01:02:39.572961 [info ] [Thread-2 (]: 12 of 39 START test assert_issues_prs_unique ................................... [RUN]
[0m01:02:39.572961 [debug] [Thread-1 (]: SQL status: OK in 0.016 seconds
[0m01:02:39.572961 [info ] [Thread-3 (]: 13 of 39 START test assert_merged_prs_only_prs ................................. [RUN]
[0m01:02:39.578245 [debug] [Thread-2 (]: Re-using an available connection from the pool (formerly model.oss_intel.stg_contributions, now test.oss_intel.assert_issues_prs_unique)
[0m01:02:39.579257 [debug] [Thread-3 (]: Re-using an available connection from the pool (formerly model.oss_intel.stg_issues_prs, now test.oss_intel.assert_merged_prs_only_prs)
[0m01:02:39.583428 [debug] [Thread-1 (]: On test.oss_intel.not_null_stg_contributions_actor.afaf937923: ROLLBACK
[0m01:02:39.583428 [debug] [Thread-4 (]: SQL status: OK in 0.014 seconds
[0m01:02:39.583428 [debug] [Thread-2 (]: Began compiling node test.oss_intel.assert_issues_prs_unique
[0m01:02:39.583428 [debug] [Thread-3 (]: Began compiling node test.oss_intel.assert_merged_prs_only_prs
[0m01:02:39.590081 [debug] [Thread-4 (]: Using duckdb connection "model.oss_intel.dim_repo"
[0m01:02:39.590081 [debug] [Thread-1 (]: On test.oss_intel.not_null_stg_contributions_actor.afaf937923: Close
[0m01:02:39.590081 [debug] [Thread-2 (]: Writing injected SQL for node "test.oss_intel.assert_issues_prs_unique"
[0m01:02:39.597645 [debug] [Thread-3 (]: Writing injected SQL for node "test.oss_intel.assert_merged_prs_only_prs"
[0m01:02:39.598736 [debug] [Thread-4 (]: On model.oss_intel.dim_repo: /* {"app": "dbt", "dbt_version": "1.12.5", "profile_name": "oss_intel", "target_name": "dev", "node_id": "model.oss_intel.dim_repo"} */

      drop table if exists "oss"."main"."dim_repo__dbt_backup" cascade
    
[0m01:02:39.600737 [info ] [Thread-1 (]: 11 of 39 PASS not_null_stg_contributions_actor ................................. [[32mPASS[0m in 0.12s]
[0m01:02:39.603742 [debug] [Thread-1 (]: Finished running node test.oss_intel.not_null_stg_contributions_actor.afaf937923
[0m01:02:39.604727 [debug] [Thread-2 (]: Began executing node test.oss_intel.assert_issues_prs_unique
[0m01:02:39.606381 [debug] [Thread-1 (]: Began running node test.oss_intel.assert_no_bots
[0m01:02:39.609032 [debug] [Thread-2 (]: Writing runtime sql for node "test.oss_intel.assert_issues_prs_unique"
[0m01:02:39.609032 [debug] [Thread-4 (]: SQL status: OK in 0.011 seconds
[0m01:02:39.614513 [debug] [Thread-3 (]: Began executing node test.oss_intel.assert_merged_prs_only_prs
[0m01:02:39.614513 [info ] [Thread-1 (]: 14 of 39 START test assert_no_bots ............................................. [RUN]
[0m01:02:39.619760 [debug] [Thread-4 (]: On model.oss_intel.dim_repo: Close
[0m01:02:39.623617 [debug] [Thread-3 (]: Writing runtime sql for node "test.oss_intel.assert_merged_prs_only_prs"
[0m01:02:39.624904 [debug] [Thread-1 (]: Re-using an available connection from the pool (formerly test.oss_intel.not_null_stg_contributions_actor.afaf937923, now test.oss_intel.assert_no_bots)
[0m01:02:39.625786 [debug] [Thread-2 (]: Using duckdb connection "test.oss_intel.assert_issues_prs_unique"
[0m01:02:39.627503 [debug] [Thread-4 (]: Sending event: {'category': 'dbt', 'action': 'run_model', 'label': 'a867adec-cde0-49f3-97ce-67bc1b8770dc', 'context': [<snowplow_tracker.self_describing_json.SelfDescribingJson object at 0x00000139223573B0>]}
[0m01:02:39.628176 [debug] [Thread-1 (]: Began compiling node test.oss_intel.assert_no_bots
[0m01:02:39.629268 [debug] [Thread-2 (]: On test.oss_intel.assert_issues_prs_unique: BEGIN
[0m01:02:39.630195 [info ] [Thread-4 (]: 10 of 39 OK created sql table model main.dim_repo .............................. [[32mOK[0m in 0.24s]
[0m01:02:39.634197 [debug] [Thread-1 (]: Writing injected SQL for node "test.oss_intel.assert_no_bots"
[0m01:02:39.635214 [debug] [Thread-2 (]: Opening a new connection, currently in state closed
[0m01:02:39.636384 [debug] [Thread-4 (]: Finished running node model.oss_intel.dim_repo
[0m01:02:39.637321 [debug] [Thread-3 (]: Using duckdb connection "test.oss_intel.assert_merged_prs_only_prs"
[0m01:02:39.638315 [debug] [Thread-4 (]: Began running node test.oss_intel.assert_response_time_non_negative
[0m01:02:39.640318 [debug] [Thread-3 (]: On test.oss_intel.assert_merged_prs_only_prs: BEGIN
[0m01:02:39.642310 [debug] [Thread-2 (]: SQL status: OK in 0.007 seconds
[0m01:02:39.643312 [debug] [Thread-1 (]: Began executing node test.oss_intel.assert_no_bots
[0m01:02:39.644073 [debug] [Thread-3 (]: Opening a new connection, currently in state closed
[0m01:02:39.641315 [info ] [Thread-4 (]: 15 of 39 START test assert_response_time_non_negative .......................... [RUN]
[0m01:02:39.644073 [debug] [Thread-2 (]: Using duckdb connection "test.oss_intel.assert_issues_prs_unique"
[0m01:02:39.648982 [debug] [Thread-1 (]: Writing runtime sql for node "test.oss_intel.assert_no_bots"
[0m01:02:39.650982 [debug] [Thread-4 (]: Re-using an available connection from the pool (formerly model.oss_intel.dim_repo, now test.oss_intel.assert_response_time_non_negative)
[0m01:02:39.652297 [debug] [Thread-2 (]: On test.oss_intel.assert_issues_prs_unique: /* {"app": "dbt", "dbt_version": "1.12.5", "profile_name": "oss_intel", "target_name": "dev", "node_id": "test.oss_intel.assert_issues_prs_unique"} */

    
    select
      count(*) as failures,
      count(*) != 0 as should_warn,
      count(*) != 0 as should_error
    from (
      
    
  -- The deduplication in stg_issues_prs is the single most likely place for a
-- silent bug: a broken window function doubles every count downstream.
select repo_id, kind, number, count(*) as n
from "oss"."main"."stg_issues_prs"
group by 1, 2, 3
having count(*) > 1
  
  
      
    ) dbt_internal_test
[0m01:02:39.652297 [debug] [Thread-3 (]: SQL status: OK in 0.011 seconds
[0m01:02:39.656207 [debug] [Thread-4 (]: Began compiling node test.oss_intel.assert_response_time_non_negative
[0m01:02:39.657237 [debug] [Thread-3 (]: Using duckdb connection "test.oss_intel.assert_merged_prs_only_prs"
[0m01:02:39.663442 [debug] [Thread-4 (]: Writing injected SQL for node "test.oss_intel.assert_response_time_non_negative"
[0m01:02:39.663442 [debug] [Thread-3 (]: On test.oss_intel.assert_merged_prs_only_prs: /* {"app": "dbt", "dbt_version": "1.12.5", "profile_name": "oss_intel", "target_name": "dev", "node_id": "test.oss_intel.assert_merged_prs_only_prs"} */

    
    select
      count(*) as failures,
      count(*) != 0 as should_warn,
      count(*) != 0 as should_error
    from (
      
    
  -- merged_at on an issue means the GraphQL flattening leaked a field.
select repo_id, number from "oss"."main"."stg_issues_prs"
where kind = 'issue' and merged_at is not null
  
  
      
    ) dbt_internal_test
[0m01:02:39.664362 [debug] [Thread-1 (]: Using duckdb connection "test.oss_intel.assert_no_bots"
[0m01:02:39.665361 [debug] [Thread-1 (]: On test.oss_intel.assert_no_bots: BEGIN
[0m01:02:39.666369 [debug] [Thread-1 (]: Opening a new connection, currently in state closed
[0m01:02:39.670189 [debug] [Thread-4 (]: Began executing node test.oss_intel.assert_response_time_non_negative
[0m01:02:39.674655 [debug] [Thread-4 (]: Writing runtime sql for node "test.oss_intel.assert_response_time_non_negative"
[0m01:02:39.680071 [debug] [Thread-1 (]: SQL status: OK in 0.014 seconds
[0m01:02:39.682126 [debug] [Thread-1 (]: Using duckdb connection "test.oss_intel.assert_no_bots"
[0m01:02:39.684135 [debug] [Thread-1 (]: On test.oss_intel.assert_no_bots: /* {"app": "dbt", "dbt_version": "1.12.5", "profile_name": "oss_intel", "target_name": "dev", "node_id": "test.oss_intel.assert_no_bots"} */

    
    select
      count(*) as failures,
      count(*) != 0 as should_warn,
      count(*) != 0 as should_error
    from (
      
    
  -- One bot left in makes every contributor metric wrong.
select actor from "oss"."main"."stg_contributions" where actor like '%[bot]%'
union all
select author from "oss"."main"."stg_issues_prs" where author like '%[bot]%'
  
  
      
    ) dbt_internal_test
[0m01:02:39.687118 [debug] [Thread-4 (]: Using duckdb connection "test.oss_intel.assert_response_time_non_negative"
[0m01:02:39.690107 [debug] [Thread-4 (]: On test.oss_intel.assert_response_time_non_negative: BEGIN
[0m01:02:39.691210 [debug] [Thread-4 (]: Opening a new connection, currently in state closed
[0m01:02:39.694209 [debug] [Thread-4 (]: SQL status: OK in 0.003 seconds
[0m01:02:39.695209 [debug] [Thread-4 (]: Using duckdb connection "test.oss_intel.assert_response_time_non_negative"
[0m01:02:39.695209 [debug] [Thread-4 (]: On test.oss_intel.assert_response_time_non_negative: /* {"app": "dbt", "dbt_version": "1.12.5", "profile_name": "oss_intel", "target_name": "dev", "node_id": "test.oss_intel.assert_response_time_non_negative"} */

    
    select
      count(*) as failures,
      count(*) != 0 as should_warn,
      count(*) != 0 as should_error
    from (
      
    
  -- A negative response time means a reply landed before the issue was opened -
-- always a timezone or join bug.
select repo_id, kind, number, response_hours
from "oss"."main"."stg_issues_prs" where response_hours < 0
  
  
      
    ) dbt_internal_test
[0m01:02:39.731395 [debug] [Thread-3 (]: SQL status: OK in 0.067 seconds
[0m01:02:39.734193 [debug] [Thread-3 (]: On test.oss_intel.assert_merged_prs_only_prs: ROLLBACK
[0m01:02:39.734193 [debug] [Thread-3 (]: On test.oss_intel.assert_merged_prs_only_prs: Close
[0m01:02:39.739018 [info ] [Thread-3 (]: 13 of 39 PASS assert_merged_prs_only_prs ....................................... [[32mPASS[0m in 0.16s]
[0m01:02:39.739018 [debug] [Thread-3 (]: Finished running node test.oss_intel.assert_merged_prs_only_prs
[0m01:02:39.739018 [debug] [Thread-3 (]: Began running node test.oss_intel.not_null_stg_issues_prs_author.3c12ab4fb3
[0m01:02:39.739018 [info ] [Thread-3 (]: 16 of 39 START test not_null_stg_issues_prs_author ............................. [RUN]
[0m01:02:39.739018 [debug] [Thread-3 (]: Re-using an available connection from the pool (formerly test.oss_intel.assert_merged_prs_only_prs, now test.oss_intel.not_null_stg_issues_prs_author.3c12ab4fb3)
[0m01:02:39.739018 [debug] [Thread-3 (]: Began compiling node test.oss_intel.not_null_stg_issues_prs_author.3c12ab4fb3
[0m01:02:39.754118 [debug] [Thread-3 (]: Writing injected SQL for node "test.oss_intel.not_null_stg_issues_prs_author.3c12ab4fb3"
[0m01:02:39.754118 [debug] [Thread-3 (]: Began executing node test.oss_intel.not_null_stg_issues_prs_author.3c12ab4fb3
[0m01:02:39.757302 [debug] [Thread-3 (]: Writing runtime sql for node "test.oss_intel.not_null_stg_issues_prs_author.3c12ab4fb3"
[0m01:02:39.757302 [debug] [Thread-3 (]: Using duckdb connection "test.oss_intel.not_null_stg_issues_prs_author.3c12ab4fb3"
[0m01:02:39.757302 [debug] [Thread-3 (]: On test.oss_intel.not_null_stg_issues_prs_author.3c12ab4fb3: BEGIN
[0m01:02:39.757302 [debug] [Thread-3 (]: Opening a new connection, currently in state closed
[0m01:02:39.760955 [debug] [Thread-3 (]: SQL status: OK in 0.001 seconds
[0m01:02:39.760955 [debug] [Thread-3 (]: Using duckdb connection "test.oss_intel.not_null_stg_issues_prs_author.3c12ab4fb3"
[0m01:02:39.760955 [debug] [Thread-3 (]: On test.oss_intel.not_null_stg_issues_prs_author.3c12ab4fb3: /* {"app": "dbt", "dbt_version": "1.12.5", "profile_name": "oss_intel", "target_name": "dev", "node_id": "test.oss_intel.not_null_stg_issues_prs_author.3c12ab4fb3"} */

    
    select
      count(*) as failures,
      count(*) != 0 as should_warn,
      count(*) != 0 as should_error
    from (
      
    
  
    
    



select author
from "oss"."main"."stg_issues_prs"
where author is null



  
  
      
    ) dbt_internal_test
[0m01:02:39.777914 [debug] [Thread-4 (]: SQL status: OK in 0.082 seconds
[0m01:02:39.778913 [debug] [Thread-1 (]: SQL status: OK in 0.093 seconds
[0m01:02:39.778913 [debug] [Thread-2 (]: SQL status: OK in 0.122 seconds
[0m01:02:39.779914 [debug] [Thread-4 (]: On test.oss_intel.assert_response_time_non_negative: ROLLBACK
[0m01:02:39.781959 [debug] [Thread-1 (]: On test.oss_intel.assert_no_bots: ROLLBACK
[0m01:02:39.782940 [debug] [Thread-4 (]: On test.oss_intel.assert_response_time_non_negative: Close
[0m01:02:39.783691 [debug] [Thread-2 (]: On test.oss_intel.assert_issues_prs_unique: ROLLBACK
[0m01:02:39.783691 [debug] [Thread-1 (]: On test.oss_intel.assert_no_bots: Close
[0m01:02:39.783691 [debug] [Thread-2 (]: On test.oss_intel.assert_issues_prs_unique: Close
[0m01:02:39.783691 [info ] [Thread-4 (]: 15 of 39 PASS assert_response_time_non_negative ................................ [[32mPASS[0m in 0.13s]
[0m01:02:39.783691 [debug] [Thread-4 (]: Finished running node test.oss_intel.assert_response_time_non_negative
[0m01:02:39.783691 [info ] [Thread-1 (]: 14 of 39 PASS assert_no_bots ................................................... [[32mPASS[0m in 0.16s]
[0m01:02:39.789163 [debug] [Thread-4 (]: Began running node test.oss_intel.not_null_stg_issues_prs_repo_id.e0163b2181
[0m01:02:39.789163 [debug] [Thread-1 (]: Finished running node test.oss_intel.assert_no_bots
[0m01:02:39.791058 [debug] [Thread-1 (]: Began running node model.oss_intel.int_first_contribution
[0m01:02:39.783691 [info ] [Thread-2 (]: 12 of 39 PASS assert_issues_prs_unique ......................................... [[32mPASS[0m in 0.21s]
[0m01:02:39.790177 [info ] [Thread-4 (]: 17 of 39 START test not_null_stg_issues_prs_repo_id ............................ [RUN]
[0m01:02:39.793073 [debug] [Thread-2 (]: Finished running node test.oss_intel.assert_issues_prs_unique
[0m01:02:39.791058 [info ] [Thread-1 (]: 18 of 39 START sql table model main.int_first_contribution ..................... [RUN]
[0m01:02:39.793073 [debug] [Thread-4 (]: Re-using an available connection from the pool (formerly test.oss_intel.assert_response_time_non_negative, now test.oss_intel.not_null_stg_issues_prs_repo_id.e0163b2181)
[0m01:02:39.793073 [debug] [Thread-2 (]: Began running node test.oss_intel.accepted_values_dim_repo_criticality_tier__tier_1__tier_2__tier_3.6d8e0235a5
[0m01:02:39.793073 [debug] [Thread-1 (]: Re-using an available connection from the pool (formerly test.oss_intel.assert_no_bots, now model.oss_intel.int_first_contribution)
[0m01:02:39.793073 [debug] [Thread-4 (]: Began compiling node test.oss_intel.not_null_stg_issues_prs_repo_id.e0163b2181
[0m01:02:39.798663 [debug] [Thread-1 (]: Began compiling node model.oss_intel.int_first_contribution
[0m01:02:39.797550 [info ] [Thread-2 (]: 19 of 39 START test accepted_values_dim_repo_criticality_tier__tier_1__tier_2__tier_3  [RUN]
[0m01:02:39.807738 [debug] [Thread-4 (]: Writing injected SQL for node "test.oss_intel.not_null_stg_issues_prs_repo_id.e0163b2181"
[0m01:02:39.807738 [debug] [Thread-3 (]: SQL status: OK in 0.047 seconds
[0m01:02:39.809865 [debug] [Thread-1 (]: Writing injected SQL for node "model.oss_intel.int_first_contribution"
[0m01:02:39.810883 [debug] [Thread-2 (]: Re-using an available connection from the pool (formerly test.oss_intel.assert_issues_prs_unique, now test.oss_intel.accepted_values_dim_repo_criticality_tier__tier_1__tier_2__tier_3.6d8e0235a5)
[0m01:02:39.810883 [debug] [Thread-2 (]: Began compiling node test.oss_intel.accepted_values_dim_repo_criticality_tier__tier_1__tier_2__tier_3.6d8e0235a5
[0m01:02:39.816258 [debug] [Thread-2 (]: Writing injected SQL for node "test.oss_intel.accepted_values_dim_repo_criticality_tier__tier_1__tier_2__tier_3.6d8e0235a5"
[0m01:02:39.816258 [debug] [Thread-3 (]: On test.oss_intel.not_null_stg_issues_prs_author.3c12ab4fb3: ROLLBACK
[0m01:02:39.816258 [debug] [Thread-4 (]: Began executing node test.oss_intel.not_null_stg_issues_prs_repo_id.e0163b2181
[0m01:02:39.816258 [debug] [Thread-1 (]: Began executing node model.oss_intel.int_first_contribution
[0m01:02:39.816258 [debug] [Thread-3 (]: On test.oss_intel.not_null_stg_issues_prs_author.3c12ab4fb3: Close
[0m01:02:39.816258 [debug] [Thread-4 (]: Writing runtime sql for node "test.oss_intel.not_null_stg_issues_prs_repo_id.e0163b2181"
[0m01:02:39.823519 [debug] [Thread-1 (]: Writing runtime sql for node "model.oss_intel.int_first_contribution"
[0m01:02:39.823519 [debug] [Thread-2 (]: Began executing node test.oss_intel.accepted_values_dim_repo_criticality_tier__tier_1__tier_2__tier_3.6d8e0235a5
[0m01:02:39.823519 [info ] [Thread-3 (]: 16 of 39 PASS not_null_stg_issues_prs_author ................................... [[32mPASS[0m in 0.08s]
[0m01:02:39.823519 [debug] [Thread-2 (]: Writing runtime sql for node "test.oss_intel.accepted_values_dim_repo_criticality_tier__tier_1__tier_2__tier_3.6d8e0235a5"
[0m01:02:39.823519 [debug] [Thread-3 (]: Finished running node test.oss_intel.not_null_stg_issues_prs_author.3c12ab4fb3
[0m01:02:39.823519 [debug] [Thread-3 (]: Began running node test.oss_intel.not_null_dim_repo_repo_id.5882758698
[0m01:02:39.823519 [debug] [Thread-1 (]: Using duckdb connection "model.oss_intel.int_first_contribution"
[0m01:02:39.823519 [debug] [Thread-4 (]: Using duckdb connection "test.oss_intel.not_null_stg_issues_prs_repo_id.e0163b2181"
[0m01:02:39.823519 [debug] [Thread-1 (]: On model.oss_intel.int_first_contribution: BEGIN
[0m01:02:39.823519 [info ] [Thread-3 (]: 20 of 39 START test not_null_dim_repo_repo_id .................................. [RUN]
[0m01:02:39.823519 [debug] [Thread-4 (]: On test.oss_intel.not_null_stg_issues_prs_repo_id.e0163b2181: BEGIN
[0m01:02:39.823519 [debug] [Thread-2 (]: Using duckdb connection "test.oss_intel.accepted_values_dim_repo_criticality_tier__tier_1__tier_2__tier_3.6d8e0235a5"
[0m01:02:39.823519 [debug] [Thread-1 (]: Opening a new connection, currently in state closed
[0m01:02:39.823519 [debug] [Thread-3 (]: Re-using an available connection from the pool (formerly test.oss_intel.not_null_stg_issues_prs_author.3c12ab4fb3, now test.oss_intel.not_null_dim_repo_repo_id.5882758698)
[0m01:02:39.823519 [debug] [Thread-4 (]: Opening a new connection, currently in state closed
[0m01:02:39.830767 [debug] [Thread-2 (]: On test.oss_intel.accepted_values_dim_repo_criticality_tier__tier_1__tier_2__tier_3.6d8e0235a5: BEGIN
[0m01:02:39.830767 [debug] [Thread-3 (]: Began compiling node test.oss_intel.not_null_dim_repo_repo_id.5882758698
[0m01:02:39.831907 [debug] [Thread-2 (]: Opening a new connection, currently in state closed
[0m01:02:39.838257 [debug] [Thread-3 (]: Writing injected SQL for node "test.oss_intel.not_null_dim_repo_repo_id.5882758698"
[0m01:02:39.838257 [debug] [Thread-1 (]: SQL status: OK in 0.009 seconds
[0m01:02:39.839008 [debug] [Thread-4 (]: SQL status: OK in 0.009 seconds
[0m01:02:39.839704 [debug] [Thread-1 (]: Using duckdb connection "model.oss_intel.int_first_contribution"
[0m01:02:39.839704 [debug] [Thread-2 (]: SQL status: OK in 0.008 seconds
[0m01:02:39.839704 [debug] [Thread-4 (]: Using duckdb connection "test.oss_intel.not_null_stg_issues_prs_repo_id.e0163b2181"
[0m01:02:39.839704 [debug] [Thread-1 (]: On model.oss_intel.int_first_contribution: /* {"app": "dbt", "dbt_version": "1.12.5", "profile_name": "oss_intel", "target_name": "dev", "node_id": "model.oss_intel.int_first_contribution"} */

    

    create  table
      "oss"."main"."int_first_contribution__dbt_tmp"
  
    
    as (
      -- First month each person contributed to each repo.
--
-- LEFT-TRUNCATED: "first" means first observed since the analysis start, not
-- first ever. Someone who contributed in 2019 and returned last month looks
-- like a newcomer. Stated in docs/metrics.md and on the dashboard.
select
    repo_id,
    actor,
    min(contribution_month) as cohort_month
from "oss"."main"."stg_contributions"
group by 1, 2
    );
    
  
[0m01:02:39.839704 [debug] [Thread-2 (]: Using duckdb connection "test.oss_intel.accepted_values_dim_repo_criticality_tier__tier_1__tier_2__tier_3.6d8e0235a5"
[0m01:02:39.839704 [debug] [Thread-4 (]: On test.oss_intel.not_null_stg_issues_prs_repo_id.e0163b2181: /* {"app": "dbt", "dbt_version": "1.12.5", "profile_name": "oss_intel", "target_name": "dev", "node_id": "test.oss_intel.not_null_stg_issues_prs_repo_id.e0163b2181"} */

    
    select
      count(*) as failures,
      count(*) != 0 as should_warn,
      count(*) != 0 as should_error
    from (
      
    
  
    
    



select repo_id
from "oss"."main"."stg_issues_prs"
where repo_id is null



  
  
      
    ) dbt_internal_test
[0m01:02:39.839704 [debug] [Thread-3 (]: Began executing node test.oss_intel.not_null_dim_repo_repo_id.5882758698
[0m01:02:39.839704 [debug] [Thread-2 (]: On test.oss_intel.accepted_values_dim_repo_criticality_tier__tier_1__tier_2__tier_3.6d8e0235a5: /* {"app": "dbt", "dbt_version": "1.12.5", "profile_name": "oss_intel", "target_name": "dev", "node_id": "test.oss_intel.accepted_values_dim_repo_criticality_tier__tier_1__tier_2__tier_3.6d8e0235a5"} */

    
    select
      count(*) as failures,
      count(*) != 0 as should_warn,
      count(*) != 0 as should_error
    from (
      
    
  
    
    

with all_values as (

    select
        criticality_tier as value_field,
        count(*) as n_records

    from "oss"."main"."dim_repo"
    group by criticality_tier

)

select *
from all_values
where value_field not in (
    'tier_1','tier_2','tier_3'
)



  
  
      
    ) dbt_internal_test
[0m01:02:39.839704 [debug] [Thread-3 (]: Writing runtime sql for node "test.oss_intel.not_null_dim_repo_repo_id.5882758698"
[0m01:02:39.839704 [debug] [Thread-3 (]: Using duckdb connection "test.oss_intel.not_null_dim_repo_repo_id.5882758698"
[0m01:02:39.839704 [debug] [Thread-3 (]: On test.oss_intel.not_null_dim_repo_repo_id.5882758698: BEGIN
[0m01:02:39.839704 [debug] [Thread-3 (]: Opening a new connection, currently in state closed
[0m01:02:39.839704 [debug] [Thread-2 (]: SQL status: OK in 0.002 seconds
[0m01:02:39.839704 [debug] [Thread-4 (]: SQL status: OK in 0.005 seconds
[0m01:02:39.849589 [debug] [Thread-2 (]: On test.oss_intel.accepted_values_dim_repo_criticality_tier__tier_1__tier_2__tier_3.6d8e0235a5: ROLLBACK
[0m01:02:39.850593 [debug] [Thread-4 (]: On test.oss_intel.not_null_stg_issues_prs_repo_id.e0163b2181: ROLLBACK
[0m01:02:39.850593 [debug] [Thread-2 (]: On test.oss_intel.accepted_values_dim_repo_criticality_tier__tier_1__tier_2__tier_3.6d8e0235a5: Close
[0m01:02:39.851584 [debug] [Thread-3 (]: SQL status: OK in 0.006 seconds
[0m01:02:39.851584 [debug] [Thread-4 (]: On test.oss_intel.not_null_stg_issues_prs_repo_id.e0163b2181: Close
[0m01:02:39.852586 [debug] [Thread-3 (]: Using duckdb connection "test.oss_intel.not_null_dim_repo_repo_id.5882758698"
[0m01:02:39.852586 [info ] [Thread-2 (]: 19 of 39 PASS accepted_values_dim_repo_criticality_tier__tier_1__tier_2__tier_3  [[32mPASS[0m in 0.04s]
[0m01:02:39.852586 [debug] [Thread-3 (]: On test.oss_intel.not_null_dim_repo_repo_id.5882758698: /* {"app": "dbt", "dbt_version": "1.12.5", "profile_name": "oss_intel", "target_name": "dev", "node_id": "test.oss_intel.not_null_dim_repo_repo_id.5882758698"} */

    
    select
      count(*) as failures,
      count(*) != 0 as should_warn,
      count(*) != 0 as should_error
    from (
      
    
  
    
    



select repo_id
from "oss"."main"."dim_repo"
where repo_id is null



  
  
      
    ) dbt_internal_test
[0m01:02:39.854583 [debug] [Thread-2 (]: Finished running node test.oss_intel.accepted_values_dim_repo_criticality_tier__tier_1__tier_2__tier_3.6d8e0235a5
[0m01:02:39.853583 [info ] [Thread-4 (]: 17 of 39 PASS not_null_stg_issues_prs_repo_id .................................. [[32mPASS[0m in 0.06s]
[0m01:02:39.854583 [debug] [Thread-2 (]: Began running node test.oss_intel.unique_dim_repo_repo_id.25d01fb4bd
[0m01:02:39.855583 [debug] [Thread-4 (]: Finished running node test.oss_intel.not_null_stg_issues_prs_repo_id.e0163b2181
[0m01:02:39.855583 [debug] [Thread-3 (]: SQL status: OK in 0.001 seconds
[0m01:02:39.856591 [info ] [Thread-2 (]: 21 of 39 START test unique_dim_repo_repo_id .................................... [RUN]
[0m01:02:39.858497 [debug] [Thread-4 (]: Began running node model.oss_intel.fct_source_fidelity
[0m01:02:39.859506 [debug] [Thread-2 (]: Re-using an available connection from the pool (formerly test.oss_intel.accepted_values_dim_repo_criticality_tier__tier_1__tier_2__tier_3.6d8e0235a5, now test.oss_intel.unique_dim_repo_repo_id.25d01fb4bd)
[0m01:02:39.860510 [debug] [Thread-3 (]: On test.oss_intel.not_null_dim_repo_repo_id.5882758698: ROLLBACK
[0m01:02:39.860510 [info ] [Thread-4 (]: 22 of 39 START sql table model main.fct_source_fidelity ........................ [RUN]
[0m01:02:39.860510 [debug] [Thread-2 (]: Began compiling node test.oss_intel.unique_dim_repo_repo_id.25d01fb4bd
[0m01:02:39.860510 [debug] [Thread-4 (]: Re-using an available connection from the pool (formerly test.oss_intel.not_null_stg_issues_prs_repo_id.e0163b2181, now model.oss_intel.fct_source_fidelity)
[0m01:02:39.871625 [debug] [Thread-2 (]: Writing injected SQL for node "test.oss_intel.unique_dim_repo_repo_id.25d01fb4bd"
[0m01:02:39.871625 [debug] [Thread-4 (]: Began compiling node model.oss_intel.fct_source_fidelity
[0m01:02:39.872845 [debug] [Thread-3 (]: On test.oss_intel.not_null_dim_repo_repo_id.5882758698: Close
[0m01:02:39.874768 [debug] [Thread-4 (]: Writing injected SQL for node "model.oss_intel.fct_source_fidelity"
[0m01:02:39.875774 [info ] [Thread-3 (]: 20 of 39 PASS not_null_dim_repo_repo_id ........................................ [[32mPASS[0m in 0.05s]
[0m01:02:39.876777 [debug] [Thread-3 (]: Finished running node test.oss_intel.not_null_dim_repo_repo_id.5882758698
[0m01:02:39.876777 [debug] [Thread-3 (]: Began running node model.oss_intel.int_labeled_issues
[0m01:02:39.876777 [info ] [Thread-3 (]: 23 of 39 START sql table model main.int_labeled_issues ......................... [RUN]
[0m01:02:39.877775 [debug] [Thread-3 (]: Re-using an available connection from the pool (formerly test.oss_intel.not_null_dim_repo_repo_id.5882758698, now model.oss_intel.int_labeled_issues)
[0m01:02:39.877775 [debug] [Thread-3 (]: Began compiling node model.oss_intel.int_labeled_issues
[0m01:02:39.879775 [debug] [Thread-3 (]: Writing injected SQL for node "model.oss_intel.int_labeled_issues"
[0m01:02:39.879775 [debug] [Thread-2 (]: Began executing node test.oss_intel.unique_dim_repo_repo_id.25d01fb4bd
[0m01:02:39.880804 [debug] [Thread-4 (]: Began executing node model.oss_intel.fct_source_fidelity
[0m01:02:39.883402 [debug] [Thread-2 (]: Writing runtime sql for node "test.oss_intel.unique_dim_repo_repo_id.25d01fb4bd"
[0m01:02:39.885411 [debug] [Thread-4 (]: Writing runtime sql for node "model.oss_intel.fct_source_fidelity"
[0m01:02:39.889065 [debug] [Thread-3 (]: Began executing node model.oss_intel.int_labeled_issues
[0m01:02:39.891870 [debug] [Thread-3 (]: Writing runtime sql for node "model.oss_intel.int_labeled_issues"
[0m01:02:39.891870 [debug] [Thread-2 (]: Using duckdb connection "test.oss_intel.unique_dim_repo_repo_id.25d01fb4bd"
[0m01:02:39.891870 [debug] [Thread-2 (]: On test.oss_intel.unique_dim_repo_repo_id.25d01fb4bd: BEGIN
[0m01:02:39.891870 [debug] [Thread-2 (]: Opening a new connection, currently in state closed
[0m01:02:39.895064 [debug] [Thread-3 (]: Using duckdb connection "model.oss_intel.int_labeled_issues"
[0m01:02:39.895552 [debug] [Thread-4 (]: Using duckdb connection "model.oss_intel.fct_source_fidelity"
[0m01:02:39.895552 [debug] [Thread-3 (]: On model.oss_intel.int_labeled_issues: BEGIN
[0m01:02:39.895552 [debug] [Thread-4 (]: On model.oss_intel.fct_source_fidelity: BEGIN
[0m01:02:39.895552 [debug] [Thread-3 (]: Opening a new connection, currently in state closed
[0m01:02:39.897413 [debug] [Thread-2 (]: SQL status: OK in 0.003 seconds
[0m01:02:39.897773 [debug] [Thread-4 (]: Opening a new connection, currently in state closed
[0m01:02:39.897773 [debug] [Thread-2 (]: Using duckdb connection "test.oss_intel.unique_dim_repo_repo_id.25d01fb4bd"
[0m01:02:39.899785 [debug] [Thread-2 (]: On test.oss_intel.unique_dim_repo_repo_id.25d01fb4bd: /* {"app": "dbt", "dbt_version": "1.12.5", "profile_name": "oss_intel", "target_name": "dev", "node_id": "test.oss_intel.unique_dim_repo_repo_id.25d01fb4bd"} */

    
    select
      count(*) as failures,
      count(*) != 0 as should_warn,
      count(*) != 0 as should_error
    from (
      
    
  
    
    

select
    repo_id as unique_field,
    count(*) as n_records

from "oss"."main"."dim_repo"
where repo_id is not null
group by repo_id
having count(*) > 1



  
  
      
    ) dbt_internal_test
[0m01:02:39.899785 [debug] [Thread-3 (]: SQL status: OK in 0.004 seconds
[0m01:02:39.899785 [debug] [Thread-4 (]: SQL status: OK in 0.003 seconds
[0m01:02:39.901802 [debug] [Thread-3 (]: Using duckdb connection "model.oss_intel.int_labeled_issues"
[0m01:02:39.901802 [debug] [Thread-4 (]: Using duckdb connection "model.oss_intel.fct_source_fidelity"
[0m01:02:39.901802 [debug] [Thread-3 (]: On model.oss_intel.int_labeled_issues: /* {"app": "dbt", "dbt_version": "1.12.5", "profile_name": "oss_intel", "target_name": "dev", "node_id": "model.oss_intel.int_labeled_issues"} */

    

    create  table
      "oss"."main"."int_labeled_issues__dbt_tmp"
  
    
    as (
      -- Labels are a per-project vocabulary: "bug", "type: bug", "kind/bug",
-- "defect". seeds/label_map.csv normalises them. Unmapped labels are dropped
-- rather than guessed - a project that does not label bugs shows zero, which
-- is why the dashboard pairs bug counts with total open issues.
with exploded as (

    select
        i.repo_id,
        i.number,
        i.kind,
        i.created_at,
        i.closed_at,
        i.state,
        trim(lower(label)) as raw_label
    from "oss"."main"."stg_issues_prs" i,
         unnest(string_split(i.labels, '|')) as t(label)
    where i.labels <> ''

)

select distinct
    e.repo_id,
    e.number,
    e.kind,
    e.created_at,
    e.closed_at,
    e.state,
    m.normalized_label
from exploded e
join "oss"."main"."label_map" m
  on e.raw_label = lower(m.raw_label_pattern)
    );
    
  
[0m01:02:39.903812 [debug] [Thread-2 (]: SQL status: OK in 0.003 seconds
[0m01:02:39.903812 [debug] [Thread-4 (]: On model.oss_intel.fct_source_fidelity: /* {"app": "dbt", "dbt_version": "1.12.5", "profile_name": "oss_intel", "target_name": "dev", "node_id": "model.oss_intel.fct_source_fidelity"} */

    

    create  table
      "oss"."main"."fct_source_fidelity__dbt_tmp"
  
    
    as (
      -- Dashboard exhibit, not a metric: GH Archive against the authoritative API,
-- month by month. This is the evidence behind ADR 0002 and it belongs on the
-- methodology dashboard rather than in a footnote.
with archive as (

    select
        date_trunc('month', event_date) as month_start,
        sum(event_count)                as archive_events
    from "oss"."main"."stg_gharchive"
    group by 1

),

api as (

    select
        date_trunc('month', created_at) as month_start,
        count(*)                        as api_items_created
    from "oss"."main"."stg_issues_prs"
    where in_window
    group by 1

)

select
    coalesce(a.month_start, b.month_start) as month_start,
    a.archive_events,
    b.api_items_created,
    a.archive_events * 1.0 / nullif(b.api_items_created, 0) as archive_to_api_ratio
from archive a
full outer join api b on a.month_start = b.month_start
order by 1
    );
    
  
[0m01:02:39.909826 [debug] [Thread-2 (]: On test.oss_intel.unique_dim_repo_repo_id.25d01fb4bd: ROLLBACK
[0m01:02:39.909826 [debug] [Thread-2 (]: On test.oss_intel.unique_dim_repo_repo_id.25d01fb4bd: Close
[0m01:02:39.910828 [info ] [Thread-2 (]: 21 of 39 PASS unique_dim_repo_repo_id .......................................... [[32mPASS[0m in 0.05s]
[0m01:02:39.911828 [debug] [Thread-2 (]: Finished running node test.oss_intel.unique_dim_repo_repo_id.25d01fb4bd
[0m01:02:39.911828 [debug] [Thread-2 (]: Began running node model.oss_intel.int_merged_prs
[0m01:02:39.911828 [info ] [Thread-2 (]: 24 of 39 START sql table model main.int_merged_prs ............................. [RUN]
[0m01:02:39.913995 [debug] [Thread-2 (]: Re-using an available connection from the pool (formerly test.oss_intel.unique_dim_repo_repo_id.25d01fb4bd, now model.oss_intel.int_merged_prs)
[0m01:02:39.913995 [debug] [Thread-2 (]: Began compiling node model.oss_intel.int_merged_prs
[0m01:02:39.920088 [debug] [Thread-2 (]: Writing injected SQL for node "model.oss_intel.int_merged_prs"
[0m01:02:39.924470 [debug] [Thread-2 (]: Began executing node model.oss_intel.int_merged_prs
[0m01:02:39.932464 [debug] [Thread-2 (]: Writing runtime sql for node "model.oss_intel.int_merged_prs"
[0m01:02:39.935475 [debug] [Thread-2 (]: Using duckdb connection "model.oss_intel.int_merged_prs"
[0m01:02:39.936473 [debug] [Thread-2 (]: On model.oss_intel.int_merged_prs: BEGIN
[0m01:02:39.937468 [debug] [Thread-2 (]: Opening a new connection, currently in state closed
[0m01:02:39.940272 [debug] [Thread-2 (]: SQL status: OK in 0.002 seconds
[0m01:02:39.940971 [debug] [Thread-2 (]: Using duckdb connection "model.oss_intel.int_merged_prs"
[0m01:02:39.940971 [debug] [Thread-2 (]: On model.oss_intel.int_merged_prs: /* {"app": "dbt", "dbt_version": "1.12.5", "profile_name": "oss_intel", "target_name": "dev", "node_id": "model.oss_intel.int_merged_prs"} */

    

    create  table
      "oss"."main"."int_merged_prs__dbt_tmp"
  
    
    as (
      -- Merged PRs only, inside the analysis window.
-- The window filter matters: pagination was by updated_at, so pre-window items
-- present in the raw data are only those touched recently - a biased sample.
select
    repo_id,
    author,
    number,
    created_at,
    merged_at,
    date_trunc('month', merged_at)            as merged_month,
    date_diff('hour', created_at, merged_at)  as time_to_merge_hours
from "oss"."main"."stg_issues_prs"
where kind = 'pr'
  and merged_at is not null
  and merged_at >= timestamp '2025-10-01'
    );
    
  
[0m01:02:40.005762 [debug] [Thread-4 (]: SQL status: OK in 0.098 seconds
[0m01:02:40.007875 [debug] [Thread-4 (]: Using duckdb connection "model.oss_intel.fct_source_fidelity"
[0m01:02:40.007875 [debug] [Thread-4 (]: On model.oss_intel.fct_source_fidelity: /* {"app": "dbt", "dbt_version": "1.12.5", "profile_name": "oss_intel", "target_name": "dev", "node_id": "model.oss_intel.fct_source_fidelity"} */

    SELECT index_name
    FROM duckdb_indexes()
    WHERE database_name = 'oss'
      AND schema_name = 'main'
      AND table_name = 'fct_source_fidelity'
  
[0m01:02:40.009882 [debug] [Thread-4 (]: SQL status: OK in 0.001 seconds
[0m01:02:40.015204 [debug] [Thread-4 (]: Using duckdb connection "model.oss_intel.fct_source_fidelity"
[0m01:02:40.016188 [debug] [Thread-4 (]: On model.oss_intel.fct_source_fidelity: /* {"app": "dbt", "dbt_version": "1.12.5", "profile_name": "oss_intel", "target_name": "dev", "node_id": "model.oss_intel.fct_source_fidelity"} */
alter table "oss"."main"."fct_source_fidelity" rename to "fct_source_fidelity__dbt_backup"
[0m01:02:40.017186 [debug] [Thread-4 (]: SQL status: OK in 0.001 seconds
[0m01:02:40.020183 [debug] [Thread-4 (]: Using duckdb connection "model.oss_intel.fct_source_fidelity"
[0m01:02:40.022371 [debug] [Thread-4 (]: On model.oss_intel.fct_source_fidelity: /* {"app": "dbt", "dbt_version": "1.12.5", "profile_name": "oss_intel", "target_name": "dev", "node_id": "model.oss_intel.fct_source_fidelity"} */
alter table "oss"."main"."fct_source_fidelity__dbt_tmp" rename to "fct_source_fidelity"
[0m01:02:40.023380 [debug] [Thread-4 (]: SQL status: OK in 0.001 seconds
[0m01:02:40.026378 [debug] [Thread-4 (]: On model.oss_intel.fct_source_fidelity: COMMIT
[0m01:02:40.026378 [debug] [Thread-4 (]: Using duckdb connection "model.oss_intel.fct_source_fidelity"
[0m01:02:40.026378 [debug] [Thread-4 (]: On model.oss_intel.fct_source_fidelity: COMMIT
[0m01:02:40.028377 [debug] [Thread-4 (]: SQL status: OK in 0.001 seconds
[0m01:02:40.029376 [debug] [Thread-4 (]: Using duckdb connection "model.oss_intel.fct_source_fidelity"
[0m01:02:40.030377 [debug] [Thread-4 (]: On model.oss_intel.fct_source_fidelity: /* {"app": "dbt", "dbt_version": "1.12.5", "profile_name": "oss_intel", "target_name": "dev", "node_id": "model.oss_intel.fct_source_fidelity"} */

      drop table if exists "oss"."main"."fct_source_fidelity__dbt_backup" cascade
    
[0m01:02:40.033376 [debug] [Thread-4 (]: SQL status: OK in 0.003 seconds
[0m01:02:40.035377 [debug] [Thread-4 (]: On model.oss_intel.fct_source_fidelity: Close
[0m01:02:40.036375 [debug] [Thread-4 (]: Sending event: {'category': 'dbt', 'action': 'run_model', 'label': 'a867adec-cde0-49f3-97ce-67bc1b8770dc', 'context': [<snowplow_tracker.self_describing_json.SelfDescribingJson object at 0x000001391F7E77A0>]}
[0m01:02:40.037376 [info ] [Thread-4 (]: 22 of 39 OK created sql table model main.fct_source_fidelity ................... [[32mOK[0m in 0.18s]
[0m01:02:40.038375 [debug] [Thread-4 (]: Finished running node model.oss_intel.fct_source_fidelity
[0m01:02:40.041323 [debug] [Thread-2 (]: SQL status: OK in 0.099 seconds
[0m01:02:40.041323 [debug] [Thread-2 (]: Using duckdb connection "model.oss_intel.int_merged_prs"
[0m01:02:40.041323 [debug] [Thread-2 (]: On model.oss_intel.int_merged_prs: /* {"app": "dbt", "dbt_version": "1.12.5", "profile_name": "oss_intel", "target_name": "dev", "node_id": "model.oss_intel.int_merged_prs"} */

    SELECT index_name
    FROM duckdb_indexes()
    WHERE database_name = 'oss'
      AND schema_name = 'main'
      AND table_name = 'int_merged_prs'
  
[0m01:02:40.045714 [debug] [Thread-2 (]: SQL status: OK in 0.002 seconds
[0m01:02:40.054234 [debug] [Thread-2 (]: Using duckdb connection "model.oss_intel.int_merged_prs"
[0m01:02:40.054234 [debug] [Thread-2 (]: On model.oss_intel.int_merged_prs: /* {"app": "dbt", "dbt_version": "1.12.5", "profile_name": "oss_intel", "target_name": "dev", "node_id": "model.oss_intel.int_merged_prs"} */
alter table "oss"."main"."int_merged_prs" rename to "int_merged_prs__dbt_backup"
[0m01:02:40.054234 [debug] [Thread-2 (]: SQL status: OK in 0.001 seconds
[0m01:02:40.058282 [debug] [Thread-2 (]: Using duckdb connection "model.oss_intel.int_merged_prs"
[0m01:02:40.058282 [debug] [Thread-2 (]: On model.oss_intel.int_merged_prs: /* {"app": "dbt", "dbt_version": "1.12.5", "profile_name": "oss_intel", "target_name": "dev", "node_id": "model.oss_intel.int_merged_prs"} */
alter table "oss"."main"."int_merged_prs__dbt_tmp" rename to "int_merged_prs"
[0m01:02:40.060693 [debug] [Thread-2 (]: SQL status: OK in 0.001 seconds
[0m01:02:40.061685 [debug] [Thread-2 (]: On model.oss_intel.int_merged_prs: COMMIT
[0m01:02:40.061685 [debug] [Thread-2 (]: Using duckdb connection "model.oss_intel.int_merged_prs"
[0m01:02:40.061685 [debug] [Thread-2 (]: On model.oss_intel.int_merged_prs: COMMIT
[0m01:02:40.086664 [debug] [Thread-1 (]: SQL status: OK in 0.245 seconds
[0m01:02:40.088666 [debug] [Thread-1 (]: Using duckdb connection "model.oss_intel.int_first_contribution"
[0m01:02:40.088666 [debug] [Thread-1 (]: On model.oss_intel.int_first_contribution: /* {"app": "dbt", "dbt_version": "1.12.5", "profile_name": "oss_intel", "target_name": "dev", "node_id": "model.oss_intel.int_first_contribution"} */

    SELECT index_name
    FROM duckdb_indexes()
    WHERE database_name = 'oss'
      AND schema_name = 'main'
      AND table_name = 'int_first_contribution'
  
[0m01:02:40.089666 [debug] [Thread-1 (]: SQL status: OK in 0.001 seconds
[0m01:02:40.089666 [debug] [Thread-1 (]: Using duckdb connection "model.oss_intel.int_first_contribution"
[0m01:02:40.089666 [debug] [Thread-1 (]: On model.oss_intel.int_first_contribution: /* {"app": "dbt", "dbt_version": "1.12.5", "profile_name": "oss_intel", "target_name": "dev", "node_id": "model.oss_intel.int_first_contribution"} */
alter table "oss"."main"."int_first_contribution" rename to "int_first_contribution__dbt_backup"
[0m01:02:40.089666 [debug] [Thread-2 (]: SQL status: OK in 0.029 seconds
[0m01:02:40.089666 [debug] [Thread-2 (]: Using duckdb connection "model.oss_intel.int_merged_prs"
[0m01:02:40.089666 [debug] [Thread-2 (]: On model.oss_intel.int_merged_prs: /* {"app": "dbt", "dbt_version": "1.12.5", "profile_name": "oss_intel", "target_name": "dev", "node_id": "model.oss_intel.int_merged_prs"} */

      drop table if exists "oss"."main"."int_merged_prs__dbt_backup" cascade
    
[0m01:02:40.089666 [debug] [Thread-1 (]: SQL status: OK in 0.002 seconds
[0m01:02:40.089666 [debug] [Thread-1 (]: Using duckdb connection "model.oss_intel.int_first_contribution"
[0m01:02:40.089666 [debug] [Thread-2 (]: SQL status: OK in 0.002 seconds
[0m01:02:40.089666 [debug] [Thread-1 (]: On model.oss_intel.int_first_contribution: /* {"app": "dbt", "dbt_version": "1.12.5", "profile_name": "oss_intel", "target_name": "dev", "node_id": "model.oss_intel.int_first_contribution"} */
alter table "oss"."main"."int_first_contribution__dbt_tmp" rename to "int_first_contribution"
[0m01:02:40.089666 [debug] [Thread-2 (]: On model.oss_intel.int_merged_prs: Close
[0m01:02:40.089666 [debug] [Thread-1 (]: SQL status: OK in 0.001 seconds
[0m01:02:40.089666 [debug] [Thread-2 (]: Sending event: {'category': 'dbt', 'action': 'run_model', 'label': 'a867adec-cde0-49f3-97ce-67bc1b8770dc', 'context': [<snowplow_tracker.self_describing_json.SelfDescribingJson object at 0x00000139238E31D0>]}
[0m01:02:40.089666 [debug] [Thread-3 (]: SQL status: OK in 0.195 seconds
[0m01:02:40.089666 [debug] [Thread-1 (]: On model.oss_intel.int_first_contribution: COMMIT
[0m01:02:40.089666 [debug] [Thread-3 (]: Using duckdb connection "model.oss_intel.int_labeled_issues"
[0m01:02:40.089666 [info ] [Thread-2 (]: 24 of 39 OK created sql table model main.int_merged_prs ........................ [[32mOK[0m in 0.18s]
[0m01:02:40.089666 [debug] [Thread-1 (]: Using duckdb connection "model.oss_intel.int_first_contribution"
[0m01:02:40.089666 [debug] [Thread-3 (]: On model.oss_intel.int_labeled_issues: /* {"app": "dbt", "dbt_version": "1.12.5", "profile_name": "oss_intel", "target_name": "dev", "node_id": "model.oss_intel.int_labeled_issues"} */

    SELECT index_name
    FROM duckdb_indexes()
    WHERE database_name = 'oss'
      AND schema_name = 'main'
      AND table_name = 'int_labeled_issues'
  
[0m01:02:40.089666 [debug] [Thread-2 (]: Finished running node model.oss_intel.int_merged_prs
[0m01:02:40.089666 [debug] [Thread-1 (]: On model.oss_intel.int_first_contribution: COMMIT
[0m01:02:40.089666 [debug] [Thread-4 (]: Began running node model.oss_intel.int_bus_factor
[0m01:02:40.089666 [info ] [Thread-4 (]: 25 of 39 START sql table model main.int_bus_factor ............................. [RUN]
[0m01:02:40.105508 [debug] [Thread-3 (]: SQL status: OK in 0.001 seconds
[0m01:02:40.105508 [debug] [Thread-4 (]: Re-using an available connection from the pool (formerly model.oss_intel.fct_source_fidelity, now model.oss_intel.int_bus_factor)
[0m01:02:40.105508 [debug] [Thread-4 (]: Began compiling node model.oss_intel.int_bus_factor
[0m01:02:40.105508 [debug] [Thread-3 (]: Using duckdb connection "model.oss_intel.int_labeled_issues"
[0m01:02:40.105508 [debug] [Thread-4 (]: Writing injected SQL for node "model.oss_intel.int_bus_factor"
[0m01:02:40.105508 [debug] [Thread-1 (]: SQL status: OK in 0.006 seconds
[0m01:02:40.105508 [debug] [Thread-3 (]: On model.oss_intel.int_labeled_issues: /* {"app": "dbt", "dbt_version": "1.12.5", "profile_name": "oss_intel", "target_name": "dev", "node_id": "model.oss_intel.int_labeled_issues"} */
alter table "oss"."main"."int_labeled_issues" rename to "int_labeled_issues__dbt_backup"
[0m01:02:40.105508 [debug] [Thread-1 (]: Using duckdb connection "model.oss_intel.int_first_contribution"
[0m01:02:40.105508 [debug] [Thread-1 (]: On model.oss_intel.int_first_contribution: /* {"app": "dbt", "dbt_version": "1.12.5", "profile_name": "oss_intel", "target_name": "dev", "node_id": "model.oss_intel.int_first_contribution"} */

      drop table if exists "oss"."main"."int_first_contribution__dbt_backup" cascade
    
[0m01:02:40.105508 [debug] [Thread-3 (]: SQL status: OK in 0.000 seconds
[0m01:02:40.105508 [debug] [Thread-3 (]: Using duckdb connection "model.oss_intel.int_labeled_issues"
[0m01:02:40.105508 [debug] [Thread-3 (]: On model.oss_intel.int_labeled_issues: /* {"app": "dbt", "dbt_version": "1.12.5", "profile_name": "oss_intel", "target_name": "dev", "node_id": "model.oss_intel.int_labeled_issues"} */
alter table "oss"."main"."int_labeled_issues__dbt_tmp" rename to "int_labeled_issues"
[0m01:02:40.105508 [debug] [Thread-1 (]: SQL status: OK in 0.002 seconds
[0m01:02:40.105508 [debug] [Thread-4 (]: Began executing node model.oss_intel.int_bus_factor
[0m01:02:40.105508 [debug] [Thread-1 (]: On model.oss_intel.int_first_contribution: Close
[0m01:02:40.105508 [debug] [Thread-4 (]: Writing runtime sql for node "model.oss_intel.int_bus_factor"
[0m01:02:40.105508 [debug] [Thread-3 (]: SQL status: OK in 0.003 seconds
[0m01:02:40.105508 [debug] [Thread-1 (]: Sending event: {'category': 'dbt', 'action': 'run_model', 'label': 'a867adec-cde0-49f3-97ce-67bc1b8770dc', 'context': [<snowplow_tracker.self_describing_json.SelfDescribingJson object at 0x000001392362DF10>]}
[0m01:02:40.105508 [debug] [Thread-3 (]: On model.oss_intel.int_labeled_issues: COMMIT
[0m01:02:40.121262 [info ] [Thread-1 (]: 18 of 39 OK created sql table model main.int_first_contribution ................ [[32mOK[0m in 0.31s]
[0m01:02:40.121262 [debug] [Thread-3 (]: Using duckdb connection "model.oss_intel.int_labeled_issues"
[0m01:02:40.122388 [debug] [Thread-1 (]: Finished running node model.oss_intel.int_first_contribution
[0m01:02:40.122894 [debug] [Thread-3 (]: On model.oss_intel.int_labeled_issues: COMMIT
[0m01:02:40.123722 [debug] [Thread-4 (]: Using duckdb connection "model.oss_intel.int_bus_factor"
[0m01:02:40.124732 [debug] [Thread-2 (]: Began running node model.oss_intel.fct_contributor_cohorts
[0m01:02:40.125146 [debug] [Thread-4 (]: On model.oss_intel.int_bus_factor: BEGIN
[0m01:02:40.125891 [debug] [Thread-4 (]: Opening a new connection, currently in state closed
[0m01:02:40.125146 [info ] [Thread-2 (]: 26 of 39 START sql table model main.fct_contributor_cohorts .................... [RUN]
[0m01:02:40.126643 [debug] [Thread-2 (]: Re-using an available connection from the pool (formerly model.oss_intel.int_merged_prs, now model.oss_intel.fct_contributor_cohorts)
[0m01:02:40.128702 [debug] [Thread-2 (]: Began compiling node model.oss_intel.fct_contributor_cohorts
[0m01:02:40.130784 [debug] [Thread-2 (]: Writing injected SQL for node "model.oss_intel.fct_contributor_cohorts"
[0m01:02:40.131793 [debug] [Thread-4 (]: SQL status: OK in 0.006 seconds
[0m01:02:40.131793 [debug] [Thread-4 (]: Using duckdb connection "model.oss_intel.int_bus_factor"
[0m01:02:40.131793 [debug] [Thread-4 (]: On model.oss_intel.int_bus_factor: /* {"app": "dbt", "dbt_version": "1.12.5", "profile_name": "oss_intel", "target_name": "dev", "node_id": "model.oss_intel.int_bus_factor"} */

    

    create  table
      "oss"."main"."int_bus_factor__dbt_tmp"
  
    
    as (
      -- Bus factor (50%): the fewest non-bot authors accounting for at least half of
-- merged PRs in the window.
--
-- Method: give each author their share, sort descending, take a running total,
-- and count how many authors it takes to cross 50%. The author tie-break keeps
-- the result deterministic - without it, ties reorder between runs and the
-- "biggest movers" chart fills with noise.
--
-- Documented blind spot: maintainers who push straight to main never open a PR
-- and are invisible here.
with shares as (

    select
        repo_id,
        author,
        count(*) * 1.0 / sum(count(*)) over (partition by repo_id) as share
    from "oss"."main"."int_merged_prs"
    group by 1, 2

),

cumulative as (

    select
        *,
        sum(share) over (
            partition by repo_id order by share desc, author
            rows unbounded preceding
        ) - share as share_before
    from shares

)

select
    repo_id,
    count(*)                                    as bus_factor_50,
    max(share)                                  as top_author_share,
    count(distinct author)                      as pr_authors_12m
from cumulative
where share_before < 0.5
group by 1
    );
    
  
[0m01:02:40.133630 [debug] [Thread-2 (]: Began executing node model.oss_intel.fct_contributor_cohorts
[0m01:02:40.133630 [debug] [Thread-2 (]: Writing runtime sql for node "model.oss_intel.fct_contributor_cohorts"
[0m01:02:40.139140 [debug] [Thread-3 (]: SQL status: OK in 0.015 seconds
[0m01:02:40.140120 [debug] [Thread-3 (]: Using duckdb connection "model.oss_intel.int_labeled_issues"
[0m01:02:40.142468 [debug] [Thread-3 (]: On model.oss_intel.int_labeled_issues: /* {"app": "dbt", "dbt_version": "1.12.5", "profile_name": "oss_intel", "target_name": "dev", "node_id": "model.oss_intel.int_labeled_issues"} */

      drop table if exists "oss"."main"."int_labeled_issues__dbt_backup" cascade
    
[0m01:02:40.143479 [debug] [Thread-2 (]: Using duckdb connection "model.oss_intel.fct_contributor_cohorts"
[0m01:02:40.144478 [debug] [Thread-2 (]: On model.oss_intel.fct_contributor_cohorts: BEGIN
[0m01:02:40.144478 [debug] [Thread-2 (]: Opening a new connection, currently in state closed
[0m01:02:40.146479 [debug] [Thread-2 (]: SQL status: OK in 0.001 seconds
[0m01:02:40.147478 [debug] [Thread-3 (]: SQL status: OK in 0.005 seconds
[0m01:02:40.147478 [debug] [Thread-2 (]: Using duckdb connection "model.oss_intel.fct_contributor_cohorts"
[0m01:02:40.149616 [debug] [Thread-3 (]: On model.oss_intel.int_labeled_issues: Close
[0m01:02:40.150237 [debug] [Thread-2 (]: On model.oss_intel.fct_contributor_cohorts: /* {"app": "dbt", "dbt_version": "1.12.5", "profile_name": "oss_intel", "target_name": "dev", "node_id": "model.oss_intel.fct_contributor_cohorts"} */

    

    create  table
      "oss"."main"."fct_contributor_cohorts__dbt_tmp"
  
    
    as (
      -- Retention triangle. Of the people whose first observed contribution to a
-- repo fell in month M, how many were active again N months later?
--
-- Total contributor count is a vanity metric - it rises with any attention.
-- Retention says whether a project turns newcomers into regulars, which is
-- what determines survival past the current maintainers.
with cohort_size as (

    select repo_id, cohort_month, count(distinct actor) as cohort_contributors
    from "oss"."main"."int_first_contribution"
    group by 1, 2

),

activity as (

    select
        f.repo_id,
        f.cohort_month,
        f.actor,
        date_diff('month', f.cohort_month, c.contribution_month) as months_since
    from "oss"."main"."int_first_contribution" f
    join "oss"."main"."stg_contributions" c
      on f.repo_id = c.repo_id and f.actor = c.actor
    where c.contribution_month > f.cohort_month

)

select
    a.repo_id,
    a.cohort_month,
    a.months_since,
    s.cohort_contributors,
    count(distinct a.actor)                                           as retained_contributors,
    count(distinct a.actor) * 1.0 / nullif(s.cohort_contributors, 0)  as retention_rate
from activity a
join cohort_size s
  on a.repo_id = s.repo_id and a.cohort_month = s.cohort_month
where a.months_since between 1 and 12
group by 1, 2, 3, 4
    );
    
  
[0m01:02:40.150237 [debug] [Thread-3 (]: Sending event: {'category': 'dbt', 'action': 'run_model', 'label': 'a867adec-cde0-49f3-97ce-67bc1b8770dc', 'context': [<snowplow_tracker.self_describing_json.SelfDescribingJson object at 0x0000013921A34740>]}
[0m01:02:40.152329 [info ] [Thread-3 (]: 23 of 39 OK created sql table model main.int_labeled_issues .................... [[32mOK[0m in 0.27s]
[0m01:02:40.152329 [debug] [Thread-3 (]: Finished running node model.oss_intel.int_labeled_issues
[0m01:02:40.155800 [debug] [Thread-1 (]: Began running node model.oss_intel.fct_release_reliability
[0m01:02:40.157356 [info ] [Thread-1 (]: 27 of 39 START sql table model main.fct_release_reliability .................... [RUN]
[0m01:02:40.157356 [debug] [Thread-1 (]: Re-using an available connection from the pool (formerly model.oss_intel.int_first_contribution, now model.oss_intel.fct_release_reliability)
[0m01:02:40.157356 [debug] [Thread-1 (]: Began compiling node model.oss_intel.fct_release_reliability
[0m01:02:40.161975 [debug] [Thread-1 (]: Writing injected SQL for node "model.oss_intel.fct_release_reliability"
[0m01:02:40.165311 [debug] [Thread-1 (]: Began executing node model.oss_intel.fct_release_reliability
[0m01:02:40.169970 [debug] [Thread-1 (]: Writing runtime sql for node "model.oss_intel.fct_release_reliability"
[0m01:02:40.172393 [debug] [Thread-1 (]: Using duckdb connection "model.oss_intel.fct_release_reliability"
[0m01:02:40.173405 [debug] [Thread-1 (]: On model.oss_intel.fct_release_reliability: BEGIN
[0m01:02:40.173405 [debug] [Thread-1 (]: Opening a new connection, currently in state closed
[0m01:02:40.178826 [debug] [Thread-1 (]: SQL status: OK in 0.005 seconds
[0m01:02:40.179824 [debug] [Thread-1 (]: Using duckdb connection "model.oss_intel.fct_release_reliability"
[0m01:02:40.181825 [debug] [Thread-1 (]: On model.oss_intel.fct_release_reliability: /* {"app": "dbt", "dbt_version": "1.12.5", "profile_name": "oss_intel", "target_name": "dev", "node_id": "model.oss_intel.fct_release_reliability"} */

    

    create  table
      "oss"."main"."fct_release_reliability__dbt_tmp"
  
    
    as (
      -- Post-release regression ratio: bugs opened in the N days after a release,
-- against what the prior 90 days' rate would predict.
--
-- Correlation, not causation: a big release draws attention, and attention
-- produces reports. Say so on the dashboard rather than implying the release
-- caused the bugs.
with releases as (

    select repo_id, tag_name, published_at
    from "oss"."main"."stg_releases"
    where published_at >= timestamp '2025-10-01'

),

bugs as (

    select repo_id, created_at
    from "oss"."main"."int_labeled_issues"
    where normalized_label in ('bug', 'regression')

),

windowed as (

    select
        rel.repo_id,
        rel.tag_name,
        rel.published_at,
        count(b.created_at) filter (
            where b.created_at >= rel.published_at
              and b.created_at <  rel.published_at + interval 14 day
        ) as bugs_after,
        count(b.created_at) filter (
            where b.created_at <  rel.published_at
              and b.created_at >= rel.published_at - interval 90 day
        ) as bugs_baseline
    from releases rel
    left join bugs b on rel.repo_id = b.repo_id
    group by 1, 2, 3

)

select
    *,
    bugs_baseline * 1.0
        * 14 / 90 as expected_bugs,
    bugs_after / nullif(
        bugs_baseline * 1.0
        * 14 / 90, 0
    ) as regression_ratio
from windowed
    );
    
  
[0m01:02:40.190052 [debug] [Thread-4 (]: SQL status: OK in 0.062 seconds
[0m01:02:40.196177 [debug] [Thread-4 (]: Using duckdb connection "model.oss_intel.int_bus_factor"
[0m01:02:40.196177 [debug] [Thread-4 (]: On model.oss_intel.int_bus_factor: /* {"app": "dbt", "dbt_version": "1.12.5", "profile_name": "oss_intel", "target_name": "dev", "node_id": "model.oss_intel.int_bus_factor"} */

    SELECT index_name
    FROM duckdb_indexes()
    WHERE database_name = 'oss'
      AND schema_name = 'main'
      AND table_name = 'int_bus_factor'
  
[0m01:02:40.198690 [debug] [Thread-4 (]: SQL status: OK in 0.001 seconds
[0m01:02:40.201686 [debug] [Thread-4 (]: Using duckdb connection "model.oss_intel.int_bus_factor"
[0m01:02:40.201686 [debug] [Thread-4 (]: On model.oss_intel.int_bus_factor: /* {"app": "dbt", "dbt_version": "1.12.5", "profile_name": "oss_intel", "target_name": "dev", "node_id": "model.oss_intel.int_bus_factor"} */
alter table "oss"."main"."int_bus_factor" rename to "int_bus_factor__dbt_backup"
[0m01:02:40.201686 [debug] [Thread-4 (]: SQL status: OK in 0.000 seconds
[0m01:02:40.203685 [debug] [Thread-4 (]: Using duckdb connection "model.oss_intel.int_bus_factor"
[0m01:02:40.203685 [debug] [Thread-4 (]: On model.oss_intel.int_bus_factor: /* {"app": "dbt", "dbt_version": "1.12.5", "profile_name": "oss_intel", "target_name": "dev", "node_id": "model.oss_intel.int_bus_factor"} */
alter table "oss"."main"."int_bus_factor__dbt_tmp" rename to "int_bus_factor"
[0m01:02:40.204685 [debug] [Thread-4 (]: SQL status: OK in 0.000 seconds
[0m01:02:40.205686 [debug] [Thread-4 (]: On model.oss_intel.int_bus_factor: COMMIT
[0m01:02:40.205686 [debug] [Thread-4 (]: Using duckdb connection "model.oss_intel.int_bus_factor"
[0m01:02:40.205686 [debug] [Thread-4 (]: On model.oss_intel.int_bus_factor: COMMIT
[0m01:02:40.207932 [debug] [Thread-4 (]: SQL status: OK in 0.001 seconds
[0m01:02:40.208933 [debug] [Thread-4 (]: Using duckdb connection "model.oss_intel.int_bus_factor"
[0m01:02:40.208933 [debug] [Thread-4 (]: On model.oss_intel.int_bus_factor: /* {"app": "dbt", "dbt_version": "1.12.5", "profile_name": "oss_intel", "target_name": "dev", "node_id": "model.oss_intel.int_bus_factor"} */

      drop table if exists "oss"."main"."int_bus_factor__dbt_backup" cascade
    
[0m01:02:40.209931 [debug] [Thread-4 (]: SQL status: OK in 0.001 seconds
[0m01:02:40.210933 [debug] [Thread-4 (]: On model.oss_intel.int_bus_factor: Close
[0m01:02:40.210933 [debug] [Thread-4 (]: Sending event: {'category': 'dbt', 'action': 'run_model', 'label': 'a867adec-cde0-49f3-97ce-67bc1b8770dc', 'context': [<snowplow_tracker.self_describing_json.SelfDescribingJson object at 0x00000139236F8050>]}
[0m01:02:40.211933 [info ] [Thread-4 (]: 25 of 39 OK created sql table model main.int_bus_factor ........................ [[32mOK[0m in 0.11s]
[0m01:02:40.211933 [debug] [Thread-4 (]: Finished running node model.oss_intel.int_bus_factor
[0m01:02:40.212931 [debug] [Thread-3 (]: Began running node test.oss_intel.assert_bus_factor_positive
[0m01:02:40.213239 [info ] [Thread-3 (]: 28 of 39 START test assert_bus_factor_positive ................................. [RUN]
[0m01:02:40.213978 [debug] [Thread-3 (]: Re-using an available connection from the pool (formerly model.oss_intel.int_labeled_issues, now test.oss_intel.assert_bus_factor_positive)
[0m01:02:40.213978 [debug] [Thread-3 (]: Began compiling node test.oss_intel.assert_bus_factor_positive
[0m01:02:40.214437 [debug] [Thread-3 (]: Writing injected SQL for node "test.oss_intel.assert_bus_factor_positive"
[0m01:02:40.214437 [debug] [Thread-3 (]: Began executing node test.oss_intel.assert_bus_factor_positive
[0m01:02:40.214437 [debug] [Thread-3 (]: Writing runtime sql for node "test.oss_intel.assert_bus_factor_positive"
[0m01:02:40.218306 [debug] [Thread-3 (]: Using duckdb connection "test.oss_intel.assert_bus_factor_positive"
[0m01:02:40.218306 [debug] [Thread-3 (]: On test.oss_intel.assert_bus_factor_positive: BEGIN
[0m01:02:40.218306 [debug] [Thread-3 (]: Opening a new connection, currently in state closed
[0m01:02:40.220312 [debug] [Thread-3 (]: SQL status: OK in 0.001 seconds
[0m01:02:40.220312 [debug] [Thread-3 (]: Using duckdb connection "test.oss_intel.assert_bus_factor_positive"
[0m01:02:40.220312 [debug] [Thread-3 (]: On test.oss_intel.assert_bus_factor_positive: /* {"app": "dbt", "dbt_version": "1.12.5", "profile_name": "oss_intel", "target_name": "dev", "node_id": "test.oss_intel.assert_bus_factor_positive"} */

    
    select
      count(*) as failures,
      count(*) != 0 as should_warn,
      count(*) != 0 as should_error
    from (
      
    
  -- A bus factor of zero is impossible: if any PR was merged, someone merged it.
select repo_id, bus_factor_50 from "oss"."main"."int_bus_factor" where bus_factor_50 < 1
  
  
      
    ) dbt_internal_test
[0m01:02:40.220312 [debug] [Thread-3 (]: SQL status: OK in 0.001 seconds
[0m01:02:40.222318 [debug] [Thread-3 (]: On test.oss_intel.assert_bus_factor_positive: ROLLBACK
[0m01:02:40.222318 [debug] [Thread-3 (]: On test.oss_intel.assert_bus_factor_positive: Close
[0m01:02:40.223474 [info ] [Thread-3 (]: 28 of 39 PASS assert_bus_factor_positive ....................................... [[32mPASS[0m in 0.01s]
[0m01:02:40.223474 [debug] [Thread-3 (]: Finished running node test.oss_intel.assert_bus_factor_positive
[0m01:02:40.224464 [debug] [Thread-4 (]: Began running node model.oss_intel.fct_repo_health_monthly
[0m01:02:40.224464 [info ] [Thread-4 (]: 29 of 39 START sql table model main.fct_repo_health_monthly .................... [RUN]
[0m01:02:40.225209 [debug] [Thread-4 (]: Re-using an available connection from the pool (formerly model.oss_intel.int_bus_factor, now model.oss_intel.fct_repo_health_monthly)
[0m01:02:40.225209 [debug] [Thread-4 (]: Began compiling node model.oss_intel.fct_repo_health_monthly
[0m01:02:40.228315 [debug] [Thread-4 (]: Writing injected SQL for node "model.oss_intel.fct_repo_health_monthly"
[0m01:02:40.228632 [debug] [Thread-4 (]: Began executing node model.oss_intel.fct_repo_health_monthly
[0m01:02:40.231496 [debug] [Thread-4 (]: Writing runtime sql for node "model.oss_intel.fct_repo_health_monthly"
[0m01:02:40.235226 [debug] [Thread-4 (]: Using duckdb connection "model.oss_intel.fct_repo_health_monthly"
[0m01:02:40.235226 [debug] [Thread-4 (]: On model.oss_intel.fct_repo_health_monthly: BEGIN
[0m01:02:40.235226 [debug] [Thread-4 (]: Opening a new connection, currently in state closed
[0m01:02:40.236224 [debug] [Thread-4 (]: SQL status: OK in 0.001 seconds
[0m01:02:40.237223 [debug] [Thread-4 (]: Using duckdb connection "model.oss_intel.fct_repo_health_monthly"
[0m01:02:40.238224 [debug] [Thread-4 (]: On model.oss_intel.fct_repo_health_monthly: /* {"app": "dbt", "dbt_version": "1.12.5", "profile_name": "oss_intel", "target_name": "dev", "node_id": "model.oss_intel.fct_repo_health_monthly"} */

    

    create  table
      "oss"."main"."fct_repo_health_monthly__dbt_tmp"
  
    
    as (
      -- One row per repo per month. Activity metrics are for that month; bus factor
-- is a trailing-12-month measure attached to every row for trend context.
--
-- Note which CTEs filter on in_window and which do not:
--   responsiveness / merges / bugs_opened  -> RATE metrics, window-filtered
--   backlog                                -> a STOCK metric, deliberately not
with months as (

    select distinct date_trunc('month', created_at) as month_start
    from "oss"."main"."stg_issues_prs"
    where in_window

),

spine as (

    select r.repo_id, m.month_start
    from "oss"."main"."dim_repo" r
    cross join months m

),

responsiveness as (

    select
        repo_id,
        date_trunc('month', created_at)                                  as month_start,
        median(response_hours)                                           as ttfr_p50_hours,
        quantile_cont(response_hours, 0.9)                               as ttfr_p90_hours,
        count(*)                                                         as items_opened,
        sum(case when is_unresponded then 1 else 0 end) * 1.0 / count(*) as unresponded_rate
    from "oss"."main"."stg_issues_prs"
    where in_window
    group by 1, 2

),

merges as (

    select
        repo_id,
        merged_month                 as month_start,
        count(*)                     as prs_merged,
        count(distinct author)       as distinct_pr_authors,
        median(time_to_merge_hours)  as median_merge_hours
    from "oss"."main"."int_merged_prs"
    group by 1, 2

),

bugs_opened as (

    select
        repo_id,
        date_trunc('month', created_at) as month_start,
        count(*)                        as bugs_opened
    from "oss"."main"."int_labeled_issues"
    where normalized_label in ('bug', 'regression')
      and created_at >= timestamp '2025-10-01'
    group by 1, 2

),

backlog as (

    -- STOCK metric: every bug still open at month end, however old. An issue
    -- from 2019 that is still open is part of today's backlog.
    select
        s.repo_id,
        s.month_start,
        count(*) as bugs_open_at_month_end
    from spine s
    join "oss"."main"."int_labeled_issues" b
      on b.repo_id = s.repo_id
     and b.normalized_label in ('bug', 'regression')
     and b.created_at < s.month_start + interval 1 month
     and (b.closed_at is null or b.closed_at >= s.month_start + interval 1 month)
    group by 1, 2

),

community as (

    select repo_id, contribution_month as month_start, count(distinct actor) as active_contributors
    from "oss"."main"."stg_contributions"
    group by 1, 2

)

select
    s.repo_id,
    s.month_start,
    r.ttfr_p50_hours,
    r.ttfr_p90_hours,
    coalesce(r.items_opened, 0)            as items_opened,
    r.unresponded_rate,
    coalesce(m.prs_merged, 0)              as prs_merged,
    coalesce(m.distinct_pr_authors, 0)     as distinct_pr_authors,
    m.median_merge_hours,
    coalesce(bo.bugs_opened, 0)            as bugs_opened,
    coalesce(bl.bugs_open_at_month_end, 0) as bugs_open_at_month_end,
    coalesce(c.active_contributors, 0)     as active_contributors,
    bf.bus_factor_50,
    bf.top_author_share
from spine s
left join responsiveness r  on s.repo_id = r.repo_id  and s.month_start = r.month_start
left join merges m          on s.repo_id = m.repo_id  and s.month_start = m.month_start
left join bugs_opened bo    on s.repo_id = bo.repo_id and s.month_start = bo.month_start
left join backlog bl        on s.repo_id = bl.repo_id and s.month_start = bl.month_start
left join community c       on s.repo_id = c.repo_id  and s.month_start = c.month_start
left join "oss"."main"."int_bus_factor" bf on s.repo_id = bf.repo_id
    );
    
  
[0m01:02:40.341341 [debug] [Thread-1 (]: SQL status: OK in 0.165 seconds
[0m01:02:40.341341 [debug] [Thread-1 (]: Using duckdb connection "model.oss_intel.fct_release_reliability"
[0m01:02:40.341341 [debug] [Thread-1 (]: On model.oss_intel.fct_release_reliability: /* {"app": "dbt", "dbt_version": "1.12.5", "profile_name": "oss_intel", "target_name": "dev", "node_id": "model.oss_intel.fct_release_reliability"} */

    SELECT index_name
    FROM duckdb_indexes()
    WHERE database_name = 'oss'
      AND schema_name = 'main'
      AND table_name = 'fct_release_reliability'
  
[0m01:02:40.341341 [debug] [Thread-1 (]: SQL status: OK in 0.001 seconds
[0m01:02:40.351924 [debug] [Thread-1 (]: Using duckdb connection "model.oss_intel.fct_release_reliability"
[0m01:02:40.351924 [debug] [Thread-1 (]: On model.oss_intel.fct_release_reliability: /* {"app": "dbt", "dbt_version": "1.12.5", "profile_name": "oss_intel", "target_name": "dev", "node_id": "model.oss_intel.fct_release_reliability"} */
alter table "oss"."main"."fct_release_reliability" rename to "fct_release_reliability__dbt_backup"
[0m01:02:40.354759 [debug] [Thread-1 (]: SQL status: OK in 0.001 seconds
[0m01:02:40.354759 [debug] [Thread-1 (]: Using duckdb connection "model.oss_intel.fct_release_reliability"
[0m01:02:40.354759 [debug] [Thread-1 (]: On model.oss_intel.fct_release_reliability: /* {"app": "dbt", "dbt_version": "1.12.5", "profile_name": "oss_intel", "target_name": "dev", "node_id": "model.oss_intel.fct_release_reliability"} */
alter table "oss"."main"."fct_release_reliability__dbt_tmp" rename to "fct_release_reliability"
[0m01:02:40.354759 [debug] [Thread-1 (]: SQL status: OK in 0.001 seconds
[0m01:02:40.354759 [debug] [Thread-1 (]: On model.oss_intel.fct_release_reliability: COMMIT
[0m01:02:40.354759 [debug] [Thread-1 (]: Using duckdb connection "model.oss_intel.fct_release_reliability"
[0m01:02:40.354759 [debug] [Thread-1 (]: On model.oss_intel.fct_release_reliability: COMMIT
[0m01:02:40.370840 [debug] [Thread-1 (]: SQL status: OK in 0.004 seconds
[0m01:02:40.371852 [debug] [Thread-1 (]: Using duckdb connection "model.oss_intel.fct_release_reliability"
[0m01:02:40.371852 [debug] [Thread-1 (]: On model.oss_intel.fct_release_reliability: /* {"app": "dbt", "dbt_version": "1.12.5", "profile_name": "oss_intel", "target_name": "dev", "node_id": "model.oss_intel.fct_release_reliability"} */

      drop table if exists "oss"."main"."fct_release_reliability__dbt_backup" cascade
    
[0m01:02:40.371852 [debug] [Thread-1 (]: SQL status: OK in 0.002 seconds
[0m01:02:40.371852 [debug] [Thread-1 (]: On model.oss_intel.fct_release_reliability: Close
[0m01:02:40.377456 [debug] [Thread-1 (]: Sending event: {'category': 'dbt', 'action': 'run_model', 'label': 'a867adec-cde0-49f3-97ce-67bc1b8770dc', 'context': [<snowplow_tracker.self_describing_json.SelfDescribingJson object at 0x0000013922251C10>]}
[0m01:02:40.377456 [info ] [Thread-1 (]: 27 of 39 OK created sql table model main.fct_release_reliability ............... [[32mOK[0m in 0.22s]
[0m01:02:40.377456 [debug] [Thread-1 (]: Finished running node model.oss_intel.fct_release_reliability
[0m01:02:40.485845 [debug] [Thread-4 (]: SQL status: OK in 0.249 seconds
[0m01:02:40.485845 [debug] [Thread-4 (]: Using duckdb connection "model.oss_intel.fct_repo_health_monthly"
[0m01:02:40.485845 [debug] [Thread-4 (]: On model.oss_intel.fct_repo_health_monthly: /* {"app": "dbt", "dbt_version": "1.12.5", "profile_name": "oss_intel", "target_name": "dev", "node_id": "model.oss_intel.fct_repo_health_monthly"} */

    SELECT index_name
    FROM duckdb_indexes()
    WHERE database_name = 'oss'
      AND schema_name = 'main'
      AND table_name = 'fct_repo_health_monthly'
  
[0m01:02:40.485845 [debug] [Thread-4 (]: SQL status: OK in 0.001 seconds
[0m01:02:40.485845 [debug] [Thread-4 (]: Using duckdb connection "model.oss_intel.fct_repo_health_monthly"
[0m01:02:40.485845 [debug] [Thread-4 (]: On model.oss_intel.fct_repo_health_monthly: /* {"app": "dbt", "dbt_version": "1.12.5", "profile_name": "oss_intel", "target_name": "dev", "node_id": "model.oss_intel.fct_repo_health_monthly"} */
alter table "oss"."main"."fct_repo_health_monthly" rename to "fct_repo_health_monthly__dbt_backup"
[0m01:02:40.485845 [debug] [Thread-4 (]: SQL status: OK in 0.000 seconds
[0m01:02:40.485845 [debug] [Thread-4 (]: Using duckdb connection "model.oss_intel.fct_repo_health_monthly"
[0m01:02:40.485845 [debug] [Thread-4 (]: On model.oss_intel.fct_repo_health_monthly: /* {"app": "dbt", "dbt_version": "1.12.5", "profile_name": "oss_intel", "target_name": "dev", "node_id": "model.oss_intel.fct_repo_health_monthly"} */
alter table "oss"."main"."fct_repo_health_monthly__dbt_tmp" rename to "fct_repo_health_monthly"
[0m01:02:40.485845 [debug] [Thread-4 (]: SQL status: OK in 0.000 seconds
[0m01:02:40.485845 [debug] [Thread-4 (]: On model.oss_intel.fct_repo_health_monthly: COMMIT
[0m01:02:40.485845 [debug] [Thread-4 (]: Using duckdb connection "model.oss_intel.fct_repo_health_monthly"
[0m01:02:40.485845 [debug] [Thread-4 (]: On model.oss_intel.fct_repo_health_monthly: COMMIT
[0m01:02:40.485845 [debug] [Thread-4 (]: SQL status: OK in 0.001 seconds
[0m01:02:40.485845 [debug] [Thread-4 (]: Using duckdb connection "model.oss_intel.fct_repo_health_monthly"
[0m01:02:40.485845 [debug] [Thread-4 (]: On model.oss_intel.fct_repo_health_monthly: /* {"app": "dbt", "dbt_version": "1.12.5", "profile_name": "oss_intel", "target_name": "dev", "node_id": "model.oss_intel.fct_repo_health_monthly"} */

      drop table if exists "oss"."main"."fct_repo_health_monthly__dbt_backup" cascade
    
[0m01:02:40.485845 [debug] [Thread-4 (]: SQL status: OK in 0.001 seconds
[0m01:02:40.501899 [debug] [Thread-4 (]: On model.oss_intel.fct_repo_health_monthly: Close
[0m01:02:40.501899 [debug] [Thread-4 (]: Sending event: {'category': 'dbt', 'action': 'run_model', 'label': 'a867adec-cde0-49f3-97ce-67bc1b8770dc', 'context': [<snowplow_tracker.self_describing_json.SelfDescribingJson object at 0x00000139234FEA80>]}
[0m01:02:40.501899 [info ] [Thread-4 (]: 29 of 39 OK created sql table model main.fct_repo_health_monthly ............... [[32mOK[0m in 0.28s]
[0m01:02:40.501899 [debug] [Thread-4 (]: Finished running node model.oss_intel.fct_repo_health_monthly
[0m01:02:40.501899 [debug] [Thread-3 (]: Began running node test.oss_intel.not_null_fct_repo_health_monthly_repo_id.db5aecfea4
[0m01:02:40.501899 [debug] [Thread-1 (]: Began running node test.oss_intel.relationships_fct_repo_health_monthly_repo_id__repo_id__ref_dim_repo_.0c80c8c8ec
[0m01:02:40.505375 [info ] [Thread-3 (]: 30 of 39 START test not_null_fct_repo_health_monthly_repo_id ................... [RUN]
[0m01:02:40.505879 [debug] [Thread-3 (]: Re-using an available connection from the pool (formerly test.oss_intel.assert_bus_factor_positive, now test.oss_intel.not_null_fct_repo_health_monthly_repo_id.db5aecfea4)
[0m01:02:40.505879 [info ] [Thread-1 (]: 31 of 39 START test relationships_fct_repo_health_monthly_repo_id__repo_id__ref_dim_repo_  [RUN]
[0m01:02:40.506593 [debug] [Thread-3 (]: Began compiling node test.oss_intel.not_null_fct_repo_health_monthly_repo_id.db5aecfea4
[0m01:02:40.507096 [debug] [Thread-1 (]: Re-using an available connection from the pool (formerly model.oss_intel.fct_release_reliability, now test.oss_intel.relationships_fct_repo_health_monthly_repo_id__repo_id__ref_dim_repo_.0c80c8c8ec)
[0m01:02:40.507096 [debug] [Thread-3 (]: Writing injected SQL for node "test.oss_intel.not_null_fct_repo_health_monthly_repo_id.db5aecfea4"
[0m01:02:40.507096 [debug] [Thread-1 (]: Began compiling node test.oss_intel.relationships_fct_repo_health_monthly_repo_id__repo_id__ref_dim_repo_.0c80c8c8ec
[0m01:02:40.521117 [debug] [Thread-1 (]: Writing injected SQL for node "test.oss_intel.relationships_fct_repo_health_monthly_repo_id__repo_id__ref_dim_repo_.0c80c8c8ec"
[0m01:02:40.521117 [debug] [Thread-3 (]: Began executing node test.oss_intel.not_null_fct_repo_health_monthly_repo_id.db5aecfea4
[0m01:02:40.523369 [debug] [Thread-3 (]: Writing runtime sql for node "test.oss_intel.not_null_fct_repo_health_monthly_repo_id.db5aecfea4"
[0m01:02:40.523369 [debug] [Thread-1 (]: Began executing node test.oss_intel.relationships_fct_repo_health_monthly_repo_id__repo_id__ref_dim_repo_.0c80c8c8ec
[0m01:02:40.523369 [debug] [Thread-1 (]: Writing runtime sql for node "test.oss_intel.relationships_fct_repo_health_monthly_repo_id__repo_id__ref_dim_repo_.0c80c8c8ec"
[0m01:02:40.523369 [debug] [Thread-3 (]: Using duckdb connection "test.oss_intel.not_null_fct_repo_health_monthly_repo_id.db5aecfea4"
[0m01:02:40.523369 [debug] [Thread-3 (]: On test.oss_intel.not_null_fct_repo_health_monthly_repo_id.db5aecfea4: BEGIN
[0m01:02:40.523369 [debug] [Thread-3 (]: Opening a new connection, currently in state closed
[0m01:02:40.523369 [debug] [Thread-3 (]: SQL status: OK in 0.001 seconds
[0m01:02:40.530497 [debug] [Thread-3 (]: Using duckdb connection "test.oss_intel.not_null_fct_repo_health_monthly_repo_id.db5aecfea4"
[0m01:02:40.530497 [debug] [Thread-3 (]: On test.oss_intel.not_null_fct_repo_health_monthly_repo_id.db5aecfea4: /* {"app": "dbt", "dbt_version": "1.12.5", "profile_name": "oss_intel", "target_name": "dev", "node_id": "test.oss_intel.not_null_fct_repo_health_monthly_repo_id.db5aecfea4"} */

    
    select
      count(*) as failures,
      count(*) != 0 as should_warn,
      count(*) != 0 as should_error
    from (
      
    
  
    
    



select repo_id
from "oss"."main"."fct_repo_health_monthly"
where repo_id is null



  
  
      
    ) dbt_internal_test
[0m01:02:40.531145 [debug] [Thread-1 (]: Using duckdb connection "test.oss_intel.relationships_fct_repo_health_monthly_repo_id__repo_id__ref_dim_repo_.0c80c8c8ec"
[0m01:02:40.533156 [debug] [Thread-1 (]: On test.oss_intel.relationships_fct_repo_health_monthly_repo_id__repo_id__ref_dim_repo_.0c80c8c8ec: BEGIN
[0m01:02:40.533156 [debug] [Thread-1 (]: Opening a new connection, currently in state closed
[0m01:02:40.533156 [debug] [Thread-3 (]: SQL status: OK in 0.003 seconds
[0m01:02:40.537346 [debug] [Thread-3 (]: On test.oss_intel.not_null_fct_repo_health_monthly_repo_id.db5aecfea4: ROLLBACK
[0m01:02:40.537346 [debug] [Thread-1 (]: SQL status: OK in 0.005 seconds
[0m01:02:40.539011 [debug] [Thread-3 (]: On test.oss_intel.not_null_fct_repo_health_monthly_repo_id.db5aecfea4: Close
[0m01:02:40.539383 [debug] [Thread-1 (]: Using duckdb connection "test.oss_intel.relationships_fct_repo_health_monthly_repo_id__repo_id__ref_dim_repo_.0c80c8c8ec"
[0m01:02:40.539383 [debug] [Thread-1 (]: On test.oss_intel.relationships_fct_repo_health_monthly_repo_id__repo_id__ref_dim_repo_.0c80c8c8ec: /* {"app": "dbt", "dbt_version": "1.12.5", "profile_name": "oss_intel", "target_name": "dev", "node_id": "test.oss_intel.relationships_fct_repo_health_monthly_repo_id__repo_id__ref_dim_repo_.0c80c8c8ec"} */

    
    select
      count(*) as failures,
      count(*) != 0 as should_warn,
      count(*) != 0 as should_error
    from (
      
    
  
    
    

with child as (
    select repo_id as from_field
    from "oss"."main"."fct_repo_health_monthly"
    where repo_id is not null
),

parent as (
    select repo_id as to_field
    from "oss"."main"."dim_repo"
)

select
    from_field

from child
left join parent
    on child.from_field = parent.to_field

where parent.to_field is null



  
  
      
    ) dbt_internal_test
[0m01:02:40.539383 [info ] [Thread-3 (]: 30 of 39 PASS not_null_fct_repo_health_monthly_repo_id ......................... [[32mPASS[0m in 0.03s]
[0m01:02:40.539383 [debug] [Thread-3 (]: Finished running node test.oss_intel.not_null_fct_repo_health_monthly_repo_id.db5aecfea4
[0m01:02:40.544332 [debug] [Thread-1 (]: SQL status: OK in 0.002 seconds
[0m01:02:40.547748 [debug] [Thread-1 (]: On test.oss_intel.relationships_fct_repo_health_monthly_repo_id__repo_id__ref_dim_repo_.0c80c8c8ec: ROLLBACK
[0m01:02:40.548376 [debug] [Thread-1 (]: On test.oss_intel.relationships_fct_repo_health_monthly_repo_id__repo_id__ref_dim_repo_.0c80c8c8ec: Close
[0m01:02:40.548376 [info ] [Thread-1 (]: 31 of 39 PASS relationships_fct_repo_health_monthly_repo_id__repo_id__ref_dim_repo_  [[32mPASS[0m in 0.04s]
[0m01:02:40.550384 [debug] [Thread-1 (]: Finished running node test.oss_intel.relationships_fct_repo_health_monthly_repo_id__repo_id__ref_dim_repo_.0c80c8c8ec
[0m01:02:42.586738 [debug] [Thread-2 (]: SQL status: OK in 2.434 seconds
[0m01:02:42.587737 [debug] [Thread-2 (]: Using duckdb connection "model.oss_intel.fct_contributor_cohorts"
[0m01:02:42.588652 [debug] [Thread-2 (]: On model.oss_intel.fct_contributor_cohorts: /* {"app": "dbt", "dbt_version": "1.12.5", "profile_name": "oss_intel", "target_name": "dev", "node_id": "model.oss_intel.fct_contributor_cohorts"} */

    SELECT index_name
    FROM duckdb_indexes()
    WHERE database_name = 'oss'
      AND schema_name = 'main'
      AND table_name = 'fct_contributor_cohorts'
  
[0m01:02:42.589651 [debug] [Thread-2 (]: SQL status: OK in 0.001 seconds
[0m01:02:42.591651 [debug] [Thread-2 (]: Using duckdb connection "model.oss_intel.fct_contributor_cohorts"
[0m01:02:42.592693 [debug] [Thread-2 (]: On model.oss_intel.fct_contributor_cohorts: /* {"app": "dbt", "dbt_version": "1.12.5", "profile_name": "oss_intel", "target_name": "dev", "node_id": "model.oss_intel.fct_contributor_cohorts"} */
alter table "oss"."main"."fct_contributor_cohorts" rename to "fct_contributor_cohorts__dbt_backup"
[0m01:02:42.592693 [debug] [Thread-2 (]: SQL status: OK in 0.000 seconds
[0m01:02:42.594737 [debug] [Thread-2 (]: Using duckdb connection "model.oss_intel.fct_contributor_cohorts"
[0m01:02:42.594737 [debug] [Thread-2 (]: On model.oss_intel.fct_contributor_cohorts: /* {"app": "dbt", "dbt_version": "1.12.5", "profile_name": "oss_intel", "target_name": "dev", "node_id": "model.oss_intel.fct_contributor_cohorts"} */
alter table "oss"."main"."fct_contributor_cohorts__dbt_tmp" rename to "fct_contributor_cohorts"
[0m01:02:42.595734 [debug] [Thread-2 (]: SQL status: OK in 0.000 seconds
[0m01:02:42.598032 [debug] [Thread-2 (]: On model.oss_intel.fct_contributor_cohorts: COMMIT
[0m01:02:42.598032 [debug] [Thread-2 (]: Using duckdb connection "model.oss_intel.fct_contributor_cohorts"
[0m01:02:42.598032 [debug] [Thread-2 (]: On model.oss_intel.fct_contributor_cohorts: COMMIT
[0m01:02:42.601955 [debug] [Thread-2 (]: SQL status: OK in 0.003 seconds
[0m01:02:42.604042 [debug] [Thread-2 (]: Using duckdb connection "model.oss_intel.fct_contributor_cohorts"
[0m01:02:42.605038 [debug] [Thread-2 (]: On model.oss_intel.fct_contributor_cohorts: /* {"app": "dbt", "dbt_version": "1.12.5", "profile_name": "oss_intel", "target_name": "dev", "node_id": "model.oss_intel.fct_contributor_cohorts"} */

      drop table if exists "oss"."main"."fct_contributor_cohorts__dbt_backup" cascade
    
[0m01:02:42.606956 [debug] [Thread-2 (]: SQL status: OK in 0.001 seconds
[0m01:02:42.608755 [debug] [Thread-2 (]: On model.oss_intel.fct_contributor_cohorts: Close
[0m01:02:42.608755 [debug] [Thread-2 (]: Sending event: {'category': 'dbt', 'action': 'run_model', 'label': 'a867adec-cde0-49f3-97ce-67bc1b8770dc', 'context': [<snowplow_tracker.self_describing_json.SelfDescribingJson object at 0x00000139224DE0C0>]}
[0m01:02:42.608755 [info ] [Thread-2 (]: 26 of 39 OK created sql table model main.fct_contributor_cohorts ............... [[32mOK[0m in 2.48s]
[0m01:02:42.608755 [debug] [Thread-2 (]: Finished running node model.oss_intel.fct_contributor_cohorts
[0m01:02:42.613761 [debug] [Thread-3 (]: Began running node test.oss_intel.not_null_fct_contributor_cohorts_retention_rate.88e22f68cf
[0m01:02:42.608755 [debug] [Thread-4 (]: Began running node test.oss_intel.assert_retention_rate_in_bounds
[0m01:02:42.613761 [info ] [Thread-3 (]: 33 of 39 START test not_null_fct_contributor_cohorts_retention_rate ............ [RUN]
[0m01:02:42.617251 [debug] [Thread-3 (]: Re-using an available connection from the pool (formerly test.oss_intel.not_null_fct_repo_health_monthly_repo_id.db5aecfea4, now test.oss_intel.not_null_fct_contributor_cohorts_retention_rate.88e22f68cf)
[0m01:02:42.615778 [info ] [Thread-4 (]: 32 of 39 START test assert_retention_rate_in_bounds ............................ [RUN]
[0m01:02:42.619270 [debug] [Thread-3 (]: Began compiling node test.oss_intel.not_null_fct_contributor_cohorts_retention_rate.88e22f68cf
[0m01:02:42.622057 [debug] [Thread-4 (]: Re-using an available connection from the pool (formerly model.oss_intel.fct_repo_health_monthly, now test.oss_intel.assert_retention_rate_in_bounds)
[0m01:02:42.634981 [debug] [Thread-3 (]: Writing injected SQL for node "test.oss_intel.not_null_fct_contributor_cohorts_retention_rate.88e22f68cf"
[0m01:02:42.634981 [debug] [Thread-4 (]: Began compiling node test.oss_intel.assert_retention_rate_in_bounds
[0m01:02:42.639501 [debug] [Thread-4 (]: Writing injected SQL for node "test.oss_intel.assert_retention_rate_in_bounds"
[0m01:02:42.641503 [debug] [Thread-3 (]: Began executing node test.oss_intel.not_null_fct_contributor_cohorts_retention_rate.88e22f68cf
[0m01:02:42.642511 [debug] [Thread-4 (]: Began executing node test.oss_intel.assert_retention_rate_in_bounds
[0m01:02:42.646987 [debug] [Thread-3 (]: Writing runtime sql for node "test.oss_intel.not_null_fct_contributor_cohorts_retention_rate.88e22f68cf"
[0m01:02:42.651891 [debug] [Thread-4 (]: Writing runtime sql for node "test.oss_intel.assert_retention_rate_in_bounds"
[0m01:02:42.651891 [debug] [Thread-3 (]: Using duckdb connection "test.oss_intel.not_null_fct_contributor_cohorts_retention_rate.88e22f68cf"
[0m01:02:42.651891 [debug] [Thread-3 (]: On test.oss_intel.not_null_fct_contributor_cohorts_retention_rate.88e22f68cf: BEGIN
[0m01:02:42.651891 [debug] [Thread-3 (]: Opening a new connection, currently in state closed
[0m01:02:42.656114 [debug] [Thread-4 (]: Using duckdb connection "test.oss_intel.assert_retention_rate_in_bounds"
[0m01:02:42.656114 [debug] [Thread-4 (]: On test.oss_intel.assert_retention_rate_in_bounds: BEGIN
[0m01:02:42.657111 [debug] [Thread-4 (]: Opening a new connection, currently in state closed
[0m01:02:42.658118 [debug] [Thread-3 (]: SQL status: OK in 0.003 seconds
[0m01:02:42.658897 [debug] [Thread-3 (]: Using duckdb connection "test.oss_intel.not_null_fct_contributor_cohorts_retention_rate.88e22f68cf"
[0m01:02:42.658897 [debug] [Thread-3 (]: On test.oss_intel.not_null_fct_contributor_cohorts_retention_rate.88e22f68cf: /* {"app": "dbt", "dbt_version": "1.12.5", "profile_name": "oss_intel", "target_name": "dev", "node_id": "test.oss_intel.not_null_fct_contributor_cohorts_retention_rate.88e22f68cf"} */

    
    select
      count(*) as failures,
      count(*) != 0 as should_warn,
      count(*) != 0 as should_error
    from (
      
    
  
    
    



select retention_rate
from "oss"."main"."fct_contributor_cohorts"
where retention_rate is null



  
  
      
    ) dbt_internal_test
[0m01:02:42.658897 [debug] [Thread-4 (]: SQL status: OK in 0.003 seconds
[0m01:02:42.658897 [debug] [Thread-4 (]: Using duckdb connection "test.oss_intel.assert_retention_rate_in_bounds"
[0m01:02:42.658897 [debug] [Thread-4 (]: On test.oss_intel.assert_retention_rate_in_bounds: /* {"app": "dbt", "dbt_version": "1.12.5", "profile_name": "oss_intel", "target_name": "dev", "node_id": "test.oss_intel.assert_retention_rate_in_bounds"} */

    
    select
      count(*) as failures,
      count(*) != 0 as should_warn,
      count(*) != 0 as should_error
    from (
      
    
  select * from "oss"."main"."fct_contributor_cohorts"
where retention_rate < 0 or retention_rate > 1
  
  
      
    ) dbt_internal_test
[0m01:02:42.658897 [debug] [Thread-3 (]: SQL status: OK in 0.001 seconds
[0m01:02:42.658897 [debug] [Thread-3 (]: On test.oss_intel.not_null_fct_contributor_cohorts_retention_rate.88e22f68cf: ROLLBACK
[0m01:02:42.662459 [debug] [Thread-4 (]: SQL status: OK in 0.002 seconds
[0m01:02:42.663523 [debug] [Thread-4 (]: On test.oss_intel.assert_retention_rate_in_bounds: ROLLBACK
[0m01:02:42.663523 [debug] [Thread-3 (]: On test.oss_intel.not_null_fct_contributor_cohorts_retention_rate.88e22f68cf: Close
[0m01:02:42.663523 [debug] [Thread-4 (]: On test.oss_intel.assert_retention_rate_in_bounds: Close
[0m01:02:42.664535 [info ] [Thread-3 (]: 33 of 39 PASS not_null_fct_contributor_cohorts_retention_rate .................. [[32mPASS[0m in 0.05s]
[0m01:02:42.665528 [debug] [Thread-3 (]: Finished running node test.oss_intel.not_null_fct_contributor_cohorts_retention_rate.88e22f68cf
[0m01:02:42.665528 [info ] [Thread-4 (]: 32 of 39 PASS assert_retention_rate_in_bounds .................................. [[32mPASS[0m in 0.04s]
[0m01:02:42.666527 [debug] [Thread-4 (]: Finished running node test.oss_intel.assert_retention_rate_in_bounds
[0m01:02:42.666527 [debug] [Thread-2 (]: Began running node model.oss_intel.fct_repo_health_current
[0m01:02:42.667527 [info ] [Thread-2 (]: 34 of 39 START sql table model main.fct_repo_health_current .................... [RUN]
[0m01:02:42.667527 [debug] [Thread-2 (]: Re-using an available connection from the pool (formerly model.oss_intel.fct_contributor_cohorts, now model.oss_intel.fct_repo_health_current)
[0m01:02:42.667527 [debug] [Thread-2 (]: Began compiling node model.oss_intel.fct_repo_health_current
[0m01:02:42.670533 [debug] [Thread-2 (]: Writing injected SQL for node "model.oss_intel.fct_repo_health_current"
[0m01:02:42.671533 [debug] [Thread-2 (]: Began executing node model.oss_intel.fct_repo_health_current
[0m01:02:42.677078 [debug] [Thread-2 (]: Writing runtime sql for node "model.oss_intel.fct_repo_health_current"
[0m01:02:42.678079 [debug] [Thread-2 (]: Using duckdb connection "model.oss_intel.fct_repo_health_current"
[0m01:02:42.678079 [debug] [Thread-2 (]: On model.oss_intel.fct_repo_health_current: BEGIN
[0m01:02:42.678079 [debug] [Thread-2 (]: Opening a new connection, currently in state closed
[0m01:02:42.679079 [debug] [Thread-2 (]: SQL status: OK in 0.001 seconds
[0m01:02:42.680070 [debug] [Thread-2 (]: Using duckdb connection "model.oss_intel.fct_repo_health_current"
[0m01:02:42.680070 [debug] [Thread-2 (]: On model.oss_intel.fct_repo_health_current: /* {"app": "dbt", "dbt_version": "1.12.5", "profile_name": "oss_intel", "target_name": "dev", "node_id": "model.oss_intel.fct_repo_health_current"} */

    

    create  table
      "oss"."main"."fct_repo_health_current__dbt_tmp"
  
    
    as (
      -- Current health snapshot with the composite score.
--
-- Responsiveness and merge activity are measured over a TRAILING 90 DAYS, not
-- the latest calendar month. A quiet month would otherwise leave those metrics
-- null, and a null percentile rank would score the repo as worst - punishing
-- "no data" as if it were "bad data". 90 days also smooths release cycles.
--
-- Every component is a PERCENTILE RANK within the tracked set. You cannot
-- average a bus factor of 3, 41 hours and 180 open bugs; ranking makes them
-- comparable and makes the claim honest - "relative to this ecosystem", not
-- "objectively healthy".
--
-- Weights live in seeds/score_weights.csv so the score can be recomputed under
-- several schemes (sensitivity analysis) and exposed as Tableau parameters.
with latest as (

    select max(month_start) as month_start from "oss"."main"."fct_repo_health_monthly"

),

recent_response as (

    select
        repo_id,
        median(response_hours)                                           as ttfr_p50_hours,
        quantile_cont(response_hours, 0.9)                               as ttfr_p90_hours,
        count(*)                                                         as items_opened_90d,
        sum(case when is_unresponded then 1 else 0 end) * 1.0 / count(*) as unresponded_rate
    from "oss"."main"."stg_issues_prs"
    where in_window
      and created_at >= current_timestamp - interval 90 day
    group by 1

),

recent_merges as (

    select
        repo_id,
        count(*)                as prs_merged_90d,
        count(distinct author)  as distinct_pr_authors_90d,
        median(time_to_merge_hours) as median_merge_hours
    from "oss"."main"."int_merged_prs"
    where merged_at >= current_timestamp - interval 90 day
    group by 1

),

release_gap as (

    select repo_id, median(gap_days) as median_release_gap_days,
           max(published_at)         as last_release_at
    from (
        select repo_id, published_at,
               date_diff('day', lag(published_at) over (
                   partition by repo_id order by published_at), published_at) as gap_days
        from "oss"."main"."stg_releases"
    ) x
    group by 1

),

base as (

    select
        h.repo_id,
        h.month_start,
        h.bugs_open_at_month_end,
        h.bus_factor_50,
        h.top_author_share,
        h.active_contributors,
        d.repo_full_name, d.ecosystem, d.criticality_tier,
        d.scorecard_overall, d.check_maintained, d.has_scorecard,
        r.ttfr_p50_hours, r.ttfr_p90_hours, r.unresponded_rate,
        coalesce(r.items_opened_90d, 0)        as items_opened_90d,
        coalesce(m.prs_merged_90d, 0)          as prs_merged_90d,
        coalesce(m.distinct_pr_authors_90d, 0) as distinct_pr_authors_90d,
        m.median_merge_hours,
        g.median_release_gap_days,
        date_diff('day', g.last_release_at, current_timestamp) as days_since_release,
        coalesce((
            select avg(c.retention_rate)
            from "oss"."main"."fct_contributor_cohorts" c
            where c.repo_id = h.repo_id and c.months_since = 3
        ), 0) as retention_m3
    from "oss"."main"."fct_repo_health_monthly" h
    join "oss"."main"."dim_repo" d using (repo_id)
    left join recent_response r using (repo_id)
    left join recent_merges m  using (repo_id)
    left join release_gap g    using (repo_id)
    where h.month_start = (select month_start from latest)

),

ranked as (

    select
        *,
        -- higher rank = healthier. Metrics where lower is better are flipped
        -- with desc. nulls last on flipped metrics means "no data" does NOT
        -- score as worst.
        percent_rank() over (order by bus_factor_50 nulls first)              as bus_factor_score,
        percent_rank() over (order by distinct_pr_authors_90d)                as maintainer_activity_score,
        percent_rank() over (order by ttfr_p50_hours desc nulls last)         as response_time_score,
        percent_rank() over (order by unresponded_rate desc nulls last)       as unresponded_score,
        percent_rank() over (order by bugs_open_at_month_end desc nulls last) as bug_backlog_score,
        percent_rank() over (order by retention_m3)                           as contributor_retention_score
    from base

),

w as (

    select
        max(case when component = 'bus_factor_score' then weight_balanced end)            as w_bus,
        max(case when component = 'maintainer_activity_score' then weight_balanced end)   as w_act,
        max(case when component = 'response_time_score' then weight_balanced end)         as w_resp,
        max(case when component = 'unresponded_score' then weight_balanced end)           as w_unresp,
        max(case when component = 'bug_backlog_score' then weight_balanced end)           as w_bug,
        max(case when component = 'contributor_retention_score' then weight_balanced end) as w_ret
    from "oss"."main"."score_weights"

),

scored as (

    select
        r.*,
        round(100 * (
            r.bus_factor_score * w.w_bus
          + r.maintainer_activity_score * w.w_act
          + r.response_time_score * w.w_resp
          + r.unresponded_score * w.w_unresp
          + r.bug_backlog_score * w.w_bug
          + r.contributor_retention_score * w.w_ret
        ), 1) as health_score
    from ranked r cross join w

)

select
    *,
    case ntile(4) over (order by health_score)
        when 1 then 'critical'
        when 2 then 'at_risk'
        when 3 then 'stable'
        else 'healthy'
    end as health_tier
from scored
    );
    
  
[0m01:02:42.775520 [debug] [Thread-2 (]: SQL status: OK in 0.095 seconds
[0m01:02:42.776663 [debug] [Thread-2 (]: Using duckdb connection "model.oss_intel.fct_repo_health_current"
[0m01:02:42.777663 [debug] [Thread-2 (]: On model.oss_intel.fct_repo_health_current: /* {"app": "dbt", "dbt_version": "1.12.5", "profile_name": "oss_intel", "target_name": "dev", "node_id": "model.oss_intel.fct_repo_health_current"} */

    SELECT index_name
    FROM duckdb_indexes()
    WHERE database_name = 'oss'
      AND schema_name = 'main'
      AND table_name = 'fct_repo_health_current'
  
[0m01:02:42.778655 [debug] [Thread-2 (]: SQL status: OK in 0.000 seconds
[0m01:02:42.780309 [debug] [Thread-2 (]: Using duckdb connection "model.oss_intel.fct_repo_health_current"
[0m01:02:42.780309 [debug] [Thread-2 (]: On model.oss_intel.fct_repo_health_current: /* {"app": "dbt", "dbt_version": "1.12.5", "profile_name": "oss_intel", "target_name": "dev", "node_id": "model.oss_intel.fct_repo_health_current"} */
alter table "oss"."main"."fct_repo_health_current" rename to "fct_repo_health_current__dbt_backup"
[0m01:02:42.780309 [debug] [Thread-2 (]: SQL status: OK in 0.000 seconds
[0m01:02:42.782378 [debug] [Thread-2 (]: Using duckdb connection "model.oss_intel.fct_repo_health_current"
[0m01:02:42.782378 [debug] [Thread-2 (]: On model.oss_intel.fct_repo_health_current: /* {"app": "dbt", "dbt_version": "1.12.5", "profile_name": "oss_intel", "target_name": "dev", "node_id": "model.oss_intel.fct_repo_health_current"} */
alter table "oss"."main"."fct_repo_health_current__dbt_tmp" rename to "fct_repo_health_current"
[0m01:02:42.783380 [debug] [Thread-2 (]: SQL status: OK in 0.000 seconds
[0m01:02:42.784386 [debug] [Thread-2 (]: On model.oss_intel.fct_repo_health_current: COMMIT
[0m01:02:42.784386 [debug] [Thread-2 (]: Using duckdb connection "model.oss_intel.fct_repo_health_current"
[0m01:02:42.784386 [debug] [Thread-2 (]: On model.oss_intel.fct_repo_health_current: COMMIT
[0m01:02:42.785386 [debug] [Thread-2 (]: SQL status: OK in 0.001 seconds
[0m01:02:42.786378 [debug] [Thread-2 (]: Using duckdb connection "model.oss_intel.fct_repo_health_current"
[0m01:02:42.787385 [debug] [Thread-2 (]: On model.oss_intel.fct_repo_health_current: /* {"app": "dbt", "dbt_version": "1.12.5", "profile_name": "oss_intel", "target_name": "dev", "node_id": "model.oss_intel.fct_repo_health_current"} */

      drop table if exists "oss"."main"."fct_repo_health_current__dbt_backup" cascade
    
[0m01:02:42.788381 [debug] [Thread-2 (]: SQL status: OK in 0.001 seconds
[0m01:02:42.788381 [debug] [Thread-2 (]: On model.oss_intel.fct_repo_health_current: Close
[0m01:02:42.788381 [debug] [Thread-2 (]: Sending event: {'category': 'dbt', 'action': 'run_model', 'label': 'a867adec-cde0-49f3-97ce-67bc1b8770dc', 'context': [<snowplow_tracker.self_describing_json.SelfDescribingJson object at 0x0000013923711AF0>]}
[0m01:02:42.788381 [info ] [Thread-2 (]: 34 of 39 OK created sql table model main.fct_repo_health_current ............... [[32mOK[0m in 0.12s]
[0m01:02:42.788381 [debug] [Thread-2 (]: Finished running node model.oss_intel.fct_repo_health_current
[0m01:02:42.788381 [debug] [Thread-3 (]: Began running node test.oss_intel.accepted_values_fct_repo_health_current_health_tier__critical__at_risk__stable__healthy.9a342e5ed4
[0m01:02:42.788381 [debug] [Thread-4 (]: Began running node test.oss_intel.assert_health_score_in_bounds
[0m01:02:42.788381 [debug] [Thread-1 (]: Began running node test.oss_intel.not_null_fct_repo_health_current_health_score.c591e59468
[0m01:02:42.788381 [info ] [Thread-3 (]: 35 of 39 START test accepted_values_fct_repo_health_current_health_tier__critical__at_risk__stable__healthy  [RUN]
[0m01:02:42.788381 [debug] [Thread-2 (]: Began running node test.oss_intel.not_null_fct_repo_health_current_repo_id.d840f5a59f
[0m01:02:42.788381 [info ] [Thread-4 (]: 36 of 39 START test assert_health_score_in_bounds .............................. [RUN]
[0m01:02:42.788381 [debug] [Thread-3 (]: Re-using an available connection from the pool (formerly test.oss_intel.not_null_fct_contributor_cohorts_retention_rate.88e22f68cf, now test.oss_intel.accepted_values_fct_repo_health_current_health_tier__critical__at_risk__stable__healthy.9a342e5ed4)
[0m01:02:42.788381 [info ] [Thread-1 (]: 37 of 39 START test not_null_fct_repo_health_current_health_score .............. [RUN]
[0m01:02:42.788381 [debug] [Thread-4 (]: Re-using an available connection from the pool (formerly test.oss_intel.assert_retention_rate_in_bounds, now test.oss_intel.assert_health_score_in_bounds)
[0m01:02:42.788381 [info ] [Thread-2 (]: 38 of 39 START test not_null_fct_repo_health_current_repo_id ................... [RUN]
[0m01:02:42.788381 [debug] [Thread-3 (]: Began compiling node test.oss_intel.accepted_values_fct_repo_health_current_health_tier__critical__at_risk__stable__healthy.9a342e5ed4
[0m01:02:42.788381 [debug] [Thread-1 (]: Re-using an available connection from the pool (formerly test.oss_intel.relationships_fct_repo_health_monthly_repo_id__repo_id__ref_dim_repo_.0c80c8c8ec, now test.oss_intel.not_null_fct_repo_health_current_health_score.c591e59468)
[0m01:02:42.788381 [debug] [Thread-4 (]: Began compiling node test.oss_intel.assert_health_score_in_bounds
[0m01:02:42.788381 [debug] [Thread-2 (]: Re-using an available connection from the pool (formerly model.oss_intel.fct_repo_health_current, now test.oss_intel.not_null_fct_repo_health_current_repo_id.d840f5a59f)
[0m01:02:42.799843 [debug] [Thread-3 (]: Writing injected SQL for node "test.oss_intel.accepted_values_fct_repo_health_current_health_tier__critical__at_risk__stable__healthy.9a342e5ed4"
[0m01:02:42.799843 [debug] [Thread-1 (]: Began compiling node test.oss_intel.not_null_fct_repo_health_current_health_score.c591e59468
[0m01:02:42.800850 [debug] [Thread-4 (]: Writing injected SQL for node "test.oss_intel.assert_health_score_in_bounds"
[0m01:02:42.800850 [debug] [Thread-2 (]: Began compiling node test.oss_intel.not_null_fct_repo_health_current_repo_id.d840f5a59f
[0m01:02:42.805345 [debug] [Thread-1 (]: Writing injected SQL for node "test.oss_intel.not_null_fct_repo_health_current_health_score.c591e59468"
[0m01:02:42.812390 [debug] [Thread-2 (]: Writing injected SQL for node "test.oss_intel.not_null_fct_repo_health_current_repo_id.d840f5a59f"
[0m01:02:42.813346 [debug] [Thread-3 (]: Began executing node test.oss_intel.accepted_values_fct_repo_health_current_health_tier__critical__at_risk__stable__healthy.9a342e5ed4
[0m01:02:42.815352 [debug] [Thread-3 (]: Writing runtime sql for node "test.oss_intel.accepted_values_fct_repo_health_current_health_tier__critical__at_risk__stable__healthy.9a342e5ed4"
[0m01:02:42.815352 [debug] [Thread-4 (]: Began executing node test.oss_intel.assert_health_score_in_bounds
[0m01:02:42.817732 [debug] [Thread-4 (]: Writing runtime sql for node "test.oss_intel.assert_health_score_in_bounds"
[0m01:02:42.817732 [debug] [Thread-2 (]: Began executing node test.oss_intel.not_null_fct_repo_health_current_repo_id.d840f5a59f
[0m01:02:42.818733 [debug] [Thread-1 (]: Began executing node test.oss_intel.not_null_fct_repo_health_current_health_score.c591e59468
[0m01:02:42.819732 [debug] [Thread-2 (]: Writing runtime sql for node "test.oss_intel.not_null_fct_repo_health_current_repo_id.d840f5a59f"
[0m01:02:42.820742 [debug] [Thread-1 (]: Writing runtime sql for node "test.oss_intel.not_null_fct_repo_health_current_health_score.c591e59468"
[0m01:02:42.821731 [debug] [Thread-3 (]: Using duckdb connection "test.oss_intel.accepted_values_fct_repo_health_current_health_tier__critical__at_risk__stable__healthy.9a342e5ed4"
[0m01:02:42.822737 [debug] [Thread-3 (]: On test.oss_intel.accepted_values_fct_repo_health_current_health_tier__critical__at_risk__stable__healthy.9a342e5ed4: BEGIN
[0m01:02:42.824082 [debug] [Thread-4 (]: Using duckdb connection "test.oss_intel.assert_health_score_in_bounds"
[0m01:02:42.824082 [debug] [Thread-3 (]: Opening a new connection, currently in state closed
[0m01:02:42.825092 [debug] [Thread-4 (]: On test.oss_intel.assert_health_score_in_bounds: BEGIN
[0m01:02:42.825092 [debug] [Thread-2 (]: Using duckdb connection "test.oss_intel.not_null_fct_repo_health_current_repo_id.d840f5a59f"
[0m01:02:42.826091 [debug] [Thread-4 (]: Opening a new connection, currently in state closed
[0m01:02:42.826091 [debug] [Thread-1 (]: Using duckdb connection "test.oss_intel.not_null_fct_repo_health_current_health_score.c591e59468"
[0m01:02:42.827091 [debug] [Thread-2 (]: On test.oss_intel.not_null_fct_repo_health_current_repo_id.d840f5a59f: BEGIN
[0m01:02:42.827091 [debug] [Thread-3 (]: SQL status: OK in 0.002 seconds
[0m01:02:42.827091 [debug] [Thread-1 (]: On test.oss_intel.not_null_fct_repo_health_current_health_score.c591e59468: BEGIN
[0m01:02:42.828089 [debug] [Thread-2 (]: Opening a new connection, currently in state closed
[0m01:02:42.828089 [debug] [Thread-4 (]: SQL status: OK in 0.002 seconds
[0m01:02:42.828089 [debug] [Thread-3 (]: Using duckdb connection "test.oss_intel.accepted_values_fct_repo_health_current_health_tier__critical__at_risk__stable__healthy.9a342e5ed4"
[0m01:02:42.828089 [debug] [Thread-1 (]: Opening a new connection, currently in state closed
[0m01:02:42.829106 [debug] [Thread-4 (]: Using duckdb connection "test.oss_intel.assert_health_score_in_bounds"
[0m01:02:42.829106 [debug] [Thread-3 (]: On test.oss_intel.accepted_values_fct_repo_health_current_health_tier__critical__at_risk__stable__healthy.9a342e5ed4: /* {"app": "dbt", "dbt_version": "1.12.5", "profile_name": "oss_intel", "target_name": "dev", "node_id": "test.oss_intel.accepted_values_fct_repo_health_current_health_tier__critical__at_risk__stable__healthy.9a342e5ed4"} */

    
    select
      count(*) as failures,
      count(*) != 0 as should_warn,
      count(*) != 0 as should_error
    from (
      
    
  
    
    

with all_values as (

    select
        health_tier as value_field,
        count(*) as n_records

    from "oss"."main"."fct_repo_health_current"
    group by health_tier

)

select *
from all_values
where value_field not in (
    'critical','at_risk','stable','healthy'
)



  
  
      
    ) dbt_internal_test
[0m01:02:42.830090 [debug] [Thread-2 (]: SQL status: OK in 0.002 seconds
[0m01:02:42.830090 [debug] [Thread-4 (]: On test.oss_intel.assert_health_score_in_bounds: /* {"app": "dbt", "dbt_version": "1.12.5", "profile_name": "oss_intel", "target_name": "dev", "node_id": "test.oss_intel.assert_health_score_in_bounds"} */

    
    select
      count(*) as failures,
      count(*) != 0 as should_warn,
      count(*) != 0 as should_error
    from (
      
    
  select repo_id, health_score from "oss"."main"."fct_repo_health_current"
where health_score < 0 or health_score > 100
  
  
      
    ) dbt_internal_test
[0m01:02:42.830090 [debug] [Thread-2 (]: Using duckdb connection "test.oss_intel.not_null_fct_repo_health_current_repo_id.d840f5a59f"
[0m01:02:42.831091 [debug] [Thread-1 (]: SQL status: OK in 0.002 seconds
[0m01:02:42.831091 [debug] [Thread-2 (]: On test.oss_intel.not_null_fct_repo_health_current_repo_id.d840f5a59f: /* {"app": "dbt", "dbt_version": "1.12.5", "profile_name": "oss_intel", "target_name": "dev", "node_id": "test.oss_intel.not_null_fct_repo_health_current_repo_id.d840f5a59f"} */

    
    select
      count(*) as failures,
      count(*) != 0 as should_warn,
      count(*) != 0 as should_error
    from (
      
    
  
    
    



select repo_id
from "oss"."main"."fct_repo_health_current"
where repo_id is null



  
  
      
    ) dbt_internal_test
[0m01:02:42.831091 [debug] [Thread-3 (]: SQL status: OK in 0.001 seconds
[0m01:02:42.831091 [debug] [Thread-1 (]: Using duckdb connection "test.oss_intel.not_null_fct_repo_health_current_health_score.c591e59468"
[0m01:02:42.831091 [debug] [Thread-4 (]: SQL status: OK in 0.001 seconds
[0m01:02:42.831091 [debug] [Thread-1 (]: On test.oss_intel.not_null_fct_repo_health_current_health_score.c591e59468: /* {"app": "dbt", "dbt_version": "1.12.5", "profile_name": "oss_intel", "target_name": "dev", "node_id": "test.oss_intel.not_null_fct_repo_health_current_health_score.c591e59468"} */

    
    select
      count(*) as failures,
      count(*) != 0 as should_warn,
      count(*) != 0 as should_error
    from (
      
    
  
    
    



select health_score
from "oss"."main"."fct_repo_health_current"
where health_score is null



  
  
      
    ) dbt_internal_test
[0m01:02:42.831091 [debug] [Thread-3 (]: On test.oss_intel.accepted_values_fct_repo_health_current_health_tier__critical__at_risk__stable__healthy.9a342e5ed4: ROLLBACK
[0m01:02:42.831091 [debug] [Thread-2 (]: SQL status: OK in 0.002 seconds
[0m01:02:42.831091 [debug] [Thread-4 (]: On test.oss_intel.assert_health_score_in_bounds: ROLLBACK
[0m01:02:42.831091 [debug] [Thread-2 (]: On test.oss_intel.not_null_fct_repo_health_current_repo_id.d840f5a59f: ROLLBACK
[0m01:02:42.831091 [debug] [Thread-4 (]: On test.oss_intel.assert_health_score_in_bounds: Close
[0m01:02:42.838287 [debug] [Thread-2 (]: On test.oss_intel.not_null_fct_repo_health_current_repo_id.d840f5a59f: Close
[0m01:02:42.838287 [debug] [Thread-3 (]: On test.oss_intel.accepted_values_fct_repo_health_current_health_tier__critical__at_risk__stable__healthy.9a342e5ed4: Close
[0m01:02:42.831091 [debug] [Thread-1 (]: SQL status: OK in 0.002 seconds
[0m01:02:42.839419 [info ] [Thread-4 (]: 36 of 39 PASS assert_health_score_in_bounds .................................... [[32mPASS[0m in 0.05s]
[0m01:02:42.839419 [info ] [Thread-2 (]: 38 of 39 PASS not_null_fct_repo_health_current_repo_id ......................... [[32mPASS[0m in 0.05s]
[0m01:02:42.840419 [info ] [Thread-3 (]: 35 of 39 PASS accepted_values_fct_repo_health_current_health_tier__critical__at_risk__stable__healthy  [[32mPASS[0m in 0.05s]
[0m01:02:42.841418 [debug] [Thread-4 (]: Finished running node test.oss_intel.assert_health_score_in_bounds
[0m01:02:42.842425 [debug] [Thread-1 (]: On test.oss_intel.not_null_fct_repo_health_current_health_score.c591e59468: ROLLBACK
[0m01:02:42.842425 [debug] [Thread-2 (]: Finished running node test.oss_intel.not_null_fct_repo_health_current_repo_id.d840f5a59f
[0m01:02:42.843417 [debug] [Thread-3 (]: Finished running node test.oss_intel.accepted_values_fct_repo_health_current_health_tier__critical__at_risk__stable__healthy.9a342e5ed4
[0m01:02:42.843417 [debug] [Thread-4 (]: Began running node test.oss_intel.unique_fct_repo_health_current_repo_id.e11f11429d
[0m01:02:42.844418 [debug] [Thread-1 (]: On test.oss_intel.not_null_fct_repo_health_current_health_score.c591e59468: Close
[0m01:02:42.844418 [info ] [Thread-4 (]: 39 of 39 START test unique_fct_repo_health_current_repo_id ..................... [RUN]
[0m01:02:42.845419 [debug] [Thread-4 (]: Re-using an available connection from the pool (formerly test.oss_intel.assert_health_score_in_bounds, now test.oss_intel.unique_fct_repo_health_current_repo_id.e11f11429d)
[0m01:02:42.845419 [info ] [Thread-1 (]: 37 of 39 PASS not_null_fct_repo_health_current_health_score .................... [[32mPASS[0m in 0.06s]
[0m01:02:42.846420 [debug] [Thread-4 (]: Began compiling node test.oss_intel.unique_fct_repo_health_current_repo_id.e11f11429d
[0m01:02:42.846420 [debug] [Thread-1 (]: Finished running node test.oss_intel.not_null_fct_repo_health_current_health_score.c591e59468
[0m01:02:42.855605 [debug] [Thread-4 (]: Writing injected SQL for node "test.oss_intel.unique_fct_repo_health_current_repo_id.e11f11429d"
[0m01:02:42.855605 [debug] [Thread-4 (]: Began executing node test.oss_intel.unique_fct_repo_health_current_repo_id.e11f11429d
[0m01:02:42.863622 [debug] [Thread-4 (]: Writing runtime sql for node "test.oss_intel.unique_fct_repo_health_current_repo_id.e11f11429d"
[0m01:02:42.864036 [debug] [Thread-4 (]: Using duckdb connection "test.oss_intel.unique_fct_repo_health_current_repo_id.e11f11429d"
[0m01:02:42.866055 [debug] [Thread-4 (]: On test.oss_intel.unique_fct_repo_health_current_repo_id.e11f11429d: BEGIN
[0m01:02:42.868080 [debug] [Thread-4 (]: Opening a new connection, currently in state closed
[0m01:02:42.868080 [debug] [Thread-4 (]: SQL status: OK in 0.002 seconds
[0m01:02:42.868080 [debug] [Thread-4 (]: Using duckdb connection "test.oss_intel.unique_fct_repo_health_current_repo_id.e11f11429d"
[0m01:02:42.868080 [debug] [Thread-4 (]: On test.oss_intel.unique_fct_repo_health_current_repo_id.e11f11429d: /* {"app": "dbt", "dbt_version": "1.12.5", "profile_name": "oss_intel", "target_name": "dev", "node_id": "test.oss_intel.unique_fct_repo_health_current_repo_id.e11f11429d"} */

    
    select
      count(*) as failures,
      count(*) != 0 as should_warn,
      count(*) != 0 as should_error
    from (
      
    
  
    
    

select
    repo_id as unique_field,
    count(*) as n_records

from "oss"."main"."fct_repo_health_current"
where repo_id is not null
group by repo_id
having count(*) > 1



  
  
      
    ) dbt_internal_test
[0m01:02:42.875848 [debug] [Thread-4 (]: SQL status: OK in 0.006 seconds
[0m01:02:42.875848 [debug] [Thread-4 (]: On test.oss_intel.unique_fct_repo_health_current_repo_id.e11f11429d: ROLLBACK
[0m01:02:42.880536 [debug] [Thread-4 (]: On test.oss_intel.unique_fct_repo_health_current_repo_id.e11f11429d: Close
[0m01:02:42.881625 [info ] [Thread-4 (]: 39 of 39 PASS unique_fct_repo_health_current_repo_id ........................... [[32mPASS[0m in 0.04s]
[0m01:02:42.882542 [debug] [Thread-4 (]: Finished running node test.oss_intel.unique_fct_repo_health_current_repo_id.e11f11429d
[0m01:02:42.885624 [debug] [MainThread]: Using duckdb connection "master"
[0m01:02:42.886622 [debug] [MainThread]: On master: BEGIN
[0m01:02:42.886622 [debug] [MainThread]: Opening a new connection, currently in state closed
[0m01:02:42.888992 [debug] [MainThread]: SQL status: OK in 0.002 seconds
[0m01:02:42.888992 [debug] [MainThread]: On master: COMMIT
[0m01:02:42.890204 [debug] [MainThread]: Using duckdb connection "master"
[0m01:02:42.891206 [debug] [MainThread]: On master: COMMIT
[0m01:02:42.892182 [debug] [MainThread]: SQL status: OK in 0.000 seconds
[0m01:02:42.892182 [debug] [MainThread]: On master: Close
[0m01:02:42.893224 [debug] [MainThread]: Connection 'master' was properly closed.
[0m01:02:42.894457 [debug] [MainThread]: Connection 'create_oss_main' was properly closed.
[0m01:02:42.895697 [debug] [MainThread]: Connection 'list_oss_main' was properly closed.
[0m01:02:42.895697 [debug] [MainThread]: Connection 'test.oss_intel.not_null_fct_repo_health_current_repo_id.d840f5a59f' was properly closed.
[0m01:02:42.896933 [debug] [MainThread]: Connection 'test.oss_intel.not_null_fct_repo_health_current_health_score.c591e59468' was properly closed.
[0m01:02:42.898033 [debug] [MainThread]: Connection 'test.oss_intel.accepted_values_fct_repo_health_current_health_tier__critical__at_risk__stable__healthy.9a342e5ed4' was properly closed.
[0m01:02:42.898033 [debug] [MainThread]: Connection 'test.oss_intel.unique_fct_repo_health_current_repo_id.e11f11429d' was properly closed.
[0m01:02:42.899368 [info ] [MainThread]: 
[0m01:02:42.903179 [info ] [MainThread]: Finished running 4 seeds, 10 table models, 20 data tests, 5 view models in 0 hours 0 minutes and 4.05 seconds (4.05s).
[0m01:02:42.915790 [debug] [MainThread]: Command end result
[0m01:02:43.017893 [debug] [MainThread]: Wrote artifact WritableManifest to C:\Users\ubedu\projects\oss-intel\target\manifest.json
[0m01:02:43.021918 [debug] [MainThread]: Wrote artifact SemanticManifest to C:\Users\ubedu\projects\oss-intel\target\semantic_manifest.json
[0m01:02:43.025934 [debug] [MainThread]: Wrote artifact OsiDocument to C:\Users\ubedu\projects\oss-intel\target\osi_document.json
[0m01:02:43.029689 [debug] [MainThread]: Wrote artifact RunExecutionResult to C:\Users\ubedu\projects\oss-intel\target\run_results.json
[0m01:02:43.029689 [info ] [MainThread]: 
[0m01:02:43.029689 [info ] [MainThread]: [32mCompleted successfully[0m
[0m01:02:43.029689 [info ] [MainThread]: 
[0m01:02:43.029689 [info ] [MainThread]: Done. PASS=39 WARN=0 ERROR=0 SKIP=0 NO-OP=0 REUSED=0 TOTAL=39
[0m01:02:43.029689 [warn ] [MainThread]: [[33mWARNING[0m][DeprecationsSummary]: Deprecated functionality
Summary of encountered deprecations:
- MissingArgumentsPropertyInGenericTestDeprecation: 2 occurrences
To see all deprecation instances instead of just the first occurrence of each,
run command again with the `--show-all-deprecations` flag. You may also need to
run with `--no-partial-parse` as some deprecations are only encountered during
parsing.
[0m01:02:43.029689 [debug] [MainThread]: Command `dbt build` succeeded at 01:02:43.029689 after 6.35 seconds
[0m01:02:43.029689 [debug] [MainThread]: Sending event: {'category': 'dbt', 'action': 'invocation', 'label': 'end', 'context': [<snowplow_tracker.self_describing_json.SelfDescribingJson object at 0x000001391FD86EA0>, <snowplow_tracker.self_describing_json.SelfDescribingJson object at 0x000001391CA52450>, <snowplow_tracker.self_describing_json.SelfDescribingJson object at 0x0000013923B2D0D0>]}
[0m01:02:43.029689 [debug] [MainThread]: Flushing usage events
[0m01:02:45.441523 [debug] [MainThread]: An error was encountered while trying to flush usage events
